plant_type,soil_pct,temperature,humidity,light
money_plant,0.0,30.8,69.2,19.17
snake_plant,0.0,30.8,69.2,19.17
cactus,0.0,30.8,69.2,19.17
money_plant,0.0,31.0,68.8,19.17
snake_plant,0.0,31.0,68.8,19.17
cactus,0.0,31.0,68.8,19.17
money_plant,64.24,32.2,70.9,1224.17
snake_plant,70.39,32.2,70.9,1224.17
cactus,90.11,32.2,70.9,1224.17
money_plant,64.59,32.3,70.6,922.5
snake_plant,70.3,32.3,70.6,922.5
cactus,90.23,32.3,70.6,922.5
money_plant,64.53,32.4,70.2,975.83
snake_plant,70.52,32.4,70.2,975.83
cactus,90.26,32.4,70.2,975.83
money_plant,64.41,32.4,69.7,1192.5
snake_plant,70.08,32.4,69.7,1192.5
cactus,90.62,32.4,69.7,1192.5
money_plant,64.47,32.4,70.0,1619.17
snake_plant,70.49,32.4,70.0,1619.17
cactus,90.35,32.4,70.0,1619.17
money_plant,64.47,32.4,70.0,1564.17
snake_plant,70.58,32.4,70.0,1564.17
cactus,90.35,32.4,70.0,1564.17
money_plant,64.41,32.5,69.8,1663.33
snake_plant,70.52,32.5,69.8,1663.33
cactus,90.47,32.5,69.8,1663.33
money_plant,64.44,32.5,69.8,1613.33
snake_plant,70.99,32.5,69.8,1613.33
cactus,90.32,32.5,69.8,1613.33
money_plant,64.56,32.5,69.7,1186.67
snake_plant,71.36,32.5,69.7,1186.67
cactus,90.32,32.5,69.7,1186.67
money_plant,64.59,32.5,69.7,1305.83
snake_plant,71.86,32.5,69.7,1305.83
cactus,89.8,32.5,69.7,1305.83
money_plant,64.27,32.5,69.3,1391.67
snake_plant,71.99,32.5,69.3,1391.67
cactus,90.29,32.5,69.3,1391.67
money_plant,64.47,32.5,69.4,1576.67
snake_plant,72.14,32.5,69.4,1576.67
cactus,90.08,32.5,69.4,1576.67
money_plant,64.47,32.6,69.3,1525.0
snake_plant,72.58,32.6,69.3,1525.0
cactus,90.2,32.6,69.3,1525.0
money_plant,63.91,32.7,68.9,1510.83
snake_plant,72.61,32.7,68.9,1510.83
cactus,89.98,32.7,68.9,1510.83
money_plant,64.0,32.6,67.9,1170.0
snake_plant,72.99,32.6,67.9,1170.0
cactus,90.11,32.6,67.9,1170.0
money_plant,64.0,32.5,69.4,839.17
snake_plant,73.18,32.5,69.4,839.17
cactus,90.11,32.5,69.4,839.17
money_plant,64.06,32.4,69.8,720.0
snake_plant,72.99,32.4,69.8,720.0
cactus,89.89,32.4,69.8,720.0
money_plant,63.97,32.4,69.6,704.17
snake_plant,73.58,32.4,69.6,704.17
cactus,89.74,32.4,69.6,704.17
money_plant,64.0,32.3,69.8,550.0
snake_plant,74.02,32.3,69.8,550.0
cactus,88.25,32.3,69.8,550.0
money_plant,64.39,32.2,70.1,455.0
snake_plant,74.43,32.2,70.1,455.0
cactus,89.65,32.2,70.1,455.0
money_plant,64.3,32.1,69.2,227.5
snake_plant,68.04,32.1,69.2,227.5
cactus,89.59,32.1,69.2,227.5
money_plant,64.12,32.1,70.3,161.67
snake_plant,74.68,32.1,70.3,161.67
cactus,89.59,32.1,70.3,161.67
money_plant,65.54,32.1,70.3,155.83
snake_plant,74.8,32.1,70.3,155.83
cactus,89.38,32.1,70.3,155.83
money_plant,64.06,32.0,70.4,152.5
snake_plant,74.93,32.0,70.4,152.5
cactus,89.32,32.0,70.4,152.5
money_plant,64.33,31.9,70.4,149.17
snake_plant,75.68,31.9,70.4,149.17
cactus,88.77,31.9,70.4,149.17
money_plant,64.44,32.0,70.3,150.0
snake_plant,75.93,32.0,70.3,150.0
cactus,88.47,32.0,70.3,150.0
money_plant,64.3,31.9,70.4,170.0
snake_plant,75.99,31.9,70.4,170.0
cactus,88.44,31.9,70.4,170.0
money_plant,64.36,31.8,70.5,195.0
snake_plant,76.18,31.8,70.5,195.0
cactus,88.35,31.8,70.5,195.0
money_plant,64.41,31.9,70.5,216.67
snake_plant,76.37,31.9,70.5,216.67
cactus,88.13,31.9,70.5,216.67
money_plant,64.41,31.8,70.5,236.67
snake_plant,76.06,31.8,70.5,236.67
cactus,87.77,31.8,70.5,236.67
money_plant,64.36,31.9,70.2,260.83
snake_plant,76.43,31.9,70.2,260.83
cactus,87.65,31.9,70.2,260.83
money_plant,64.3,31.9,70.3,280.83
snake_plant,76.65,31.9,70.3,280.83
cactus,87.37,31.9,70.3,280.83
money_plant,64.03,31.9,70.3,310.83
snake_plant,76.74,31.9,70.3,310.83
cactus,87.28,31.9,70.3,310.83
money_plant,64.15,32.0,70.4,360.0
snake_plant,76.59,32.0,70.4,360.0
cactus,87.22,32.0,70.4,360.0
money_plant,63.97,32.0,70.2,398.33
snake_plant,76.68,32.0,70.2,398.33
cactus,87.1,32.0,70.2,398.33
money_plant,64.36,32.1,70.1,501.67
snake_plant,77.03,32.1,70.1,501.67
cactus,86.89,32.1,70.1,501.67
money_plant,64.0,32.1,69.9,737.5
snake_plant,77.06,32.1,69.9,737.5
cactus,86.8,32.1,69.9,737.5
money_plant,64.24,32.1,69.7,778.33
snake_plant,76.93,32.1,69.7,778.33
cactus,86.59,32.1,69.7,778.33
money_plant,64.24,32.3,69.4,884.17
snake_plant,77.37,32.3,69.4,884.17
cactus,86.46,32.3,69.4,884.17
money_plant,64.09,32.3,69.0,834.17
snake_plant,77.18,32.3,69.0,834.17
cactus,86.74,32.3,69.0,834.17
money_plant,63.94,32.4,68.7,717.5
snake_plant,80.13,32.4,68.7,717.5
cactus,86.31,32.4,68.7,717.5
money_plant,64.12,32.4,68.6,674.17
snake_plant,77.53,32.4,68.6,674.17
cactus,86.01,32.4,68.6,674.17
money_plant,63.88,32.5,68.5,768.33
snake_plant,77.31,32.5,68.5,768.33
cactus,86.37,32.5,68.5,768.33
money_plant,63.82,32.6,68.3,916.67
snake_plant,77.37,32.6,68.3,916.67
cactus,86.1,32.6,68.3,916.67
money_plant,63.53,32.7,68.1,1135.0
snake_plant,77.37,32.7,68.1,1135.0
cactus,85.95,32.7,68.1,1135.0
money_plant,63.32,32.8,68.1,1338.33
snake_plant,77.37,32.8,68.1,1338.33
cactus,86.19,32.8,68.1,1338.33
money_plant,63.44,32.7,67.9,1296.67
snake_plant,77.65,32.7,67.9,1296.67
cactus,86.01,32.7,67.9,1296.67
money_plant,63.11,32.7,68.4,1105.0
snake_plant,77.59,32.7,68.4,1105.0
cactus,85.86,32.7,68.4,1105.0
money_plant,63.02,32.8,68.5,963.33
snake_plant,77.59,32.8,68.5,963.33
cactus,85.71,32.8,68.5,963.33
money_plant,65.07,32.8,68.6,920.0
snake_plant,77.78,32.8,68.6,920.0
cactus,85.71,32.8,68.6,920.0
money_plant,62.81,32.8,68.4,851.67
snake_plant,77.59,32.8,68.4,851.67
cactus,85.43,32.8,68.4,851.67
money_plant,62.58,32.9,68.1,1164.17
snake_plant,77.81,32.9,68.1,1164.17
cactus,85.34,32.9,68.1,1164.17
money_plant,62.34,33.0,67.6,1419.17
snake_plant,77.75,33.0,67.6,1419.17
cactus,84.4,33.0,67.6,1419.17
money_plant,62.07,33.1,67.7,1449.17
snake_plant,80.13,33.1,67.7,1449.17
cactus,85.1,33.1,67.7,1449.17
money_plant,62.16,33.1,67.5,1309.17
snake_plant,78.12,33.1,67.5,1309.17
cactus,84.95,33.1,67.5,1309.17
money_plant,61.99,33.1,67.0,1176.67
snake_plant,79.03,33.1,67.0,1176.67
cactus,84.95,33.1,67.0,1176.67
money_plant,61.78,33.2,67.1,1241.67
snake_plant,79.19,33.2,67.1,1241.67
cactus,85.28,33.2,67.1,1241.67
money_plant,61.45,33.2,66.9,1321.67
snake_plant,79.44,33.2,66.9,1321.67
cactus,85.04,33.2,66.9,1321.67
money_plant,61.63,33.2,66.7,1324.17
snake_plant,79.53,33.2,66.7,1324.17
cactus,85.04,33.2,66.7,1324.17
money_plant,60.89,33.2,66.9,1369.17
snake_plant,80.13,33.2,66.9,1369.17
cactus,84.98,33.2,66.9,1369.17
money_plant,61.27,33.2,66.8,1374.17
snake_plant,80.13,33.2,66.8,1374.17
cactus,85.01,33.2,66.8,1374.17
money_plant,61.04,33.2,66.2,1331.67
snake_plant,80.13,33.2,66.2,1331.67
cactus,84.86,33.2,66.2,1331.67
money_plant,60.8,33.3,65.1,1229.17
snake_plant,81.88,33.3,65.1,1229.17
cactus,84.67,33.3,65.1,1229.17
money_plant,60.68,33.3,65.2,1215.0
snake_plant,80.44,33.3,65.2,1215.0
cactus,84.55,33.3,65.2,1215.0
money_plant,60.0,33.3,64.9,1261.67
snake_plant,80.59,33.3,64.9,1261.67
cactus,84.46,33.3,64.9,1261.67
money_plant,60.0,33.3,64.2,1295.83
snake_plant,80.59,33.3,64.2,1295.83
cactus,84.52,33.3,64.2,1295.83
money_plant,59.7,33.3,64.9,1251.67
snake_plant,80.59,33.3,64.9,1251.67
cactus,84.43,33.3,64.9,1251.67
money_plant,59.5,33.3,64.9,1229.17
snake_plant,80.59,33.3,64.9,1229.17
cactus,84.43,33.3,64.9,1229.17
money_plant,58.9,33.3,64.9,1220.83
snake_plant,80.75,33.3,64.9,1220.83
cactus,84.37,33.3,64.9,1220.83
money_plant,58.79,33.3,64.2,1204.17
snake_plant,80.59,33.3,64.2,1204.17
cactus,84.19,33.3,64.2,1204.17
money_plant,58.34,33.5,64.7,1208.33
snake_plant,80.88,33.5,64.7,1208.33
cactus,84.1,33.5,64.7,1208.33
money_plant,58.19,33.4,63.9,1100.83
snake_plant,81.13,33.4,63.9,1100.83
cactus,84.13,33.4,63.9,1100.83
money_plant,57.9,33.4,64.1,1126.67
snake_plant,81.1,33.4,64.1,1126.67
cactus,83.95,33.4,64.1,1126.67
money_plant,57.33,33.4,64.1,1121.67
snake_plant,81.47,33.4,64.1,1121.67
cactus,83.92,33.4,64.1,1121.67
money_plant,56.5,33.4,64.1,1050.83
snake_plant,81.6,33.4,64.1,1050.83
cactus,83.98,33.4,64.1,1050.83
money_plant,56.68,33.4,64.3,1032.5
snake_plant,81.5,33.4,64.3,1032.5
cactus,83.85,33.4,64.3,1032.5
money_plant,56.39,33.5,63.6,947.5
snake_plant,81.6,33.5,63.6,947.5
cactus,83.82,33.5,63.6,947.5
money_plant,55.79,33.5,64.3,946.67
snake_plant,81.97,33.5,64.3,946.67
cactus,83.76,33.5,64.3,946.67
money_plant,55.44,33.5,64.0,935.83
snake_plant,82.03,33.5,64.0,935.83
cactus,83.58,33.5,64.0,935.83
money_plant,54.7,33.5,63.8,953.33
snake_plant,82.0,33.5,63.8,953.33
cactus,83.52,33.5,63.8,953.33
money_plant,54.4,33.5,64.2,963.33
snake_plant,82.19,33.5,64.2,963.33
cactus,83.43,33.5,64.2,963.33
money_plant,54.07,33.5,64.3,928.33
snake_plant,82.13,33.5,64.3,928.33
cactus,83.4,33.5,64.3,928.33
money_plant,53.57,33.4,64.4,882.5
snake_plant,82.38,33.4,64.4,882.5
cactus,83.34,33.4,64.4,882.5
money_plant,53.45,33.4,64.5,842.5
snake_plant,82.07,33.4,64.5,842.5
cactus,83.49,33.4,64.5,842.5
money_plant,52.92,33.4,64.7,667.5
snake_plant,82.1,33.4,64.7,667.5
cactus,82.22,33.4,64.7,667.5
money_plant,52.56,33.4,64.8,698.33
snake_plant,82.35,33.4,64.8,698.33
cactus,83.19,33.4,64.8,698.33
money_plant,52.33,33.4,64.9,755.0
snake_plant,82.38,33.4,64.9,755.0
cactus,83.16,33.4,64.9,755.0
money_plant,51.91,33.3,64.9,737.5
snake_plant,82.38,33.3,64.9,737.5
cactus,83.07,33.3,64.9,737.5
money_plant,51.64,33.3,65.0,782.5
snake_plant,82.41,33.3,65.0,782.5
cactus,83.0,33.3,65.0,782.5
money_plant,51.23,33.2,63.6,875.83
snake_plant,82.25,33.2,63.6,875.83
cactus,82.94,33.2,63.6,875.83
money_plant,50.96,33.2,65.0,896.67
snake_plant,82.54,33.2,65.0,896.67
cactus,83.0,33.2,65.0,896.67
money_plant,50.87,33.2,64.6,1020.83
snake_plant,82.38,33.2,64.6,1020.83
cactus,82.91,33.2,64.6,1020.83
money_plant,50.34,33.2,64.1,994.17
snake_plant,82.32,33.2,64.1,994.17
cactus,82.67,33.2,64.1,994.17
money_plant,50.31,33.3,63.8,988.33
snake_plant,82.44,33.3,63.8,988.33
cactus,82.7,33.3,63.8,988.33
money_plant,49.9,33.4,64.3,992.5
snake_plant,82.5,33.4,64.3,992.5
cactus,82.7,33.4,64.3,992.5
money_plant,49.75,33.5,63.8,1041.67
snake_plant,82.38,33.5,63.8,1041.67
cactus,82.52,33.5,63.8,1041.67
money_plant,49.54,33.4,63.6,1067.5
snake_plant,82.54,33.4,63.6,1067.5
cactus,82.19,33.4,63.6,1067.5
money_plant,49.42,33.5,62.6,1093.33
snake_plant,82.6,33.5,62.6,1093.33
cactus,82.06,33.5,62.6,1093.33
money_plant,49.24,33.6,63.2,1139.17
snake_plant,82.5,33.6,63.2,1139.17
cactus,82.31,33.6,63.2,1139.17
money_plant,48.86,33.6,63.4,1080.0
snake_plant,82.66,33.6,63.4,1080.0
cactus,82.55,33.6,63.4,1080.0
money_plant,48.8,33.7,63.3,971.67
snake_plant,82.6,33.7,63.3,971.67
cactus,82.49,33.7,63.3,971.67
money_plant,48.95,33.7,63.3,965.83
snake_plant,83.57,33.7,63.3,965.83
cactus,81.94,33.7,63.3,965.83
money_plant,48.41,33.7,63.0,1015.0
snake_plant,83.69,33.7,63.0,1015.0
cactus,81.94,33.7,63.0,1015.0
money_plant,48.24,33.8,62.9,1031.67
snake_plant,83.82,33.8,62.9,1031.67
cactus,81.88,33.8,62.9,1031.67
money_plant,49.39,33.8,62.4,859.17
snake_plant,84.01,33.8,62.4,859.17
cactus,81.97,33.8,62.4,859.17
money_plant,48.06,33.8,63.1,925.83
snake_plant,83.63,33.8,63.1,925.83
cactus,81.67,33.8,63.1,925.83
money_plant,48.71,33.8,62.4,975.0
snake_plant,84.04,33.8,62.4,975.0
cactus,81.76,33.8,62.4,975.0
money_plant,47.59,33.8,62.6,900.83
snake_plant,83.97,33.8,62.6,900.83
cactus,81.7,33.8,62.6,900.83
money_plant,47.64,33.8,63.0,870.83
snake_plant,83.94,33.8,63.0,870.83
cactus,82.03,33.8,63.0,870.83
money_plant,47.53,33.7,63.2,836.67
snake_plant,84.19,33.7,63.2,836.67
cactus,81.49,33.7,63.2,836.67
money_plant,47.32,33.7,63.2,795.0
snake_plant,83.91,33.7,63.2,795.0
cactus,81.64,33.7,63.2,795.0
money_plant,47.11,33.6,63.2,809.17
snake_plant,83.88,33.6,63.2,809.17
cactus,81.58,33.6,63.2,809.17
money_plant,47.17,33.6,63.4,785.0
snake_plant,84.1,33.6,63.4,785.0
cactus,81.49,33.6,63.4,785.0
money_plant,46.9,33.5,63.1,802.5
snake_plant,84.04,33.5,63.1,802.5
cactus,80.97,33.5,63.1,802.5
money_plant,46.81,33.5,62.8,821.67
snake_plant,83.88,33.5,62.8,821.67
cactus,79.79,33.5,62.8,821.67
money_plant,46.87,33.5,62.5,808.33
snake_plant,84.57,33.5,62.5,808.33
cactus,81.21,33.5,62.5,808.33
money_plant,46.61,33.4,63.4,795.0
snake_plant,84.6,33.4,63.4,795.0
cactus,81.15,33.4,63.4,795.0
money_plant,46.22,33.4,63.1,908.33
snake_plant,84.6,33.4,63.1,908.33
cactus,81.15,33.4,63.1,908.33
money_plant,46.34,33.5,63.3,886.67
snake_plant,84.13,33.5,63.3,886.67
cactus,81.06,33.5,63.3,886.67
money_plant,46.04,33.5,62.7,803.33
snake_plant,84.51,33.5,62.7,803.33
cactus,81.0,33.5,62.7,803.33
money_plant,45.96,33.4,63.5,802.5
snake_plant,84.57,33.4,63.5,802.5
cactus,80.97,33.4,63.5,802.5
money_plant,45.99,33.4,63.6,843.33
snake_plant,84.6,33.4,63.6,843.33
cactus,81.06,33.4,63.6,843.33
money_plant,45.78,33.5,63.6,910.83
snake_plant,84.6,33.5,63.6,910.83
cactus,81.0,33.5,63.6,910.83
money_plant,45.6,33.5,63.2,909.17
snake_plant,84.54,33.5,63.2,909.17
cactus,80.97,33.5,63.2,909.17
money_plant,45.78,33.6,63.1,935.0
snake_plant,84.54,33.6,63.1,935.0
cactus,80.61,33.6,63.1,935.0
money_plant,45.63,33.7,63.1,955.83
snake_plant,84.6,33.7,63.1,955.83
cactus,80.73,33.7,63.1,955.83
money_plant,45.51,33.6,62.9,900.0
snake_plant,84.69,33.6,62.9,900.0
cactus,80.7,33.6,62.9,900.0
money_plant,45.51,33.7,62.8,920.0
snake_plant,84.6,33.7,62.8,920.0
cactus,80.39,33.7,62.8,920.0
money_plant,45.51,33.7,62.9,894.17
snake_plant,84.6,33.7,62.9,894.17
cactus,80.58,33.7,62.9,894.17
money_plant,45.51,33.8,62.9,890.0
snake_plant,84.69,33.8,62.9,890.0
cactus,80.49,33.8,62.9,890.0
money_plant,45.51,33.8,62.5,813.33
snake_plant,84.51,33.8,62.5,813.33
cactus,80.36,33.8,62.5,813.33
money_plant,44.86,33.8,62.6,769.17
snake_plant,84.38,33.8,62.6,769.17
cactus,80.12,33.8,62.6,769.17
money_plant,44.71,33.7,62.9,755.0
snake_plant,84.63,33.7,62.9,755.0
cactus,80.06,33.7,62.9,755.0
money_plant,44.62,33.7,63.2,792.5
snake_plant,84.1,33.7,63.2,792.5
cactus,79.67,33.7,63.2,792.5
money_plant,44.5,33.7,63.2,810.0
snake_plant,84.6,33.7,63.2,810.0
cactus,79.64,33.7,63.2,810.0
money_plant,44.33,33.8,62.9,803.33
snake_plant,84.23,33.8,62.9,803.33
cactus,79.54,33.8,62.9,803.33
money_plant,44.24,33.9,62.7,741.67
snake_plant,84.41,33.9,62.7,741.67
cactus,79.76,33.9,62.7,741.67
money_plant,59.76,33.9,62.6,752.5
snake_plant,84.13,33.9,62.6,752.5
cactus,79.61,33.9,62.6,752.5
money_plant,57.99,33.8,62.9,765.0
snake_plant,83.44,33.8,62.9,765.0
cactus,79.39,33.8,62.9,765.0
money_plant,56.89,33.8,63.1,770.83
snake_plant,83.88,33.8,63.1,770.83
cactus,79.12,33.8,63.1,770.83
money_plant,55.61,33.8,63.3,880.83
snake_plant,82.94,33.8,63.3,880.83
cactus,79.21,33.8,63.3,880.83
money_plant,54.43,33.9,61.9,860.0
snake_plant,84.32,33.9,61.9,860.0
cactus,79.42,33.9,61.9,860.0
money_plant,53.81,33.9,61.5,860.83
snake_plant,84.19,33.9,61.5,860.83
cactus,79.18,33.9,61.5,860.83
money_plant,53.54,34.0,61.6,865.0
snake_plant,84.26,34.0,61.6,865.0
cactus,79.12,34.0,61.6,865.0
money_plant,53.16,34.0,61.8,786.67
snake_plant,84.51,34.0,61.8,786.67
cactus,78.91,34.0,61.8,786.67
money_plant,53.19,34.0,61.7,730.0
snake_plant,84.38,34.0,61.7,730.0
cactus,78.79,34.0,61.7,730.0
money_plant,52.74,34.0,61.6,739.17
snake_plant,84.41,34.0,61.6,739.17
cactus,78.94,34.0,61.6,739.17
money_plant,52.62,34.1,61.4,804.17
snake_plant,84.1,34.1,61.4,804.17
cactus,78.73,34.1,61.4,804.17
money_plant,52.59,34.1,61.5,760.83
snake_plant,85.16,34.1,61.5,760.83
cactus,78.57,34.1,61.5,760.83
money_plant,52.0,34.1,61.6,846.67
snake_plant,84.26,34.1,61.6,846.67
cactus,78.51,34.1,61.6,846.67
money_plant,52.15,34.1,61.6,803.33
snake_plant,84.26,34.1,61.6,803.33
cactus,78.73,34.1,61.6,803.33
money_plant,52.09,34.2,61.6,856.67
snake_plant,84.16,34.2,61.6,856.67
cactus,78.33,34.2,61.6,856.67
money_plant,52.0,34.2,61.6,855.0
snake_plant,84.07,34.2,61.6,855.0
cactus,78.15,34.2,61.6,855.0
money_plant,51.64,34.3,61.5,835.83
snake_plant,83.72,34.3,61.5,835.83
cactus,77.97,34.3,61.5,835.83
money_plant,52.65,34.3,61.5,702.5
snake_plant,84.04,34.3,61.5,702.5
cactus,78.03,34.3,61.5,702.5
money_plant,51.64,34.2,61.5,663.33
snake_plant,84.1,34.2,61.5,663.33
cactus,77.72,34.2,61.5,663.33
money_plant,49.42,34.2,61.9,660.0
snake_plant,84.19,34.2,61.9,660.0
cactus,77.75,34.2,61.9,660.0
money_plant,52.62,34.2,61.9,762.5
snake_plant,84.16,34.2,61.9,762.5
cactus,77.69,34.2,61.9,762.5
money_plant,51.59,34.2,61.3,752.5
snake_plant,84.29,34.2,61.3,752.5
cactus,77.69,34.2,61.3,752.5
money_plant,51.32,34.3,61.5,805.0
snake_plant,83.91,34.3,61.5,805.0
cactus,77.69,34.3,61.5,805.0
money_plant,51.26,34.3,61.7,805.83
snake_plant,83.82,34.3,61.7,805.83
cactus,77.69,34.3,61.7,805.83
money_plant,51.41,34.4,61.1,797.5
snake_plant,84.01,34.4,61.1,797.5
cactus,76.87,34.4,61.1,797.5
money_plant,51.2,34.4,61.2,769.17
snake_plant,84.04,34.4,61.2,769.17
cactus,77.69,34.4,61.2,769.17
money_plant,51.38,34.3,61.3,657.5
snake_plant,84.1,34.3,61.3,657.5
cactus,77.03,34.3,61.3,657.5
money_plant,51.23,34.3,61.4,690.0
snake_plant,84.07,34.3,61.4,690.0
cactus,77.12,34.3,61.4,690.0
money_plant,51.38,34.3,61.3,723.33
snake_plant,84.1,34.3,61.3,723.33
cactus,76.75,34.3,61.3,723.33
money_plant,51.64,34.3,61.3,759.17
snake_plant,85.07,34.3,61.3,759.17
cactus,76.69,34.3,61.3,759.17
money_plant,51.29,34.3,61.7,708.33
snake_plant,84.1,34.3,61.7,708.33
cactus,79.39,34.3,61.7,708.33
money_plant,51.02,34.2,61.5,679.17
snake_plant,84.04,34.2,61.5,679.17
cactus,76.72,34.2,61.5,679.17
money_plant,51.02,34.2,61.7,675.0
snake_plant,83.94,34.2,61.7,675.0
cactus,76.54,34.2,61.7,675.0
money_plant,51.17,34.1,61.9,667.5
snake_plant,84.01,34.1,61.9,667.5
cactus,77.69,34.1,61.9,667.5
money_plant,51.64,34.0,62.0,690.0
snake_plant,83.6,34.0,62.0,690.0
cactus,76.39,34.0,62.0,690.0
money_plant,50.73,33.9,61.8,743.33
snake_plant,83.69,33.9,61.8,743.33
cactus,76.42,33.9,61.8,743.33
money_plant,50.7,33.9,62.3,748.33
snake_plant,84.1,33.9,62.3,748.33
cactus,76.9,33.9,62.3,748.33
money_plant,50.61,33.9,62.3,660.0
snake_plant,83.94,33.9,62.3,660.0
cactus,74.2,33.9,62.3,660.0
money_plant,50.16,33.9,61.3,610.0
snake_plant,83.97,33.9,61.3,610.0
cactus,76.27,33.9,61.3,610.0
money_plant,50.22,33.8,62.1,582.5
snake_plant,83.6,33.8,62.1,582.5
cactus,76.15,33.8,62.1,582.5
money_plant,50.49,33.8,62.2,610.83
snake_plant,83.88,33.8,62.2,610.83
cactus,76.15,33.8,62.2,610.83
money_plant,50.28,33.8,62.2,658.33
snake_plant,83.76,33.8,62.2,658.33
cactus,76.08,33.8,62.2,658.33
money_plant,49.9,33.8,62.4,749.17
snake_plant,83.69,33.8,62.4,749.17
cactus,76.02,33.8,62.4,749.17
money_plant,50.16,33.9,62.0,734.17
snake_plant,83.63,33.9,62.0,734.17
cactus,76.02,33.9,62.0,734.17
money_plant,49.07,34.0,62.1,709.17
snake_plant,83.79,34.0,62.1,709.17
cactus,75.9,34.0,62.1,709.17
money_plant,49.66,34.1,62.1,680.0
snake_plant,83.6,34.1,62.1,680.0
cactus,75.78,34.1,62.1,680.0
money_plant,49.48,34.2,62.0,645.83
snake_plant,83.41,34.2,62.0,645.83
cactus,75.63,34.2,62.0,645.83
money_plant,49.45,34.2,61.7,680.0
snake_plant,83.88,34.2,61.7,680.0
cactus,75.63,34.2,61.7,680.0
money_plant,49.6,34.2,61.9,599.17
snake_plant,83.69,34.2,61.9,599.17
cactus,75.63,34.2,61.9,599.17
money_plant,49.39,34.1,62.4,595.83
snake_plant,83.44,34.1,62.4,595.83
cactus,75.14,34.1,62.4,595.83
money_plant,49.36,34.1,62.2,695.83
snake_plant,83.6,34.1,62.2,695.83
cactus,79.58,34.1,62.2,695.83
money_plant,49.21,34.2,62.1,793.33
snake_plant,83.6,34.2,62.1,793.33
cactus,75.27,34.2,62.1,793.33
money_plant,48.98,34.3,61.9,780.83
snake_plant,83.44,34.3,61.9,780.83
cactus,75.11,34.3,61.9,780.83
money_plant,49.07,34.3,61.7,779.17
snake_plant,83.41,34.3,61.7,779.17
cactus,75.05,34.3,61.7,779.17
money_plant,48.95,34.3,61.6,751.67
snake_plant,82.38,34.3,61.6,751.67
cactus,75.33,34.3,61.6,751.67
money_plant,48.65,34.3,61.6,744.17
snake_plant,83.41,34.3,61.6,744.17
cactus,75.08,34.3,61.6,744.17
money_plant,48.74,34.3,61.5,748.33
snake_plant,82.41,34.3,61.5,748.33
cactus,74.9,34.3,61.5,748.33
money_plant,48.65,34.4,61.3,734.17
snake_plant,83.29,34.4,61.3,734.17
cactus,75.02,34.4,61.3,734.17
money_plant,48.24,34.4,61.2,650.0
snake_plant,83.38,34.4,61.2,650.0
cactus,75.02,34.4,61.2,650.0
money_plant,48.24,34.4,61.3,657.5
snake_plant,83.41,34.4,61.3,657.5
cactus,74.84,34.4,61.3,657.5
money_plant,48.18,34.4,60.9,633.33
snake_plant,82.97,34.4,60.9,633.33
cactus,74.54,34.4,60.9,633.33
money_plant,47.85,34.5,60.7,622.5
snake_plant,82.97,34.5,60.7,622.5
cactus,74.32,34.5,60.7,622.5
money_plant,47.7,34.4,60.8,621.67
snake_plant,83.07,34.4,60.8,621.67
cactus,74.26,34.4,60.8,621.67
money_plant,47.35,34.4,61.0,587.5
snake_plant,83.1,34.4,61.0,587.5
cactus,74.54,34.4,61.0,587.5
money_plant,47.85,34.4,61.2,609.17
snake_plant,84.44,34.4,61.2,609.17
cactus,74.26,34.4,61.2,609.17
money_plant,47.56,34.3,60.9,596.67
snake_plant,82.79,34.3,60.9,596.67
cactus,74.29,34.3,60.9,596.67
money_plant,47.08,34.3,61.1,542.5
snake_plant,82.6,34.3,61.1,542.5
cactus,74.26,34.3,61.1,542.5
money_plant,47.2,34.2,61.3,538.33
snake_plant,82.6,34.2,61.3,538.33
cactus,74.26,34.2,61.3,538.33
money_plant,46.9,34.2,61.2,521.67
snake_plant,82.6,34.2,61.2,521.67
cactus,74.08,34.2,61.2,521.67
money_plant,46.73,34.1,61.3,564.17
snake_plant,82.66,34.1,61.3,564.17
cactus,73.96,34.1,61.3,564.17
money_plant,46.64,34.1,60.8,589.17
snake_plant,82.63,34.1,60.8,589.17
cactus,73.84,34.1,60.8,589.17
money_plant,50.55,34.1,61.5,564.17
snake_plant,82.6,34.1,61.5,564.17
cactus,73.93,34.1,61.5,564.17
money_plant,45.96,34.0,61.4,515.83
snake_plant,82.6,34.0,61.4,515.83
cactus,73.84,34.0,61.4,515.83
money_plant,46.1,34.0,61.6,487.5
snake_plant,82.25,34.0,61.6,487.5
cactus,73.6,34.0,61.6,487.5
money_plant,45.96,34.0,61.7,446.67
snake_plant,82.1,34.0,61.7,446.67
cactus,73.75,34.0,61.7,446.67
money_plant,45.93,34.0,62.0,460.0
snake_plant,82.19,34.0,62.0,460.0
cactus,73.75,34.0,62.0,460.0
money_plant,45.87,34.0,61.6,500.83
snake_plant,82.1,34.0,61.6,500.83
cactus,73.69,34.0,61.6,500.83
money_plant,45.93,34.0,61.7,550.83
snake_plant,82.25,34.0,61.7,550.83
cactus,73.29,34.0,61.7,550.83
money_plant,45.66,34.1,61.9,585.0
snake_plant,81.91,34.1,61.9,585.0
cactus,73.29,34.1,61.9,585.0
money_plant,45.66,34.1,61.7,523.33
snake_plant,82.13,34.1,61.7,523.33
cactus,73.35,34.1,61.7,523.33
money_plant,45.51,34.2,61.5,569.17
snake_plant,82.1,34.2,61.5,569.17
cactus,73.32,34.2,61.5,569.17
money_plant,45.51,34.1,61.6,495.83
snake_plant,81.69,34.1,61.6,495.83
cactus,73.29,34.1,61.6,495.83
money_plant,45.51,34.1,61.5,528.33
snake_plant,82.03,34.1,61.5,528.33
cactus,73.29,34.1,61.5,528.33
money_plant,45.51,34.1,61.4,340.83
snake_plant,81.82,34.1,61.4,340.83
cactus,73.08,34.1,61.4,340.83
money_plant,45.51,34.1,61.6,350.0
snake_plant,82.0,34.1,61.6,350.0
cactus,73.26,34.1,61.6,350.0
money_plant,45.51,34.1,61.6,352.5
snake_plant,81.97,34.1,61.6,352.5
cactus,72.84,34.1,61.6,352.5
money_plant,44.59,34.1,61.6,326.67
snake_plant,82.1,34.1,61.6,326.67
cactus,73.08,34.1,61.6,326.67
money_plant,44.44,34.1,61.8,292.5
snake_plant,81.75,34.1,61.8,292.5
cactus,73.02,34.1,61.8,292.5
money_plant,44.59,34.1,61.8,280.0
snake_plant,81.72,34.1,61.8,280.0
cactus,72.96,34.1,61.8,280.0
money_plant,44.5,34.0,61.8,257.5
snake_plant,81.94,34.0,61.8,257.5
cactus,72.75,34.0,61.8,257.5
money_plant,44.33,33.9,61.5,247.5
snake_plant,81.6,33.9,61.5,247.5
cactus,72.78,33.9,61.5,247.5
money_plant,44.21,33.8,61.5,250.83
snake_plant,81.75,33.8,61.5,250.83
cactus,72.47,33.8,61.5,250.83
money_plant,44.06,33.7,61.2,270.0
snake_plant,81.72,33.7,61.2,270.0
cactus,72.47,33.7,61.2,270.0
money_plant,44.27,33.7,62.1,281.67
snake_plant,81.82,33.7,62.1,281.67
cactus,72.47,33.7,62.1,281.67
money_plant,44.09,33.7,62.1,275.83
snake_plant,81.66,33.7,62.1,275.83
cactus,72.32,33.7,62.1,275.83
money_plant,44.0,33.8,62.2,280.83
snake_plant,81.69,33.8,62.2,280.83
cactus,72.32,33.8,62.2,280.83
money_plant,43.61,33.8,62.1,310.83
snake_plant,81.56,33.8,62.1,310.83
cactus,72.44,33.8,62.1,310.83
money_plant,43.79,33.8,62.6,270.83
snake_plant,81.63,33.8,62.6,270.83
cactus,72.23,33.8,62.6,270.83
money_plant,43.59,33.8,62.2,239.17
snake_plant,81.53,33.8,62.2,239.17
cactus,72.38,33.8,62.2,239.17
money_plant,43.76,33.8,62.4,217.5
snake_plant,81.6,33.8,62.4,217.5
cactus,72.29,33.8,62.4,217.5
money_plant,43.47,33.8,62.2,207.5
snake_plant,81.13,33.8,62.2,207.5
cactus,72.26,33.8,62.2,207.5
money_plant,43.44,33.7,62.9,218.33
snake_plant,81.31,33.7,62.9,218.33
cactus,72.23,33.7,62.9,218.33
money_plant,43.17,33.7,62.7,230.0
snake_plant,81.56,33.7,62.7,230.0
cactus,72.05,33.7,62.7,230.0
money_plant,41.84,33.7,63.1,235.83
snake_plant,81.13,33.7,63.1,235.83
cactus,72.02,33.7,63.1,235.83
money_plant,43.05,33.7,63.1,285.0
snake_plant,81.06,33.7,63.1,285.0
cactus,72.05,33.7,63.1,285.0
money_plant,43.11,33.7,63.0,320.83
snake_plant,80.94,33.7,63.0,320.83
cactus,72.32,33.7,63.0,320.83
money_plant,42.73,33.7,63.1,325.83
snake_plant,80.69,33.7,63.1,325.83
cactus,72.14,33.7,63.1,325.83
money_plant,42.79,33.7,63.1,325.83
snake_plant,80.66,33.7,63.1,325.83
cactus,71.9,33.7,63.1,325.83
money_plant,42.49,33.7,63.0,340.83
snake_plant,80.78,33.7,63.0,340.83
cactus,71.71,33.7,63.0,340.83
money_plant,42.25,33.8,63.1,310.83
snake_plant,80.88,33.8,63.1,310.83
cactus,71.78,33.8,63.1,310.83
money_plant,42.25,33.7,62.6,335.83
snake_plant,80.59,33.7,62.6,335.83
cactus,71.65,33.7,62.6,335.83
money_plant,42.16,33.7,63.1,333.33
snake_plant,80.88,33.7,63.1,333.33
cactus,71.62,33.7,63.1,333.33
money_plant,42.16,33.7,63.4,337.5
snake_plant,80.63,33.7,63.4,337.5
cactus,71.81,33.7,63.4,337.5
money_plant,42.16,33.7,63.6,328.33
snake_plant,80.25,33.7,63.6,328.33
cactus,71.78,33.7,63.6,328.33
money_plant,42.07,33.7,63.5,270.83
snake_plant,80.28,33.7,63.5,270.83
cactus,71.62,33.7,63.5,270.83
money_plant,41.75,33.7,63.6,231.67
snake_plant,79.28,33.7,63.6,231.67
cactus,71.62,33.7,63.6,231.67
money_plant,41.69,33.7,63.6,205.83
snake_plant,80.16,33.7,63.6,205.83
cactus,71.68,33.7,63.6,205.83
money_plant,42.34,33.7,63.3,226.67
snake_plant,80.16,33.7,63.3,226.67
cactus,71.44,33.7,63.3,226.67
money_plant,41.75,33.7,63.5,241.67
snake_plant,80.13,33.7,63.5,241.67
cactus,71.5,33.7,63.5,241.67
money_plant,41.69,33.7,63.5,235.0
snake_plant,80.13,33.7,63.5,235.0
cactus,71.44,33.7,63.5,235.0
money_plant,40.21,33.7,63.4,210.83
snake_plant,80.13,33.7,63.4,210.83
cactus,71.35,33.7,63.4,210.83
money_plant,41.3,33.8,63.4,205.83
snake_plant,81.69,33.8,63.4,205.83
cactus,71.44,33.8,63.4,205.83
money_plant,41.21,33.8,63.3,211.67
snake_plant,79.41,33.8,63.3,211.67
cactus,71.35,33.8,63.3,211.67
money_plant,41.04,33.8,63.4,220.0
snake_plant,79.44,33.8,63.4,220.0
cactus,71.26,33.8,63.4,220.0
money_plant,40.86,33.8,63.3,190.0
snake_plant,79.44,33.8,63.3,190.0
cactus,71.14,33.8,63.3,190.0
money_plant,40.8,33.8,63.3,202.5
snake_plant,79.28,33.8,63.3,202.5
cactus,71.26,33.8,63.3,202.5
money_plant,40.65,33.7,63.7,201.67
snake_plant,79.37,33.7,63.7,201.67
cactus,71.08,33.7,63.7,201.67
money_plant,40.59,33.7,63.7,217.5
snake_plant,79.15,33.7,63.7,217.5
cactus,71.05,33.7,63.7,217.5
money_plant,40.56,33.7,63.9,244.17
snake_plant,79.03,33.7,63.9,244.17
cactus,71.05,33.7,63.9,244.17
money_plant,40.09,33.7,63.8,275.0
snake_plant,79.03,33.7,63.8,275.0
cactus,70.9,33.7,63.8,275.0
money_plant,40.18,33.7,63.7,299.17
snake_plant,79.41,33.7,63.7,299.17
cactus,71.08,33.7,63.7,299.17
money_plant,40.27,33.7,64.0,318.33
snake_plant,78.78,33.7,64.0,318.33
cactus,70.93,33.7,64.0,318.33
money_plant,40.09,33.6,63.9,325.83
snake_plant,78.62,33.6,63.9,325.83
cactus,71.02,33.6,63.9,325.83
money_plant,40.06,33.7,64.6,345.0
snake_plant,78.65,33.7,64.6,345.0
cactus,70.8,33.7,64.6,345.0
money_plant,39.7,33.8,63.8,351.67
snake_plant,78.59,33.8,63.8,351.67
cactus,70.8,33.8,63.8,351.67
money_plant,40.18,33.9,63.7,349.17
snake_plant,78.37,33.9,63.7,349.17
cactus,70.83,33.9,63.7,349.17
money_plant,39.85,33.9,63.7,317.5
snake_plant,78.25,33.9,63.7,317.5
cactus,71.26,33.9,63.7,317.5
money_plant,39.67,33.9,63.9,296.67
snake_plant,78.37,33.9,63.9,296.67
cactus,70.83,33.9,63.9,296.67
money_plant,39.88,33.9,63.6,326.67
snake_plant,78.31,33.9,63.6,326.67
cactus,70.68,33.9,63.6,326.67
money_plant,39.7,34.0,63.4,309.17
snake_plant,78.09,34.0,63.4,309.17
cactus,70.71,34.0,63.4,309.17
money_plant,39.47,34.0,63.6,273.33
snake_plant,78.22,34.0,63.6,273.33
cactus,71.26,34.0,63.6,273.33
money_plant,39.32,34.0,63.2,248.33
snake_plant,77.9,34.0,63.2,248.33
cactus,71.35,34.0,63.2,248.33
money_plant,39.26,34.0,63.1,268.33
snake_plant,77.68,34.0,63.1,268.33
cactus,71.2,34.0,63.1,268.33
money_plant,39.32,34.0,63.3,300.0
snake_plant,77.87,34.0,63.3,300.0
cactus,71.14,34.0,63.3,300.0
money_plant,39.26,34.1,63.4,275.83
snake_plant,77.65,34.1,63.4,275.83
cactus,71.26,34.1,63.4,275.83
money_plant,39.17,34.0,63.3,258.33
snake_plant,77.81,34.0,63.3,258.33
cactus,70.99,34.0,63.3,258.33
money_plant,38.87,34.1,63.2,251.67
snake_plant,74.96,34.1,63.2,251.67
cactus,70.96,34.1,63.2,251.67
money_plant,38.96,34.1,62.6,239.17
snake_plant,77.06,34.1,62.6,239.17
cactus,71.05,34.1,62.6,239.17
money_plant,38.81,34.1,62.9,236.67
snake_plant,76.87,34.1,62.9,236.67
cactus,71.05,34.1,62.9,236.67
money_plant,38.76,34.1,63.2,227.5
snake_plant,77.18,34.1,63.2,227.5
cactus,71.08,34.1,63.2,227.5
money_plant,38.52,34.1,63.2,240.83
snake_plant,77.0,34.1,63.2,240.83
cactus,70.74,34.1,63.2,240.83
money_plant,38.84,34.1,63.3,199.17
snake_plant,76.81,34.1,63.3,199.17
cactus,70.9,34.1,63.3,199.17
money_plant,38.58,34.1,63.3,202.5
snake_plant,76.62,34.1,63.3,202.5
cactus,70.83,34.1,63.3,202.5
money_plant,38.67,34.1,63.4,216.67
snake_plant,76.37,34.1,63.4,216.67
cactus,70.2,34.1,63.4,216.67
money_plant,38.52,34.0,63.0,225.83
snake_plant,76.15,34.0,63.0,225.83
cactus,70.71,34.0,63.0,225.83
money_plant,38.4,34.0,63.2,236.67
snake_plant,76.15,34.0,63.2,236.67
cactus,70.56,34.0,63.2,236.67
money_plant,38.49,34.0,63.1,235.83
snake_plant,76.24,34.0,63.1,235.83
cactus,70.71,34.0,63.1,235.83
money_plant,38.4,34.0,63.3,255.83
snake_plant,75.74,34.0,63.3,255.83
cactus,70.53,34.0,63.3,255.83
money_plant,38.19,34.1,62.9,285.0
snake_plant,75.59,34.1,62.9,285.0
cactus,70.65,34.1,62.9,285.0
money_plant,38.34,34.1,62.9,429.17
snake_plant,75.59,34.1,62.9,429.17
cactus,70.65,34.1,62.9,429.17
money_plant,38.28,34.2,63.2,364.17
snake_plant,75.18,34.2,63.2,364.17
cactus,70.47,34.2,63.2,364.17
money_plant,38.31,34.2,63.0,364.17
snake_plant,74.68,34.2,63.0,364.17
cactus,70.68,34.2,63.0,364.17
money_plant,38.25,34.3,62.9,384.17
snake_plant,74.55,34.3,62.9,384.17
cactus,70.47,34.3,62.9,384.17
money_plant,38.04,34.3,62.6,378.33
snake_plant,74.27,34.3,62.6,378.33
cactus,70.5,34.3,62.6,378.33
money_plant,38.04,34.3,62.3,385.0
snake_plant,74.27,34.3,62.3,385.0
cactus,70.38,34.3,62.3,385.0
money_plant,37.87,34.3,62.6,415.83
snake_plant,74.24,34.3,62.6,415.83
cactus,70.35,34.3,62.6,415.83
money_plant,37.81,34.3,62.6,394.17
snake_plant,73.93,34.3,62.6,394.17
cactus,70.47,34.3,62.6,394.17
money_plant,37.87,34.4,62.3,332.5
snake_plant,73.74,34.4,62.3,332.5
cactus,70.47,34.4,62.3,332.5
money_plant,37.93,34.3,62.0,257.5
snake_plant,73.74,34.3,62.0,257.5
cactus,70.47,34.3,62.0,257.5
money_plant,37.75,34.2,62.8,297.5
snake_plant,73.8,34.2,62.8,297.5
cactus,70.59,34.2,62.8,297.5
money_plant,37.72,34.1,63.3,297.5
snake_plant,73.55,34.1,63.3,297.5
cactus,70.38,34.1,63.3,297.5
money_plant,37.42,34.1,63.5,300.0
snake_plant,73.49,34.1,63.5,300.0
cactus,70.29,34.1,63.5,300.0
money_plant,37.75,34.1,63.6,307.5
snake_plant,73.58,34.1,63.6,307.5
cactus,70.53,34.1,63.6,307.5
money_plant,37.54,34.1,63.8,332.5
snake_plant,73.43,34.1,63.8,332.5
cactus,70.38,34.1,63.8,332.5
money_plant,37.48,34.0,64.2,289.17
snake_plant,73.46,34.0,64.2,289.17
cactus,70.41,34.0,64.2,289.17
money_plant,37.24,33.9,64.3,277.5
snake_plant,73.36,33.9,64.3,277.5
cactus,70.38,33.9,64.3,277.5
money_plant,37.42,33.9,64.3,330.0
snake_plant,72.61,33.9,64.3,330.0
cactus,70.56,33.9,64.3,330.0
money_plant,37.42,34.0,64.1,382.5
snake_plant,73.08,34.0,64.1,382.5
cactus,69.74,34.0,64.1,382.5
money_plant,37.21,34.0,64.0,399.17
snake_plant,72.99,34.0,64.0,399.17
cactus,70.38,34.0,64.0,399.17
money_plant,37.39,34.0,64.0,403.33
snake_plant,73.08,34.0,64.0,403.33
cactus,70.38,34.0,64.0,403.33
money_plant,37.21,34.1,63.8,395.83
snake_plant,73.08,34.1,63.8,395.83
cactus,69.86,34.1,63.8,395.83
money_plant,37.39,34.2,63.5,445.0
snake_plant,72.9,34.2,63.5,445.0
cactus,70.29,34.2,63.5,445.0
money_plant,37.45,34.1,62.8,380.83
snake_plant,72.83,34.1,62.8,380.83
cactus,70.2,34.1,62.8,380.83
money_plant,37.3,34.1,62.9,400.0
snake_plant,72.93,34.1,62.9,400.0
cactus,68.95,34.1,62.9,400.0
money_plant,37.21,34.1,62.4,411.67
snake_plant,73.05,34.1,62.4,411.67
cactus,70.05,34.1,62.4,411.67
money_plant,37.3,34.0,63.2,446.67
snake_plant,72.93,34.0,63.2,446.67
cactus,70.05,34.0,63.2,446.67
money_plant,36.98,34.0,63.3,394.17
snake_plant,72.8,34.0,63.3,394.17
cactus,69.95,34.0,63.3,394.17
money_plant,36.92,34.0,63.4,391.67
snake_plant,72.64,34.0,63.4,391.67
cactus,70.05,34.0,63.4,391.67
money_plant,39.5,34.0,63.3,390.0
snake_plant,72.64,34.0,63.3,390.0
cactus,69.89,34.0,63.3,390.0
money_plant,36.95,34.0,62.1,383.33
snake_plant,72.71,34.0,62.1,383.33
cactus,69.95,34.0,62.1,383.33
money_plant,36.62,34.1,62.7,369.17
snake_plant,72.8,34.1,62.7,369.17
cactus,70.05,34.1,62.7,369.17
money_plant,36.86,34.0,63.1,305.83
snake_plant,72.93,34.0,63.1,305.83
cactus,69.92,34.0,63.1,305.83
money_plant,36.5,34.0,63.1,324.17
snake_plant,72.77,34.0,63.1,324.17
cactus,69.98,34.0,63.1,324.17
money_plant,36.65,34.0,62.9,323.33
snake_plant,72.61,34.0,62.9,323.33
cactus,69.92,34.0,62.9,323.33
money_plant,36.68,34.0,62.4,360.0
snake_plant,72.58,34.0,62.4,360.0
cactus,69.92,34.0,62.4,360.0
money_plant,36.44,34.1,62.4,366.67
snake_plant,72.58,34.1,62.4,366.67
cactus,69.83,34.1,62.4,366.67
money_plant,36.47,34.1,62.5,371.67
snake_plant,72.49,34.1,62.5,371.67
cactus,69.92,34.1,62.5,371.67
money_plant,36.41,34.2,62.4,379.17
snake_plant,72.36,34.2,62.4,379.17
cactus,69.83,34.2,62.4,379.17
money_plant,36.5,34.2,62.1,385.0
snake_plant,72.49,34.2,62.1,385.0
cactus,69.86,34.2,62.1,385.0
money_plant,36.5,34.2,62.5,384.17
snake_plant,72.58,34.2,62.5,384.17
cactus,69.86,34.2,62.5,384.17
money_plant,36.06,34.2,62.2,363.33
snake_plant,72.46,34.2,62.2,363.33
cactus,69.77,34.2,62.2,363.33
money_plant,36.18,34.2,62.0,356.67
snake_plant,72.39,34.2,62.0,356.67
cactus,69.74,34.2,62.0,356.67
money_plant,36.44,34.2,61.6,345.0
snake_plant,72.46,34.2,61.6,345.0
cactus,69.83,34.2,61.6,345.0
money_plant,36.09,34.2,62.0,315.83
snake_plant,75.12,34.2,62.0,315.83
cactus,69.71,34.2,62.0,315.83
money_plant,36.15,34.2,61.9,295.83
snake_plant,72.24,34.2,61.9,295.83
cactus,69.98,34.2,61.9,295.83
money_plant,36.03,34.1,61.2,289.17
snake_plant,72.11,34.1,61.2,289.17
cactus,69.68,34.1,61.2,289.17
money_plant,36.12,34.1,61.3,292.5
snake_plant,71.99,34.1,61.3,292.5
cactus,69.89,34.1,61.3,292.5
money_plant,36.0,34.0,61.5,323.33
snake_plant,71.83,34.0,61.5,323.33
cactus,69.56,34.0,61.5,323.33
money_plant,35.91,34.0,60.1,336.67
snake_plant,72.11,34.0,60.1,336.67
cactus,69.5,34.0,60.1,336.67
money_plant,35.73,34.0,61.4,316.67
snake_plant,71.92,34.0,61.4,316.67
cactus,70.32,34.0,61.4,316.67
money_plant,35.59,34.0,61.7,308.33
snake_plant,72.14,34.0,61.7,308.33
cactus,69.8,34.0,61.7,308.33
money_plant,35.91,34.1,61.3,299.17
snake_plant,71.67,34.1,61.3,299.17
cactus,69.86,34.1,61.3,299.17
money_plant,35.61,34.1,61.2,312.5
snake_plant,71.74,34.1,61.2,312.5
cactus,69.8,34.1,61.2,312.5
money_plant,35.7,34.0,61.7,330.83
snake_plant,74.12,34.0,61.7,330.83
cactus,69.74,34.0,61.7,330.83
money_plant,35.67,34.0,62.0,363.33
snake_plant,71.89,34.0,62.0,363.33
cactus,69.92,34.0,62.0,363.33
money_plant,34.96,34.0,61.5,377.5
snake_plant,71.74,34.0,61.5,377.5
cactus,69.83,34.0,61.5,377.5
money_plant,35.35,34.0,61.6,350.0
snake_plant,71.55,34.0,61.6,350.0
cactus,69.95,34.0,61.6,350.0
money_plant,35.47,33.9,61.8,288.33
snake_plant,71.8,33.9,61.8,288.33
cactus,70.47,33.9,61.8,288.33
money_plant,35.5,33.8,62.1,265.0
snake_plant,71.92,33.8,62.1,265.0
cactus,69.98,33.8,62.1,265.0
money_plant,35.2,33.9,62.3,250.0
snake_plant,70.61,33.9,62.3,250.0
cactus,69.86,33.9,62.3,250.0
money_plant,35.23,33.8,62.4,250.83
snake_plant,71.77,33.8,62.4,250.83
cactus,69.92,33.8,62.4,250.83
money_plant,35.38,33.7,62.5,245.83
snake_plant,71.67,33.7,62.5,245.83
cactus,69.89,33.7,62.5,245.83
money_plant,35.32,33.8,62.7,284.17
snake_plant,71.55,33.8,62.7,284.17
cactus,69.95,33.8,62.7,284.17
money_plant,35.14,33.8,63.0,295.0
snake_plant,71.58,33.8,63.0,295.0
cactus,69.74,33.8,63.0,295.0
money_plant,34.73,33.8,62.8,291.67
snake_plant,71.71,33.8,62.8,291.67
cactus,69.74,33.8,62.8,291.67
money_plant,35.11,33.8,62.9,301.67
snake_plant,71.55,33.8,62.9,301.67
cactus,69.83,33.8,62.9,301.67
money_plant,35.53,33.9,62.7,320.83
snake_plant,71.64,33.9,62.7,320.83
cactus,69.86,33.9,62.7,320.83
money_plant,34.9,33.8,62.8,351.67
snake_plant,71.58,33.8,62.8,351.67
cactus,69.89,33.8,62.8,351.67
money_plant,34.67,33.9,62.7,362.5
snake_plant,71.27,33.9,62.7,362.5
cactus,69.8,33.9,62.7,362.5
money_plant,34.58,33.9,62.9,355.0
snake_plant,71.11,33.9,62.9,355.0
cactus,69.59,33.9,62.9,355.0
money_plant,34.79,33.9,62.5,379.17
snake_plant,71.39,33.9,62.5,379.17
cactus,69.83,33.9,62.5,379.17
money_plant,34.7,33.9,62.7,353.33
snake_plant,71.55,33.9,62.7,353.33
cactus,69.89,33.9,62.7,353.33
money_plant,34.61,33.8,62.8,333.33
snake_plant,71.49,33.8,62.8,333.33
cactus,69.8,33.8,62.8,333.33
money_plant,34.79,33.9,62.9,321.67
snake_plant,71.49,33.9,62.9,321.67
cactus,69.71,33.9,62.9,321.67
money_plant,35.02,33.8,61.8,285.83
snake_plant,71.24,33.8,61.8,285.83
cactus,69.59,33.8,61.8,285.83
money_plant,34.67,33.6,62.9,334.17
snake_plant,71.11,33.6,62.9,334.17
cactus,69.68,33.6,62.9,334.17
money_plant,34.64,33.6,62.3,318.33
snake_plant,71.02,33.6,62.3,318.33
cactus,69.83,33.6,62.3,318.33
money_plant,34.52,33.6,62.3,315.83
snake_plant,71.27,33.6,62.3,315.83
cactus,69.38,33.6,62.3,315.83
money_plant,34.52,33.7,62.8,314.17
snake_plant,71.24,33.7,62.8,314.17
cactus,69.41,33.7,62.8,314.17
money_plant,34.58,33.7,62.9,311.67
snake_plant,73.21,33.7,62.9,311.67
cactus,69.68,33.7,62.9,311.67
money_plant,34.46,33.7,63.1,314.17
snake_plant,71.05,33.7,63.1,314.17
cactus,69.8,33.7,63.1,314.17
money_plant,34.61,33.7,62.4,310.0
snake_plant,70.89,33.7,62.4,310.0
cactus,69.41,33.7,62.4,310.0
money_plant,34.58,33.7,61.7,316.67
snake_plant,70.8,33.7,61.7,316.67
cactus,69.68,33.7,61.7,316.67
money_plant,34.28,33.7,62.4,324.17
snake_plant,70.74,33.7,62.4,324.17
cactus,69.68,33.7,62.4,324.17
money_plant,34.37,33.7,62.1,315.0
snake_plant,70.89,33.7,62.1,315.0
cactus,69.44,33.7,62.1,315.0
money_plant,34.31,33.7,61.6,326.67
snake_plant,70.77,33.7,61.6,326.67
cactus,69.68,33.7,61.6,326.67
money_plant,34.25,33.7,61.4,323.33
snake_plant,70.61,33.7,61.4,323.33
cactus,69.47,33.7,61.4,323.33
money_plant,34.13,33.7,62.1,322.5
snake_plant,70.64,33.7,62.1,322.5
cactus,69.32,33.7,62.1,322.5
money_plant,34.1,33.7,62.2,318.33
snake_plant,70.58,33.7,62.2,318.33
cactus,69.38,33.7,62.2,318.33
money_plant,34.25,33.7,62.0,317.5
snake_plant,70.61,33.7,62.0,317.5
cactus,69.44,33.7,62.0,317.5
money_plant,33.93,33.7,62.0,323.33
snake_plant,70.61,33.7,62.0,323.33
cactus,69.32,33.7,62.0,323.33
money_plant,33.96,33.7,61.5,305.83
snake_plant,70.52,33.7,61.5,305.83
cactus,69.53,33.7,61.5,305.83
money_plant,33.9,33.6,62.0,315.0
snake_plant,70.58,33.6,62.0,315.0
cactus,69.41,33.6,62.0,315.0
money_plant,34.1,33.6,61.9,320.83
snake_plant,70.58,33.6,61.9,320.83
cactus,69.38,33.6,61.9,320.83
money_plant,33.81,33.7,61.7,317.5
snake_plant,70.58,33.7,61.7,317.5
cactus,69.38,33.7,61.7,317.5
money_plant,33.63,33.7,61.5,296.67
snake_plant,70.58,33.7,61.5,296.67
cactus,69.5,33.7,61.5,296.67
money_plant,33.69,33.7,62.1,310.0
snake_plant,70.49,33.7,62.1,310.0
cactus,69.38,33.7,62.1,310.0
money_plant,33.63,33.7,62.1,300.83
snake_plant,70.39,33.7,62.1,300.83
cactus,69.26,33.7,62.1,300.83
money_plant,33.66,33.7,62.1,306.67
snake_plant,70.55,33.7,62.1,306.67
cactus,69.41,33.7,62.1,306.67
money_plant,33.63,33.6,62.3,322.5
snake_plant,70.36,33.6,62.3,322.5
cactus,71.9,33.6,62.3,322.5
money_plant,33.57,33.6,62.5,313.33
snake_plant,70.36,33.6,62.5,313.33
cactus,69.38,33.6,62.5,313.33
money_plant,33.48,33.6,62.7,315.83
snake_plant,70.36,33.6,62.7,315.83
cactus,69.23,33.6,62.7,315.83
money_plant,33.54,33.6,62.9,320.83
snake_plant,70.39,33.6,62.9,320.83
cactus,69.23,33.6,62.9,320.83
money_plant,33.6,33.6,62.2,317.5
snake_plant,70.23,33.6,62.2,317.5
cactus,69.41,33.6,62.2,317.5
money_plant,33.57,33.6,62.3,315.0
snake_plant,70.27,33.6,62.3,315.0
cactus,69.35,33.6,62.3,315.0
money_plant,33.33,33.6,62.7,287.5
snake_plant,70.02,33.6,62.7,287.5
cactus,69.23,33.6,62.7,287.5
money_plant,33.24,33.6,62.7,305.0
snake_plant,70.11,33.6,62.7,305.0
cactus,69.35,33.6,62.7,305.0
money_plant,32.36,33.6,62.6,288.33
snake_plant,69.95,33.6,62.6,288.33
cactus,69.2,33.6,62.6,288.33
money_plant,33.3,33.5,62.6,304.17
snake_plant,70.05,33.5,62.6,304.17
cactus,68.59,33.5,62.6,304.17
money_plant,33.13,33.5,63.0,304.17
snake_plant,69.98,33.5,63.0,304.17
cactus,69.1,33.5,63.0,304.17
money_plant,33.04,33.5,63.0,309.17
snake_plant,69.89,33.5,63.0,309.17
cactus,69.1,33.5,63.0,309.17
money_plant,33.13,33.5,63.1,307.5
snake_plant,70.05,33.5,63.1,307.5
cactus,69.23,33.5,63.1,307.5
money_plant,32.74,33.5,62.3,305.83
snake_plant,70.05,33.5,62.3,305.83
cactus,69.23,33.5,62.3,305.83
money_plant,33.21,33.4,62.8,300.83
snake_plant,70.23,33.4,62.8,300.83
cactus,69.23,33.4,62.8,300.83
money_plant,33.07,33.4,62.9,300.0
snake_plant,70.11,33.4,62.9,300.0
cactus,69.35,33.4,62.9,300.0
money_plant,32.86,33.4,63.3,297.5
snake_plant,69.89,33.4,63.3,297.5
cactus,69.23,33.4,63.3,297.5
money_plant,33.19,33.4,62.9,294.17
snake_plant,70.02,33.4,62.9,294.17
cactus,69.2,33.4,62.9,294.17
money_plant,33.04,33.5,62.4,291.67
snake_plant,69.77,33.5,62.4,291.67
cactus,69.14,33.5,62.4,291.67
money_plant,32.77,33.4,62.1,289.17
snake_plant,69.92,33.4,62.1,289.17
cactus,69.1,33.4,62.1,289.17
money_plant,32.71,33.5,62.3,289.17
snake_plant,69.86,33.5,62.3,289.17
cactus,67.59,33.5,62.3,289.17
money_plant,33.66,33.4,62.3,285.83
snake_plant,69.77,33.4,62.3,285.83
cactus,69.2,33.4,62.3,285.83
money_plant,33.54,33.4,61.8,288.33
snake_plant,69.58,33.4,61.8,288.33
cactus,69.38,33.4,61.8,288.33
money_plant,33.51,33.4,61.4,283.33
snake_plant,69.8,33.4,61.4,283.33
cactus,69.41,33.4,61.4,283.33
money_plant,33.04,33.4,62.7,280.83
snake_plant,69.8,33.4,62.7,280.83
cactus,69.32,33.4,62.7,280.83
money_plant,32.95,33.4,62.5,277.5
snake_plant,69.77,33.4,62.5,277.5
cactus,69.35,33.4,62.5,277.5
money_plant,32.71,33.4,62.9,273.33
snake_plant,69.58,33.4,62.9,273.33
cactus,69.35,33.4,62.9,273.33
money_plant,32.71,33.4,62.6,276.67
snake_plant,69.48,33.4,62.6,276.67
cactus,69.2,33.4,62.6,276.67
money_plant,32.77,33.4,62.6,273.33
snake_plant,69.48,33.4,62.6,273.33
cactus,69.2,33.4,62.6,273.33
money_plant,32.83,33.4,62.5,270.0
snake_plant,69.51,33.4,62.5,270.0
cactus,69.41,33.4,62.5,270.0
money_plant,32.68,33.4,62.6,269.17
snake_plant,69.48,33.4,62.6,269.17
cactus,69.32,33.4,62.6,269.17
money_plant,32.65,33.4,61.4,268.33
snake_plant,69.58,33.4,61.4,268.33
cactus,69.01,33.4,61.4,268.33
money_plant,32.53,33.4,62.1,263.33
snake_plant,69.55,33.4,62.1,263.33
cactus,69.07,33.4,62.1,263.33
money_plant,32.65,33.4,60.5,263.33
snake_plant,69.39,33.4,60.5,263.33
cactus,68.98,33.4,60.5,263.33
money_plant,32.3,33.3,61.5,256.67
snake_plant,69.51,33.3,61.5,256.67
cactus,69.26,33.3,61.5,256.67
money_plant,32.47,33.4,61.4,255.0
snake_plant,69.39,33.4,61.4,255.0
cactus,69.32,33.4,61.4,255.0
money_plant,32.41,33.3,61.5,251.67
snake_plant,69.36,33.3,61.5,251.67
cactus,68.92,33.3,61.5,251.67
money_plant,32.62,33.3,61.5,250.83
snake_plant,69.51,33.3,61.5,250.83
cactus,68.95,33.3,61.5,250.83
money_plant,32.12,33.3,60.5,248.33
snake_plant,68.95,33.3,60.5,248.33
cactus,68.59,33.3,60.5,248.33
money_plant,32.39,33.4,60.5,247.5
snake_plant,69.42,33.4,60.5,247.5
cactus,69.04,33.4,60.5,247.5
money_plant,31.88,33.3,61.5,245.83
snake_plant,69.17,33.3,61.5,245.83
cactus,69.1,33.3,61.5,245.83
money_plant,32.3,33.3,61.1,242.5
snake_plant,69.11,33.3,61.1,242.5
cactus,68.95,33.3,61.1,242.5
money_plant,32.33,33.2,60.6,240.83
snake_plant,68.89,33.2,60.6,240.83
cactus,68.98,33.2,60.6,240.83
money_plant,32.06,33.2,61.3,238.33
snake_plant,69.08,33.2,61.3,238.33
cactus,68.83,33.2,61.3,238.33
money_plant,32.12,33.2,61.1,232.5
snake_plant,68.98,33.2,61.1,232.5
cactus,68.89,33.2,61.1,232.5
money_plant,32.21,33.1,61.6,230.83
snake_plant,68.73,33.1,61.6,230.83
cactus,69.1,33.1,61.6,230.83
money_plant,31.82,33.0,63.7,194.17
snake_plant,68.58,33.0,63.7,194.17
cactus,69.26,33.0,63.7,194.17
money_plant,31.73,33.1,63.9,191.67
snake_plant,68.39,33.1,63.9,191.67
cactus,68.77,33.1,63.9,191.67
money_plant,32.21,33.1,64.2,189.17
snake_plant,68.61,33.1,64.2,189.17
cactus,68.89,33.1,64.2,189.17
money_plant,31.82,33.1,63.9,186.67
snake_plant,68.23,33.1,63.9,186.67
cactus,68.92,33.1,63.9,186.67
money_plant,31.82,33.1,64.2,182.5
snake_plant,68.7,33.1,64.2,182.5
cactus,68.92,33.1,64.2,182.5
money_plant,31.88,33.0,64.4,179.17
snake_plant,68.39,33.0,64.4,179.17
cactus,68.95,33.0,64.4,179.17
money_plant,31.79,33.0,64.7,176.67
snake_plant,68.42,33.0,64.7,176.67
cactus,68.71,33.0,64.7,176.67
money_plant,31.73,33.0,64.8,175.83
snake_plant,68.51,33.0,64.8,175.83
cactus,68.71,33.0,64.8,175.83
money_plant,31.7,33.0,64.7,170.0
snake_plant,68.42,33.0,64.7,170.0
cactus,68.38,33.0,64.7,170.0
money_plant,31.73,33.0,64.7,172.5
snake_plant,68.33,33.0,64.7,172.5
cactus,68.74,33.0,64.7,172.5
money_plant,31.82,33.0,64.9,165.0
snake_plant,68.54,33.0,64.9,165.0
cactus,68.59,33.0,64.9,165.0
money_plant,31.82,33.0,64.7,160.83
snake_plant,68.29,33.0,64.7,160.83
cactus,68.71,33.0,64.7,160.83
money_plant,31.35,32.9,65.2,153.33
snake_plant,68.48,32.9,65.2,153.33
cactus,68.77,32.9,65.2,153.33
money_plant,31.53,32.9,65.2,149.17
snake_plant,68.17,32.9,65.2,149.17
cactus,68.62,32.9,65.2,149.17
money_plant,31.64,32.9,65.4,146.67
snake_plant,68.48,32.9,65.4,146.67
cactus,68.86,32.9,65.4,146.67
money_plant,31.29,32.9,65.7,140.83
snake_plant,68.73,32.9,65.7,140.83
cactus,68.56,32.9,65.7,140.83
money_plant,31.73,32.8,65.8,138.33
snake_plant,68.42,32.8,65.8,138.33
cactus,68.59,32.8,65.8,138.33
money_plant,31.44,32.8,65.6,135.83
snake_plant,68.48,32.8,65.6,135.83
cactus,68.65,32.8,65.6,135.83
money_plant,31.44,32.7,65.7,130.0
snake_plant,68.36,32.7,65.7,130.0
cactus,67.95,32.7,65.7,130.0
money_plant,31.17,32.6,65.8,124.17
snake_plant,68.11,32.6,65.8,124.17
cactus,68.47,32.6,65.8,124.17
money_plant,31.17,32.7,65.9,124.17
snake_plant,68.39,32.7,65.9,124.17
cactus,67.47,32.7,65.9,124.17
money_plant,31.41,32.7,66.2,110.0
snake_plant,68.2,32.7,66.2,110.0
cactus,68.92,32.7,66.2,110.0
money_plant,31.41,32.7,66.1,101.67
snake_plant,68.17,32.7,66.1,101.67
cactus,68.77,32.7,66.1,101.67
money_plant,31.26,32.6,66.4,98.33
snake_plant,68.01,32.6,66.4,98.33
cactus,68.74,32.6,66.4,98.33
money_plant,35.97,32.6,66.5,95.0
snake_plant,68.26,32.6,66.5,95.0
cactus,68.74,32.6,66.5,95.0
money_plant,31.2,32.6,66.5,90.83
snake_plant,68.08,32.6,66.5,90.83
cactus,68.71,32.6,66.5,90.83
money_plant,31.08,32.6,66.7,87.5
snake_plant,67.82,32.6,66.7,87.5
cactus,68.95,32.6,66.7,87.5
money_plant,30.81,32.5,66.9,82.5
snake_plant,67.95,32.5,66.9,82.5
cactus,68.98,32.5,66.9,82.5
money_plant,30.96,32.5,67.3,78.33
snake_plant,67.92,32.5,67.3,78.33
cactus,68.8,32.5,67.3,78.33
money_plant,30.87,32.5,67.3,72.5
snake_plant,67.92,32.5,67.3,72.5
cactus,68.89,32.5,67.3,72.5
money_plant,31.11,32.5,67.2,66.67
snake_plant,68.08,32.5,67.2,66.67
cactus,66.8,32.5,67.2,66.67
money_plant,31.05,32.4,67.4,62.5
snake_plant,67.36,32.4,67.4,62.5
cactus,68.62,32.4,67.4,62.5
money_plant,30.87,32.3,67.7,55.83
snake_plant,68.08,32.3,67.7,55.83
cactus,68.59,32.3,67.7,55.83
money_plant,30.87,32.3,68.0,50.0
snake_plant,67.82,32.3,68.0,50.0
cactus,68.5,32.3,68.0,50.0
money_plant,31.17,32.2,67.9,48.33
snake_plant,67.98,32.2,67.9,48.33
cactus,68.62,32.2,67.9,48.33
money_plant,30.79,32.3,68.0,45.83
snake_plant,68.04,32.3,68.0,45.83
cactus,68.71,32.3,68.0,45.83
money_plant,30.73,32.4,67.8,41.67
snake_plant,67.98,32.4,67.8,41.67
cactus,68.83,32.4,67.8,41.67
money_plant,30.73,32.4,67.5,38.33
snake_plant,68.39,32.4,67.5,38.33
cactus,69.1,32.4,67.5,38.33
money_plant,30.81,32.5,67.6,36.67
snake_plant,67.89,32.5,67.6,36.67
cactus,68.77,32.5,67.6,36.67
money_plant,30.93,32.4,67.7,32.5
snake_plant,67.76,32.4,67.7,32.5
cactus,68.65,32.4,67.7,32.5
money_plant,30.81,32.4,67.9,30.0
snake_plant,67.76,32.4,67.9,30.0
cactus,68.62,32.4,67.9,30.0
money_plant,30.93,32.4,67.8,59.17
snake_plant,67.61,32.4,67.8,59.17
cactus,68.65,32.4,67.8,59.17
money_plant,30.79,32.5,67.6,57.5
snake_plant,67.57,32.5,67.6,57.5
cactus,68.62,32.5,67.6,57.5
money_plant,30.81,32.6,67.6,57.5
snake_plant,67.61,32.6,67.6,57.5
cactus,68.53,32.6,67.6,57.5
money_plant,30.79,32.7,67.5,57.5
snake_plant,67.89,32.7,67.5,57.5
cactus,68.44,32.7,67.5,57.5
money_plant,30.81,32.7,67.4,57.5
snake_plant,67.73,32.7,67.4,57.5
cactus,68.71,32.7,67.4,57.5
money_plant,30.79,32.8,67.6,57.5
snake_plant,67.61,32.8,67.6,57.5
cactus,68.68,32.8,67.6,57.5
money_plant,30.76,32.8,67.6,57.5
snake_plant,67.86,32.8,67.6,57.5
cactus,68.56,32.8,67.6,57.5
money_plant,30.49,32.8,67.4,57.5
snake_plant,67.57,32.8,67.4,57.5
cactus,68.5,32.8,67.4,57.5
snake_plant,67.64,32.8,67.6,57.5
cactus,68.5,32.8,67.6,57.5
money_plant,30.34,32.8,67.4,57.5
snake_plant,67.48,32.8,67.4,57.5
cactus,68.44,32.8,67.4,57.5
money_plant,30.58,32.9,67.4,57.5
snake_plant,67.57,32.9,67.4,57.5
cactus,68.56,32.9,67.4,57.5
money_plant,30.79,32.9,67.5,57.5
snake_plant,67.61,32.9,67.5,57.5
cactus,68.56,32.9,67.5,57.5
money_plant,30.61,32.9,67.5,57.5
snake_plant,66.95,32.9,67.5,57.5
cactus,68.62,32.9,67.5,57.5
money_plant,30.46,32.9,67.5,57.5
snake_plant,67.57,32.9,67.5,57.5
cactus,68.47,32.9,67.5,57.5
money_plant,30.52,32.9,67.5,57.5
snake_plant,67.73,32.9,67.5,57.5
cactus,68.71,32.9,67.5,57.5
money_plant,30.61,32.9,67.6,57.5
snake_plant,67.79,32.9,67.6,57.5
cactus,68.83,32.9,67.6,57.5
money_plant,30.58,32.9,67.7,57.5
snake_plant,67.36,32.9,67.7,57.5
cactus,68.62,32.9,67.7,57.5
money_plant,30.43,32.9,67.5,57.5
cactus,68.74,32.9,67.5,57.5
money_plant,29.75,32.9,67.6,57.5
snake_plant,67.54,32.9,67.6,57.5
cactus,68.77,32.9,67.6,57.5
snake_plant,67.54,32.9,67.5,57.5
cactus,70.11,32.9,67.5,57.5
money_plant,30.37,32.9,67.7,57.5
snake_plant,67.57,32.9,67.7,57.5
money_plant,30.34,32.9,67.4,57.5
snake_plant,67.51,32.9,67.4,57.5
cactus,68.83,32.9,67.4,57.5
snake_plant,67.64,32.9,67.5,57.5
cactus,68.89,32.9,67.5,57.5
money_plant,30.4,32.9,67.4,57.5
snake_plant,67.01,32.9,67.4,57.5
cactus,68.74,32.9,67.4,57.5
cactus,68.71,32.9,67.7,57.5
money_plant,29.93,32.9,67.6,57.5
cactus,68.68,32.9,67.6,57.5
money_plant,30.61,32.9,67.7,57.5
snake_plant,68.08,32.9,67.7,57.5
cactus,68.86,32.9,67.7,57.5
money_plant,32.3,32.9,67.5,57.5
money_plant,30.34,32.9,67.6,57.5
cactus,68.92,32.9,67.6,57.5
money_plant,30.04,32.9,67.6,57.5
cactus,68.86,32.9,67.6,57.5
money_plant,30.46,33.0,67.5,57.5
snake_plant,67.57,33.0,67.5,57.5
cactus,68.92,33.0,67.5,57.5
money_plant,30.34,32.9,67.7,57.5
cactus,68.83,32.9,67.7,57.5
snake_plant,67.61,32.9,67.6,57.5
cactus,69.14,32.9,67.6,57.5
snake_plant,67.45,32.9,67.7,57.5
cactus,68.92,32.9,67.7,57.5
money_plant,30.34,32.9,67.9,57.5
snake_plant,67.54,32.9,67.9,57.5
cactus,68.83,32.9,67.9,57.5
snake_plant,67.57,32.9,67.6,57.5
money_plant,29.87,32.9,67.8,57.5
snake_plant,67.57,32.9,67.8,57.5
cactus,68.86,32.9,67.8,57.5
money_plant,29.87,32.9,67.7,57.5
cactus,69.01,32.9,67.7,57.5
money_plant,30.34,32.9,67.8,57.5
snake_plant,67.7,32.9,67.8,57.5
cactus,68.5,32.9,67.8,57.5
money_plant,29.78,32.9,68.0,57.5
snake_plant,67.51,32.9,68.0,57.5
cactus,68.83,32.9,68.0,57.5
money_plant,30.01,32.9,67.8,57.5
cactus,70.2,32.9,67.8,57.5
money_plant,29.93,32.9,67.8,57.5
snake_plant,67.01,32.9,67.8,57.5
cactus,68.98,32.9,67.8,57.5
money_plant,29.99,32.9,67.9,57.5
snake_plant,67.57,32.9,67.9,57.5
cactus,68.95,32.9,67.9,57.5
money_plant,27.59,32.9,68.0,57.5
snake_plant,67.45,32.9,68.0,57.5
cactus,68.89,32.9,68.0,57.5
money_plant,29.75,32.9,68.0,57.5
snake_plant,67.2,32.9,68.0,57.5
cactus,68.62,32.9,68.0,57.5
snake_plant,67.26,32.9,67.9,57.5
money_plant,29.78,32.9,68.3,57.5
snake_plant,67.51,32.9,68.3,57.5
cactus,68.62,32.9,68.3,57.5
snake_plant,67.17,32.9,67.9,57.5
cactus,69.2,32.9,67.9,57.5
money_plant,29.84,32.9,68.1,57.5
snake_plant,67.57,32.9,68.1,57.5
cactus,68.65,32.9,68.1,57.5
money_plant,29.84,32.8,68.1,57.5
snake_plant,67.14,32.8,68.1,57.5
cactus,68.71,32.8,68.1,57.5
money_plant,29.9,32.9,68.2,57.5
snake_plant,67.42,32.9,68.2,57.5
cactus,68.83,32.9,68.2,57.5
money_plant,29.9,32.9,68.0,57.5
snake_plant,67.36,32.9,68.0,57.5
cactus,68.44,32.9,68.0,57.5
money_plant,29.84,32.9,68.2,57.5
snake_plant,67.36,32.9,68.2,57.5
cactus,68.95,32.9,68.2,57.5
money_plant,29.93,32.9,68.2,57.5
snake_plant,67.48,32.9,68.2,57.5
cactus,68.77,32.9,68.2,57.5
money_plant,29.99,32.9,68.2,57.5
snake_plant,67.51,32.9,68.2,57.5
cactus,68.86,32.9,68.2,57.5
money_plant,29.84,32.9,68.3,57.5
snake_plant,67.23,32.9,68.3,57.5
cactus,68.95,32.9,68.3,57.5
money_plant,29.66,32.9,68.2,57.5
snake_plant,67.26,32.9,68.2,57.5
cactus,68.89,32.9,68.2,57.5
money_plant,29.6,32.9,68.2,57.5
snake_plant,67.2,32.9,68.2,57.5
cactus,68.92,32.9,68.2,57.5
money_plant,29.63,32.9,68.1,57.5
snake_plant,67.29,32.9,68.1,57.5
cactus,68.83,32.9,68.1,57.5
snake_plant,67.17,32.9,68.2,57.5
cactus,66.56,32.9,68.2,57.5
money_plant,29.81,32.9,68.4,57.5
snake_plant,67.23,32.9,68.4,57.5
cactus,69.07,32.9,68.4,57.5
money_plant,30.34,32.9,68.5,57.5
snake_plant,67.26,32.9,68.5,57.5
cactus,69.14,32.9,68.5,57.5
money_plant,29.36,32.8,68.3,57.5
snake_plant,67.36,32.8,68.3,57.5
cactus,69.1,32.8,68.3,57.5
money_plant,29.69,32.8,68.5,57.5
snake_plant,66.76,32.8,68.5,57.5
cactus,69.1,32.8,68.5,57.5
money_plant,29.78,32.8,68.6,57.5
snake_plant,67.2,32.8,68.6,57.5
cactus,69.2,32.8,68.6,57.5
money_plant,29.27,32.8,68.8,57.5
snake_plant,67.42,32.8,68.8,57.5
cactus,69.35,32.8,68.8,57.5
money_plant,29.78,32.8,68.8,57.5
snake_plant,67.23,32.8,68.8,57.5
cactus,69.23,32.8,68.8,57.5
money_plant,30.34,32.8,68.7,57.5
snake_plant,67.17,32.8,68.7,57.5
cactus,69.32,32.8,68.7,57.5
money_plant,30.34,32.8,69.1,57.5
snake_plant,67.51,32.8,69.1,57.5
cactus,69.29,32.8,69.1,57.5
money_plant,30.67,32.8,69.0,57.5
snake_plant,67.26,32.8,69.0,57.5
cactus,69.23,32.8,69.0,57.5
money_plant,29.84,32.8,68.8,57.5
snake_plant,67.26,32.8,68.8,57.5
cactus,69.38,32.8,68.8,57.5
money_plant,29.84,32.8,69.2,57.5
snake_plant,67.2,32.8,69.2,57.5
cactus,69.56,32.8,69.2,57.5
snake_plant,67.07,32.8,69.2,57.5
cactus,69.59,32.8,69.2,57.5
money_plant,29.54,32.8,69.5,57.5
snake_plant,66.92,32.8,69.5,57.5
cactus,69.41,32.8,69.5,57.5
money_plant,29.84,32.8,69.3,57.5
snake_plant,67.17,32.8,69.3,57.5
cactus,69.38,32.8,69.3,57.5
money_plant,29.75,32.9,69.1,57.5
snake_plant,67.23,32.9,69.1,57.5
cactus,69.41,32.9,69.1,57.5
money_plant,30.7,32.9,69.4,57.5
snake_plant,67.07,32.9,69.4,57.5
cactus,69.41,32.9,69.4,57.5
money_plant,29.84,32.9,69.5,57.5
snake_plant,67.23,32.9,69.5,57.5
cactus,69.47,32.9,69.5,57.5
money_plant,29.45,32.8,69.5,57.5
snake_plant,67.14,32.8,69.5,57.5
money_plant,29.84,32.8,69.6,57.5
snake_plant,66.95,32.8,69.6,57.5
cactus,69.44,32.8,69.6,57.5
money_plant,29.57,32.8,69.8,57.5
snake_plant,66.92,32.8,69.8,57.5
cactus,69.5,32.8,69.8,57.5
money_plant,29.69,32.8,69.7,57.5
snake_plant,64.85,32.8,69.7,57.5
cactus,69.41,32.8,69.7,57.5
money_plant,29.66,32.8,69.8,57.5
snake_plant,67.04,32.8,69.8,57.5
money_plant,29.54,32.8,69.8,57.5
snake_plant,67.1,32.8,69.8,57.5
cactus,69.38,32.8,69.8,57.5
money_plant,29.33,32.7,69.4,57.5
snake_plant,66.89,32.7,69.4,57.5
cactus,69.41,32.7,69.4,57.5
money_plant,29.69,32.8,69.9,57.5
snake_plant,66.85,32.8,69.9,57.5
cactus,69.35,32.8,69.9,57.5
money_plant,29.69,32.7,69.4,57.5
snake_plant,66.92,32.7,69.4,57.5
money_plant,29.69,32.7,69.6,57.5
snake_plant,67.42,32.7,69.6,57.5
cactus,69.35,32.7,69.6,57.5
money_plant,29.69,32.7,69.5,57.5
snake_plant,67.17,32.7,69.5,57.5
cactus,69.41,32.7,69.5,57.5
money_plant,29.42,32.8,70.1,57.5
snake_plant,66.67,32.8,70.1,57.5
cactus,69.32,32.8,70.1,57.5
money_plant,29.75,32.8,70.1,57.5
snake_plant,66.85,32.8,70.1,57.5
cactus,69.44,32.8,70.1,57.5
money_plant,29.54,32.8,70.1,57.5
snake_plant,67.07,32.8,70.1,57.5
cactus,69.68,32.8,70.1,57.5
money_plant,29.81,32.7,69.8,57.5
snake_plant,66.76,32.7,69.8,57.5
cactus,69.59,32.7,69.8,57.5
money_plant,29.51,32.8,70.0,57.5
snake_plant,66.92,32.8,70.0,57.5
cactus,69.41,32.8,70.0,57.5
money_plant,29.48,32.8,70.1,57.5
snake_plant,66.98,32.8,70.1,57.5
cactus,69.47,32.8,70.1,57.5
money_plant,29.33,32.8,70.1,57.5
snake_plant,66.7,32.8,70.1,57.5
cactus,69.62,32.8,70.1,57.5
money_plant,29.54,32.8,70.2,57.5
snake_plant,66.98,32.8,70.2,57.5
cactus,69.5,32.8,70.2,57.5
money_plant,29.21,32.8,70.2,57.5
snake_plant,66.64,32.8,70.2,57.5
cactus,69.41,32.8,70.2,57.5
money_plant,29.66,32.8,69.9,57.5
cactus,69.32,32.8,69.9,57.5
money_plant,29.3,32.8,70.0,57.5
snake_plant,66.73,32.8,70.0,57.5
cactus,69.56,32.8,70.0,57.5
money_plant,29.16,32.8,69.9,57.5
snake_plant,66.98,32.8,69.9,57.5
cactus,69.41,32.8,69.9,57.5
money_plant,29.33,32.8,69.9,57.5
snake_plant,67.07,32.8,69.9,57.5
money_plant,29.45,32.9,69.7,57.5
snake_plant,67.14,32.9,69.7,57.5
cactus,69.44,32.9,69.7,57.5
money_plant,29.45,32.9,69.6,57.5
snake_plant,67.04,32.9,69.6,57.5
cactus,69.44,32.9,69.6,57.5
money_plant,29.42,32.9,69.7,57.5
cactus,69.35,32.9,69.7,57.5
money_plant,29.66,32.9,69.5,57.5
snake_plant,66.89,32.9,69.5,57.5
cactus,69.59,32.9,69.5,57.5
money_plant,29.27,32.9,69.5,57.5
money_plant,29.3,32.9,69.7,57.5
snake_plant,67.07,32.9,69.7,57.5
cactus,69.47,32.9,69.7,57.5
money_plant,29.51,32.9,69.7,57.5
snake_plant,67.01,32.9,69.7,57.5
cactus,69.5,32.9,69.7,57.5
money_plant,29.66,32.9,69.4,57.5
snake_plant,67.04,32.9,69.4,57.5
cactus,69.62,32.9,69.4,57.5
cactus,69.35,32.8,69.5,57.5
money_plant,29.36,32.8,69.5,57.5
cactus,69.56,32.8,69.5,57.5
money_plant,29.27,32.8,69.4,57.5
snake_plant,67.39,32.8,69.4,57.5
cactus,69.38,32.8,69.4,57.5
money_plant,29.36,32.8,69.2,57.5
snake_plant,67.04,32.8,69.2,57.5
cactus,69.71,32.8,69.2,57.5
money_plant,29.39,32.8,69.3,57.5
snake_plant,67.01,32.8,69.3,57.5
cactus,69.71,32.8,69.3,57.5
money_plant,28.44,32.9,69.2,57.5
snake_plant,67.07,32.9,69.2,57.5
cactus,69.56,32.9,69.2,57.5
money_plant,29.3,32.8,69.4,57.5
snake_plant,66.92,32.8,69.4,57.5
cactus,69.62,32.8,69.4,57.5
money_plant,29.1,32.8,69.4,57.5
cactus,69.59,32.8,69.4,57.5
money_plant,28.95,32.8,69.9,58.33
snake_plant,63.72,32.8,69.9,58.33
cactus,69.71,32.8,69.9,58.33
money_plant,29.27,32.8,70.8,57.5
snake_plant,66.98,32.8,70.8,57.5
cactus,69.74,32.8,70.8,57.5
money_plant,29.39,32.7,71.1,57.5
snake_plant,66.79,32.7,71.1,57.5
cactus,69.44,32.7,71.1,57.5
money_plant,29.36,32.7,71.1,57.5
snake_plant,66.85,32.7,71.1,57.5
cactus,69.92,32.7,71.1,57.5
snake_plant,66.57,32.7,71.1,57.5
cactus,69.71,32.7,71.1,57.5
money_plant,29.24,32.7,71.1,57.5
snake_plant,66.6,32.7,71.1,57.5
cactus,69.56,32.7,71.1,57.5
money_plant,29.1,32.6,71.3,57.5
snake_plant,66.98,32.6,71.3,57.5
cactus,69.56,32.6,71.3,57.5
money_plant,32.24,32.6,71.4,57.5
snake_plant,66.79,32.6,71.4,57.5
cactus,69.68,32.6,71.4,57.5
money_plant,29.21,32.6,71.7,57.5
snake_plant,66.67,32.6,71.7,57.5
cactus,69.71,32.6,71.7,57.5
money_plant,29.16,32.6,71.7,57.5
snake_plant,66.89,32.6,71.7,57.5
cactus,69.44,32.6,71.7,57.5
snake_plant,66.57,32.6,71.7,57.5
cactus,69.77,32.6,71.7,57.5
money_plant,29.27,32.6,71.5,57.5
snake_plant,66.57,32.6,71.5,57.5
cactus,69.83,32.6,71.5,57.5
money_plant,29.07,32.6,71.6,57.5
snake_plant,66.6,32.6,71.6,57.5
cactus,69.8,32.6,71.6,57.5
money_plant,29.21,32.6,71.6,57.5
snake_plant,66.73,32.6,71.6,57.5
cactus,69.86,32.6,71.6,57.5
money_plant,28.95,32.6,71.9,57.5
snake_plant,66.7,32.6,71.9,57.5
cactus,68.35,32.6,71.9,57.5
money_plant,28.89,32.6,71.9,57.5
snake_plant,66.76,32.6,71.9,57.5
cactus,69.8,32.6,71.9,57.5
money_plant,29.33,32.7,71.7,57.5
snake_plant,66.73,32.7,71.7,57.5
cactus,69.74,32.7,71.7,57.5
money_plant,29.04,32.7,71.7,57.5
snake_plant,66.76,32.7,71.7,57.5
cactus,69.68,32.7,71.7,57.5
snake_plant,66.67,32.7,71.7,57.5
money_plant,29.1,32.7,71.6,57.5
snake_plant,66.73,32.7,71.6,57.5
cactus,69.92,32.7,71.6,57.5
money_plant,29.75,32.7,71.4,57.5
snake_plant,66.92,32.7,71.4,57.5
cactus,69.86,32.7,71.4,57.5
money_plant,29.27,32.7,71.5,57.5
snake_plant,66.57,32.7,71.5,57.5
cactus,69.86,32.7,71.5,57.5
money_plant,29.07,32.6,71.4,57.5
snake_plant,66.76,32.6,71.4,57.5
cactus,69.74,32.6,71.4,57.5
money_plant,29.04,32.6,71.6,57.5
snake_plant,66.17,32.6,71.6,57.5
cactus,69.59,32.6,71.6,57.5
money_plant,29.16,32.7,71.5,57.5
snake_plant,66.73,32.7,71.5,57.5
cactus,69.74,32.7,71.5,57.5
money_plant,29.16,32.6,71.5,57.5
snake_plant,66.48,32.6,71.5,57.5
cactus,69.8,32.6,71.5,57.5
snake_plant,66.98,32.6,71.6,57.5
cactus,69.77,32.6,71.6,57.5
snake_plant,66.76,32.6,71.7,57.5
cactus,69.92,32.6,71.7,57.5
snake_plant,63.63,32.6,71.6,57.5
cactus,70.05,32.6,71.6,57.5
money_plant,28.86,32.6,71.7,57.5
snake_plant,66.07,32.6,71.7,57.5
cactus,69.68,32.6,71.7,57.5
money_plant,29.3,32.6,71.7,57.5
snake_plant,66.38,32.6,71.7,57.5
cactus,69.89,32.6,71.7,57.5
snake_plant,66.51,32.6,71.6,57.5
cactus,70.08,32.6,71.6,57.5
money_plant,29.36,32.6,71.7,57.5
snake_plant,66.54,32.6,71.7,57.5
money_plant,28.89,32.6,71.6,57.5
cactus,69.89,32.6,71.6,57.5
snake_plant,66.29,32.7,71.7,57.5
cactus,69.92,32.7,71.7,57.5
money_plant,29.1,32.6,71.7,57.5
snake_plant,66.42,32.6,71.7,57.5
money_plant,29.1,32.6,71.6,57.5
snake_plant,66.42,32.6,71.6,57.5
cactus,70.02,32.6,71.6,57.5
money_plant,29.04,32.6,71.5,57.5
snake_plant,66.1,32.6,71.5,57.5
cactus,69.59,32.6,71.5,57.5
money_plant,29.16,32.7,71.7,57.5
snake_plant,66.57,32.7,71.7,57.5
cactus,69.89,32.7,71.7,57.5
money_plant,28.89,32.6,71.7,57.5
money_plant,28.56,32.7,71.8,57.5
snake_plant,66.38,32.7,71.8,57.5
cactus,69.95,32.7,71.8,57.5
money_plant,28.98,32.6,71.7,57.5
snake_plant,66.29,32.6,71.7,57.5
snake_plant,66.48,32.7,71.7,57.5
cactus,70.02,32.7,71.7,57.5
money_plant,29.01,32.7,71.8,57.5
snake_plant,66.1,32.7,71.8,57.5
cactus,69.83,32.7,71.8,57.5
money_plant,28.95,32.6,71.6,57.5
money_plant,28.98,32.6,71.6,57.5
snake_plant,68.58,32.6,71.6,57.5
cactus,69.98,32.6,71.6,57.5
money_plant,28.86,32.6,71.6,57.5
snake_plant,66.26,32.6,71.6,57.5
money_plant,29.21,32.6,71.5,57.5
snake_plant,66.23,32.6,71.5,57.5
cactus,69.95,32.6,71.5,57.5
snake_plant,66.48,32.6,71.6,57.5
money_plant,28.89,32.6,71.5,57.5
snake_plant,66.13,32.6,71.5,57.5
cactus,69.98,32.6,71.5,57.5
cactus,70.17,32.6,71.5,57.5
money_plant,28.92,32.6,71.6,57.5
snake_plant,66.29,32.6,71.6,57.5
cactus,69.83,32.6,71.6,57.5
money_plant,28.89,32.6,71.4,57.5
snake_plant,66.26,32.6,71.4,57.5
cactus,69.95,32.6,71.4,57.5
snake_plant,66.23,32.6,71.6,57.5
money_plant,29.04,32.6,71.4,57.5
snake_plant,66.07,32.6,71.4,57.5
cactus,70.05,32.6,71.4,57.5
snake_plant,66.04,32.6,71.4,57.5
cactus,70.26,32.6,71.4,57.5
money_plant,28.89,32.7,71.4,57.5
snake_plant,65.88,32.7,71.4,57.5
cactus,70.38,32.7,71.4,57.5
money_plant,28.83,32.6,71.5,57.5
snake_plant,66.17,32.6,71.5,57.5
cactus,70.29,32.6,71.5,57.5
money_plant,28.83,32.6,71.4,57.5
snake_plant,65.7,32.6,71.4,57.5
snake_plant,65.85,32.6,71.4,57.5
cactus,70.38,32.6,71.4,57.5
cactus,70.44,32.6,71.4,57.5
money_plant,28.92,32.6,71.2,57.5
snake_plant,65.98,32.6,71.2,57.5
cactus,70.35,32.6,71.2,57.5
money_plant,29.01,32.6,71.4,57.5
cactus,70.29,32.6,71.4,57.5
money_plant,29.04,32.6,71.3,57.5
snake_plant,66.07,32.6,71.3,57.5
cactus,70.38,32.6,71.3,57.5
money_plant,29.27,32.6,71.2,57.5
cactus,70.23,32.6,71.2,57.5
snake_plant,65.79,32.6,71.4,57.5
cactus,70.32,32.6,71.4,57.5
money_plant,28.71,32.5,71.5,57.5
snake_plant,65.92,32.5,71.5,57.5
cactus,70.38,32.5,71.5,57.5
money_plant,28.89,32.6,71.2,57.5
snake_plant,65.88,32.6,71.2,57.5
cactus,70.65,32.6,71.2,57.5
money_plant,28.74,32.6,71.4,57.5
snake_plant,65.57,32.6,71.4,57.5
cactus,70.5,32.6,71.4,57.5
money_plant,28.83,32.5,71.5,57.5
snake_plant,65.63,32.5,71.5,57.5
cactus,70.29,32.5,71.5,57.5
money_plant,28.98,32.6,71.5,57.5
snake_plant,66.01,32.6,71.5,57.5
cactus,70.23,32.6,71.5,57.5
money_plant,28.89,32.5,71.4,57.5
snake_plant,65.98,32.5,71.4,57.5
cactus,70.38,32.5,71.4,57.5
money_plant,28.68,32.5,71.4,57.5
snake_plant,65.73,32.5,71.4,57.5
money_plant,28.89,32.5,71.5,57.5
snake_plant,65.73,32.5,71.5,57.5
cactus,70.41,32.5,71.5,57.5
money_plant,28.83,32.5,71.4,57.5
money_plant,28.8,32.5,71.5,57.5
cactus,70.17,32.5,71.5,57.5
money_plant,28.68,32.5,71.5,57.5
snake_plant,65.67,32.5,71.5,57.5
cactus,70.35,32.5,71.5,57.5
money_plant,28.89,32.5,71.3,57.5
snake_plant,65.54,32.5,71.3,57.5
cactus,70.2,32.5,71.3,57.5
money_plant,28.8,32.5,71.3,57.5
snake_plant,65.57,32.5,71.3,57.5
cactus,70.38,32.5,71.3,57.5
snake_plant,65.92,32.5,71.4,57.5
cactus,70.23,32.5,71.4,57.5
money_plant,28.56,32.5,71.4,57.5
snake_plant,65.57,32.5,71.4,57.5
cactus,70.41,32.5,71.4,57.5
money_plant,28.53,32.5,71.4,57.5
snake_plant,65.48,32.5,71.4,57.5
money_plant,28.5,32.5,71.5,57.5
money_plant,28.86,32.5,71.2,57.5
snake_plant,65.48,32.5,71.2,57.5
cactus,70.38,32.5,71.2,57.5
money_plant,28.09,32.5,71.2,57.5
snake_plant,65.41,32.5,71.2,57.5
cactus,70.41,32.5,71.2,57.5
money_plant,28.24,32.5,71.4,57.5
snake_plant,65.38,32.5,71.4,57.5
cactus,70.29,32.5,71.4,57.5
snake_plant,65.48,32.5,71.3,57.5
money_plant,28.98,32.5,71.4,57.5
snake_plant,65.51,32.5,71.4,57.5
cactus,71.71,32.5,71.4,57.5
snake_plant,65.26,32.6,71.4,57.5
cactus,70.56,32.6,71.4,57.5
money_plant,28.86,32.5,71.4,57.5
money_plant,28.71,32.5,71.3,57.5
snake_plant,65.38,32.5,71.3,57.5
cactus,70.41,32.5,71.3,57.5
money_plant,28.95,32.5,71.4,57.5
snake_plant,65.35,32.5,71.4,57.5
money_plant,28.77,32.6,71.5,57.5
snake_plant,65.54,32.6,71.5,57.5
cactus,70.26,32.6,71.5,57.5
money_plant,28.44,32.5,71.5,57.5
snake_plant,65.01,32.5,71.5,57.5
cactus,69.98,32.5,71.5,57.5
money_plant,28.86,32.6,71.4,57.5
cactus,70.53,32.6,71.4,57.5
money_plant,28.89,32.5,71.7,57.5
snake_plant,65.23,32.5,71.7,57.5
cactus,70.65,32.5,71.7,57.5
snake_plant,65.23,32.5,71.5,57.5
snake_plant,65.04,32.6,71.6,57.5
cactus,70.96,32.6,71.6,57.5
money_plant,28.92,32.6,71.4,57.5
snake_plant,65.07,32.6,71.4,57.5
cactus,70.41,32.6,71.4,57.5
cactus,70.44,32.6,71.5,57.5
snake_plant,65.16,32.5,71.5,57.5
cactus,70.53,32.5,71.5,57.5
snake_plant,65.13,32.6,71.4,57.5
cactus,70.59,32.6,71.4,57.5
money_plant,28.74,32.6,71.5,57.5
snake_plant,65.1,32.6,71.5,57.5
cactus,70.68,32.6,71.5,57.5
money_plant,28.74,32.5,71.5,57.5
snake_plant,65.35,32.5,71.5,57.5
cactus,70.68,32.5,71.5,57.5
money_plant,28.86,32.6,71.3,57.5
snake_plant,65.01,32.6,71.3,57.5
cactus,70.44,32.6,71.3,57.5
snake_plant,65.26,32.5,71.5,57.5
cactus,70.65,32.5,71.5,57.5
money_plant,28.89,32.5,71.6,57.5
snake_plant,65.57,32.5,71.6,57.5
cactus,70.74,32.5,71.6,57.5
money_plant,28.89,32.6,71.3,57.5
snake_plant,65.35,32.6,71.3,57.5
cactus,70.68,32.6,71.3,57.5
money_plant,28.68,32.6,71.3,57.5
cactus,70.74,32.6,71.3,57.5
cactus,70.8,32.5,71.5,57.5
money_plant,28.71,32.5,71.6,57.5
snake_plant,64.98,32.5,71.6,57.5
cactus,70.65,32.5,71.6,57.5
money_plant,28.62,32.5,71.4,57.5
snake_plant,64.98,32.5,71.4,57.5
cactus,70.86,32.5,71.4,57.5
money_plant,28.68,32.5,71.6,57.5
snake_plant,64.95,32.5,71.6,57.5
cactus,70.77,32.5,71.6,57.5
snake_plant,65.04,32.5,71.5,57.5
money_plant,28.56,32.4,71.6,57.5
snake_plant,65.04,32.4,71.6,57.5
cactus,70.8,32.4,71.6,57.5
money_plant,28.44,32.4,71.6,57.5
snake_plant,64.85,32.4,71.6,57.5
cactus,70.59,32.4,71.6,57.5
money_plant,25.69,32.5,71.7,57.5
snake_plant,65.1,32.5,71.7,57.5
cactus,70.71,32.5,71.7,57.5
money_plant,28.5,32.5,71.6,57.5
snake_plant,65.07,32.5,71.6,57.5
snake_plant,64.91,32.5,71.5,57.5
cactus,70.83,32.5,71.5,57.5
money_plant,28.41,32.5,71.4,57.5
snake_plant,64.79,32.5,71.4,57.5
cactus,69.74,32.5,71.4,57.5
money_plant,28.5,32.5,71.2,57.5
snake_plant,64.85,32.5,71.2,57.5
cactus,70.86,32.5,71.2,57.5
snake_plant,64.73,32.5,71.6,57.5
cactus,70.9,32.5,71.6,57.5
snake_plant,64.85,32.5,71.4,57.5
cactus,70.8,32.5,71.4,57.5
money_plant,28.47,32.5,71.5,57.5
snake_plant,64.6,32.5,71.5,57.5
cactus,71.14,32.5,71.5,57.5
money_plant,29.1,32.5,71.6,57.5
snake_plant,64.66,32.5,71.6,57.5
cactus,71.2,32.5,71.6,57.5
money_plant,28.33,32.5,71.6,57.5
snake_plant,65.1,32.5,71.6,57.5
cactus,70.86,32.5,71.6,57.5
money_plant,28.39,32.5,71.5,57.5
snake_plant,64.73,32.5,71.5,57.5
snake_plant,64.66,32.5,71.5,57.5
cactus,71.02,32.5,71.5,57.5
money_plant,28.33,32.5,71.4,57.5
snake_plant,63.57,32.5,71.4,57.5
cactus,71.26,32.5,71.4,57.5
money_plant,28.95,32.5,71.2,57.5
snake_plant,64.66,32.5,71.2,57.5
cactus,70.96,32.5,71.2,57.5
money_plant,28.33,32.5,71.5,57.5
snake_plant,64.63,32.5,71.5,57.5
cactus,71.05,32.5,71.5,57.5
snake_plant,64.63,32.5,71.4,57.5
cactus,71.02,32.5,71.4,57.5
money_plant,28.27,32.5,71.5,57.5
money_plant,28.3,32.5,71.4,57.5
cactus,71.14,32.5,71.4,57.5
snake_plant,64.66,32.5,71.4,57.5
money_plant,28.15,32.5,71.5,57.5
snake_plant,64.57,32.5,71.5,57.5
money_plant,28.15,32.5,71.4,57.5
snake_plant,64.57,32.5,71.4,57.5
cactus,71.11,32.5,71.4,57.5
money_plant,27.91,32.5,71.4,57.5
snake_plant,64.54,32.5,71.4,57.5
cactus,71.17,32.5,71.4,57.5
money_plant,28.41,32.5,71.5,57.5
cactus,70.99,32.5,71.5,57.5
money_plant,28.18,32.4,71.4,57.5
snake_plant,64.51,32.4,71.4,57.5
cactus,71.05,32.4,71.4,57.5
money_plant,28.27,32.5,71.4,57.5
money_plant,28.3,32.4,71.2,57.5
snake_plant,65.07,32.4,71.2,57.5
cactus,71.26,32.4,71.2,57.5
money_plant,28.39,32.5,71.6,57.5
snake_plant,65.04,32.5,71.6,57.5
cactus,71.08,32.5,71.6,57.5
snake_plant,65.2,32.5,71.4,57.5
money_plant,28.89,32.5,71.2,57.5
snake_plant,64.98,32.5,71.2,57.5
cactus,71.2,32.5,71.2,57.5
money_plant,28.41,32.5,71.3,57.5
snake_plant,65.04,32.5,71.3,57.5
cactus,71.14,32.5,71.3,57.5
snake_plant,64.76,32.5,71.5,57.5
cactus,71.23,32.5,71.5,57.5
money_plant,28.21,32.5,71.5,57.5
snake_plant,65.85,32.5,71.5,57.5
cactus,71.32,32.5,71.5,57.5
money_plant,28.44,32.4,71.2,57.5
snake_plant,64.85,32.4,71.2,57.5
cactus,71.2,32.4,71.2,57.5
money_plant,28.15,32.4,71.4,57.5
snake_plant,64.85,32.4,71.4,57.5
cactus,71.35,32.4,71.4,57.5
money_plant,28.24,32.4,71.4,57.5
snake_plant,64.63,32.4,71.4,57.5
money_plant,28.74,32.4,71.4,57.5
cactus,71.26,32.4,71.4,57.5
money_plant,28.56,32.4,71.7,57.5
snake_plant,64.66,32.4,71.7,57.5
cactus,71.44,32.4,71.7,57.5
money_plant,28.41,32.4,71.3,57.5
snake_plant,64.6,32.4,71.3,57.5
cactus,71.35,32.4,71.3,57.5
money_plant,28.33,32.4,71.4,57.5
snake_plant,64.6,32.4,71.4,57.5
cactus,71.53,32.4,71.4,57.5
money_plant,28.41,32.4,71.5,57.5
snake_plant,64.57,32.4,71.5,57.5
cactus,71.35,32.4,71.5,57.5
money_plant,28.09,32.4,71.3,57.5
snake_plant,64.54,32.4,71.3,57.5
money_plant,28.24,32.4,71.2,57.5
snake_plant,64.73,32.4,71.2,57.5
cactus,71.35,32.4,71.2,57.5
snake_plant,64.54,32.4,71.4,57.5
cactus,71.44,32.4,71.4,57.5
money_plant,28.12,32.4,71.3,57.5
snake_plant,64.63,32.4,71.3,57.5
cactus,71.5,32.4,71.3,57.5
money_plant,28.27,32.4,71.3,57.5
snake_plant,64.51,32.4,71.3,57.5
cactus,71.56,32.4,71.3,57.5
money_plant,28.44,32.4,71.3,57.5
snake_plant,64.57,32.4,71.3,57.5
cactus,71.71,32.4,71.3,57.5
money_plant,28.24,32.5,71.3,57.5
snake_plant,64.35,32.5,71.3,57.5
cactus,71.41,32.5,71.3,57.5
money_plant,29.42,32.4,71.4,57.5
snake_plant,64.41,32.4,71.4,57.5
cactus,71.62,32.4,71.4,57.5
money_plant,27.05,32.5,71.3,57.5
snake_plant,64.54,32.5,71.3,57.5
cactus,71.62,32.5,71.3,57.5
money_plant,28.03,32.4,71.2,57.5
snake_plant,64.41,32.4,71.2,57.5
cactus,71.56,32.4,71.2,57.5
money_plant,27.97,32.4,71.2,57.5
snake_plant,64.35,32.4,71.2,57.5
cactus,71.47,32.4,71.2,57.5
money_plant,28.06,32.5,71.4,57.5
snake_plant,64.26,32.5,71.4,57.5
cactus,71.35,32.5,71.4,57.5
money_plant,28.09,32.5,71.1,57.5
snake_plant,64.29,32.5,71.1,57.5
cactus,71.44,32.5,71.1,57.5
money_plant,28.06,32.4,71.2,57.5
snake_plant,63.91,32.4,71.2,57.5
cactus,71.62,32.4,71.2,57.5
money_plant,28.24,32.4,71.1,57.5
snake_plant,64.44,32.4,71.1,57.5
cactus,71.65,32.4,71.1,57.5
money_plant,28.24,32.4,71.0,57.5
snake_plant,64.16,32.4,71.0,57.5
cactus,71.53,32.4,71.0,57.5
money_plant,28.21,32.4,71.0,57.5
snake_plant,64.29,32.4,71.0,57.5
cactus,71.62,32.4,71.0,57.5
cactus,71.81,32.4,71.2,57.5
money_plant,28.24,32.4,71.3,57.5
snake_plant,64.1,32.4,71.3,57.5
cactus,71.78,32.4,71.3,57.5
money_plant,28.21,32.4,71.4,57.5
snake_plant,64.23,32.4,71.4,57.5
cactus,71.59,32.4,71.4,57.5
money_plant,28.27,32.4,71.2,57.5
snake_plant,63.63,32.4,71.2,57.5
money_plant,28.12,32.4,71.2,57.5
snake_plant,63.88,32.4,71.2,57.5
cactus,71.68,32.4,71.2,57.5
money_plant,28.03,32.4,71.1,57.5
snake_plant,63.79,32.4,71.1,57.5
cactus,71.41,32.4,71.1,57.5
snake_plant,64.1,32.4,71.2,57.5
money_plant,28.09,32.4,71.2,57.5
snake_plant,63.66,32.4,71.2,57.5
cactus,71.65,32.4,71.2,57.5
money_plant,28.15,32.4,71.1,57.5
snake_plant,63.57,32.4,71.1,57.5
money_plant,28.09,32.4,71.1,57.5
snake_plant,64.1,32.4,71.1,57.5
cactus,71.53,32.4,71.1,57.5
money_plant,29.07,32.4,71.3,57.5
snake_plant,63.79,32.4,71.3,57.5
cactus,71.68,32.4,71.3,57.5
money_plant,27.85,32.4,71.2,57.5
snake_plant,63.72,32.4,71.2,57.5
cactus,71.44,32.4,71.2,57.5
money_plant,28.0,32.4,71.4,57.5
snake_plant,63.66,32.4,71.4,57.5
cactus,71.65,32.4,71.4,57.5
money_plant,27.79,32.4,71.2,57.5
cactus,71.38,32.4,71.2,57.5
money_plant,28.21,32.3,71.2,57.5
snake_plant,63.57,32.3,71.2,57.5
cactus,71.75,32.3,71.2,57.5
money_plant,28.39,32.3,71.1,57.5
snake_plant,63.57,32.3,71.1,57.5
cactus,71.44,32.3,71.1,57.5
money_plant,28.15,32.4,71.2,57.5
snake_plant,63.57,32.4,71.2,57.5
cactus,71.53,32.4,71.2,57.5
money_plant,28.0,32.3,71.2,57.5
snake_plant,63.54,32.3,71.2,57.5
cactus,73.6,32.3,71.2,57.5
money_plant,28.0,32.4,71.3,57.5
snake_plant,63.47,32.4,71.3,57.5
money_plant,27.91,32.4,71.1,57.5
snake_plant,62.63,32.4,71.1,57.5
cactus,71.35,32.4,71.1,57.5
money_plant,28.33,32.4,71.2,57.5
snake_plant,63.6,32.4,71.2,57.5
cactus,71.41,32.4,71.2,57.5
money_plant,27.94,32.3,71.1,57.5
money_plant,28.21,32.3,71.1,57.5
snake_plant,63.63,32.3,71.1,57.5
cactus,71.71,32.3,71.1,57.5
money_plant,27.94,32.4,71.3,57.5
snake_plant,63.44,32.4,71.3,57.5
cactus,71.32,32.4,71.3,57.5
money_plant,27.94,32.4,71.1,57.5
snake_plant,63.26,32.4,71.1,57.5
cactus,71.5,32.4,71.1,57.5
money_plant,28.09,32.3,71.3,57.5
snake_plant,63.54,32.3,71.3,57.5
cactus,71.47,32.3,71.3,57.5
snake_plant,63.29,32.4,71.2,57.5
money_plant,27.76,32.4,71.2,57.5
snake_plant,63.26,32.4,71.2,57.5
money_plant,27.91,32.4,71.3,57.5
snake_plant,63.04,32.4,71.3,57.5
cactus,71.62,32.4,71.3,57.5
money_plant,28.15,32.4,71.0,57.5
snake_plant,63.1,32.4,71.0,57.5
cactus,71.29,32.4,71.0,57.5
snake_plant,63.16,32.4,71.1,57.5
cactus,72.84,32.4,71.1,57.5
snake_plant,63.04,32.4,71.1,57.5
money_plant,27.88,32.4,71.2,57.5
snake_plant,62.07,32.4,71.1,57.5
snake_plant,63.13,32.4,71.1,57.5
cactus,69.92,32.4,71.1,57.5
money_plant,27.94,32.4,71.2,57.5
snake_plant,63.04,32.4,71.2,57.5
snake_plant,62.97,32.4,71.1,57.5
money_plant,27.56,32.4,71.1,57.5
cactus,71.38,32.4,71.1,57.5
money_plant,27.97,32.4,71.1,57.5
snake_plant,63.0,32.4,71.1,57.5
money_plant,27.88,32.4,71.1,56.67
snake_plant,63.1,32.4,71.1,56.67
cactus,71.56,32.4,71.1,56.67
snake_plant,62.97,32.4,71.2,57.5
money_plant,27.94,32.4,71.4,57.5
snake_plant,62.88,32.4,71.4,57.5
money_plant,27.97,32.4,71.4,57.5
snake_plant,62.97,32.4,71.4,57.5
money_plant,27.91,32.4,71.4,57.5
snake_plant,62.85,32.4,71.4,57.5
cactus,71.38,32.4,71.4,57.5
money_plant,27.91,32.4,71.4,56.67
snake_plant,63.04,32.4,71.4,56.67
cactus,71.44,32.4,71.4,56.67
money_plant,27.88,32.4,71.2,56.67
snake_plant,63.1,32.4,71.2,56.67
cactus,71.35,32.4,71.2,56.67
snake_plant,62.91,32.4,71.2,57.5
money_plant,27.26,32.4,71.2,57.5
snake_plant,63.13,32.4,71.2,57.5
cactus,71.32,32.4,71.2,57.5
money_plant,28.09,32.4,71.4,57.5
snake_plant,63.04,32.4,71.4,57.5
cactus,71.32,32.4,71.4,57.5
money_plant,27.44,32.4,71.5,57.5
snake_plant,62.79,32.4,71.5,57.5
money_plant,27.94,32.4,71.5,57.5
snake_plant,62.72,32.4,71.5,57.5
cactus,71.32,32.4,71.5,57.5
snake_plant,63.0,32.4,71.4,57.5
money_plant,27.88,32.4,71.3,57.5
snake_plant,62.63,32.4,71.3,57.5
cactus,71.26,32.4,71.3,57.5
cactus,71.05,32.4,71.5,57.5
money_plant,27.91,32.3,71.7,57.5
snake_plant,62.72,32.3,71.7,57.5
cactus,71.44,32.3,71.7,57.5
money_plant,27.88,32.3,71.4,57.5
snake_plant,62.63,32.3,71.4,57.5
cactus,71.47,32.3,71.4,57.5
money_plant,27.88,32.3,71.6,57.5
snake_plant,62.5,32.3,71.6,57.5
cactus,71.47,32.3,71.6,57.5
money_plant,27.85,32.3,71.6,57.5
snake_plant,62.66,32.3,71.6,57.5
cactus,71.41,32.3,71.6,57.5
money_plant,27.94,32.3,71.5,57.5
snake_plant,62.5,32.3,71.5,57.5
cactus,71.47,32.3,71.5,57.5
money_plant,27.79,32.3,71.6,56.67
snake_plant,62.66,32.3,71.6,56.67
cactus,71.35,32.3,71.6,56.67
money_plant,27.59,32.3,71.6,56.67
money_plant,27.29,32.3,71.6,57.5
snake_plant,62.57,32.3,71.6,57.5
cactus,71.35,32.3,71.6,57.5
money_plant,27.76,32.3,71.8,57.5
snake_plant,62.5,32.3,71.8,57.5
cactus,71.41,32.3,71.8,57.5
money_plant,27.61,32.4,71.7,56.67
snake_plant,62.57,32.4,71.7,56.67
cactus,71.35,32.4,71.7,56.67
money_plant,27.94,32.3,71.8,0.0
snake_plant,62.47,32.3,71.8,0.0
cactus,71.56,32.3,71.8,0.0
money_plant,27.85,32.4,71.8,0.0
snake_plant,62.75,32.4,71.8,0.0
cactus,71.53,32.4,71.8,0.0
money_plant,27.91,32.4,71.4,0.0
snake_plant,62.57,32.4,71.4,0.0
cactus,71.35,32.4,71.4,0.0
money_plant,27.94,32.4,71.3,0.0
snake_plant,62.57,32.4,71.3,0.0
cactus,71.41,32.4,71.3,0.0
money_plant,27.85,32.4,71.2,0.0
snake_plant,62.69,32.4,71.2,0.0
cactus,71.35,32.4,71.2,0.0
money_plant,27.5,32.4,71.2,0.0
snake_plant,62.35,32.4,71.2,0.0
cactus,71.29,32.4,71.2,0.0
money_plant,27.44,32.4,71.2,0.0
snake_plant,62.25,32.4,71.2,0.0
cactus,71.38,32.4,71.2,0.0
money_plant,27.67,32.4,71.1,0.0
snake_plant,62.47,32.4,71.1,0.0
cactus,71.65,32.4,71.1,0.0
money_plant,27.67,32.4,71.0,0.0
snake_plant,62.28,32.4,71.0,0.0
cactus,71.44,32.4,71.0,0.0
money_plant,27.79,32.3,71.1,0.0
snake_plant,62.85,32.3,71.1,0.0
cactus,71.44,32.3,71.1,0.0
money_plant,27.85,32.3,71.0,0.0
snake_plant,62.57,32.3,71.0,0.0
cactus,71.35,32.3,71.0,0.0
money_plant,27.91,32.3,71.0,0.0
cactus,71.44,32.3,71.0,0.0
money_plant,27.88,32.4,71.0,0.0
snake_plant,62.5,32.4,71.0,0.0
cactus,71.47,32.4,71.0,0.0
money_plant,27.64,32.3,71.0,0.0
snake_plant,62.41,32.3,71.0,0.0
cactus,71.38,32.3,71.0,0.0
money_plant,27.67,32.3,71.0,0.0
cactus,71.41,32.3,71.0,0.0
money_plant,27.64,32.3,71.1,0.0
snake_plant,62.25,32.3,71.1,0.0
cactus,71.08,32.3,71.1,0.0
money_plant,28.71,32.3,71.2,0.0
snake_plant,62.28,32.3,71.2,0.0
cactus,71.38,32.3,71.2,0.0
money_plant,27.85,32.3,71.1,0.0
snake_plant,62.22,32.3,71.1,0.0
cactus,71.56,32.3,71.1,0.0
snake_plant,62.13,32.3,71.1,0.0
cactus,71.41,32.3,71.1,0.0
money_plant,27.94,32.3,71.1,0.0
snake_plant,62.16,32.3,71.1,0.0
money_plant,28.44,32.3,71.1,0.0
cactus,71.38,32.3,71.1,0.0
money_plant,27.61,32.3,71.2,0.0
snake_plant,62.19,32.3,71.2,0.0
cactus,71.35,32.3,71.2,0.0
money_plant,27.56,32.3,71.1,0.0
snake_plant,62.44,32.3,71.1,0.0
money_plant,27.82,32.3,71.2,0.0
snake_plant,62.25,32.3,71.2,0.0
snake_plant,62.07,32.3,71.1,0.0
cactus,71.32,32.3,71.1,0.0
money_plant,27.14,32.2,71.1,0.0
snake_plant,62.22,32.2,71.1,0.0
cactus,71.41,32.2,71.1,0.0
money_plant,31.05,32.3,71.2,0.0
snake_plant,62.1,32.3,71.2,0.0
money_plant,26.16,32.3,71.1,0.0
cactus,71.35,32.3,71.1,0.0
money_plant,27.94,32.2,71.1,0.0
cactus,71.35,32.2,71.1,0.0
money_plant,27.64,32.2,71.1,0.0
snake_plant,63.04,32.2,71.1,0.0
cactus,71.32,32.2,71.1,0.0
money_plant,27.88,32.3,71.1,0.0
money_plant,27.61,32.2,71.2,0.0
snake_plant,62.41,32.2,71.2,0.0
cactus,71.38,32.2,71.2,0.0
money_plant,27.64,32.2,71.0,0.0
snake_plant,62.0,32.2,71.0,0.0
cactus,71.35,32.2,71.0,0.0
money_plant,27.82,32.2,71.2,0.0
snake_plant,62.07,32.2,71.2,0.0
cactus,71.05,32.2,71.2,0.0
snake_plant,62.03,32.2,71.2,0.0
cactus,71.35,32.2,71.2,0.0
money_plant,25.57,32.2,71.1,0.0
snake_plant,61.97,32.2,71.1,0.0
money_plant,26.99,32.2,71.1,0.0
snake_plant,62.07,32.2,71.1,0.0
money_plant,27.67,32.2,71.1,0.0
snake_plant,62.13,32.2,71.1,0.0
money_plant,27.05,32.2,71.1,0.0
snake_plant,62.0,32.2,71.1,0.0
money_plant,27.56,32.2,71.2,0.0
snake_plant,61.85,32.2,71.2,0.0
money_plant,27.64,32.2,71.3,0.0
snake_plant,62.03,32.2,71.3,0.0
cactus,71.29,32.2,71.3,0.0
money_plant,27.61,32.2,71.1,0.0
snake_plant,61.91,32.2,71.1,0.0
money_plant,27.85,32.2,71.0,0.0
snake_plant,62.07,32.2,71.0,0.0
snake_plant,61.88,32.2,71.1,0.0
cactus,71.17,32.2,71.1,0.0
money_plant,27.79,32.2,71.1,0.0
snake_plant,62.19,32.2,71.1,0.0
cactus,71.23,32.2,71.1,0.0
money_plant,27.64,32.2,71.2,0.0
snake_plant,61.91,32.2,71.2,0.0
cactus,71.23,32.2,71.2,0.0
money_plant,27.91,32.2,71.0,0.0
snake_plant,61.63,32.2,71.0,0.0
cactus,71.26,32.2,71.0,0.0
money_plant,27.88,32.2,71.0,0.0
snake_plant,62.35,32.2,71.0,0.0
money_plant,27.47,32.2,71.1,0.0
snake_plant,61.56,32.2,71.1,0.0
snake_plant,61.85,32.2,71.0,0.0
money_plant,27.94,32.2,71.2,0.0
cactus,71.29,32.2,71.2,0.0
money_plant,27.94,32.2,70.9,0.0
snake_plant,61.85,32.2,70.9,0.0
cactus,71.29,32.2,70.9,0.0
money_plant,28.03,32.2,71.0,0.0
money_plant,28.09,32.2,70.9,0.0
snake_plant,61.75,32.2,70.9,0.0
cactus,71.2,32.2,70.9,0.0
snake_plant,61.56,32.2,71.0,0.0
cactus,71.2,32.2,71.0,0.0
money_plant,27.61,32.2,71.0,0.0
snake_plant,61.91,32.2,71.0,0.0
money_plant,27.76,32.1,71.1,0.0
snake_plant,61.56,32.1,71.1,0.0
cactus,71.35,32.1,71.1,0.0
money_plant,27.94,32.1,71.1,0.0
cactus,71.14,32.1,71.1,0.0
money_plant,28.44,32.2,70.9,0.0
snake_plant,61.5,32.2,70.9,0.0
money_plant,30.99,32.2,71.1,0.0
snake_plant,61.72,32.2,71.1,0.0
cactus,71.26,32.2,71.1,0.0
money_plant,27.88,32.1,71.1,0.0
snake_plant,61.72,32.1,71.1,0.0
cactus,71.02,32.1,71.1,0.0
money_plant,27.56,32.1,71.0,0.0
snake_plant,61.6,32.1,71.0,0.0
cactus,71.08,32.1,71.0,0.0
money_plant,27.79,32.1,71.0,0.0
snake_plant,61.75,32.1,71.0,0.0
cactus,70.86,32.1,71.0,0.0
money_plant,27.91,32.1,71.1,0.0
snake_plant,61.85,32.1,71.1,0.0
cactus,71.23,32.1,71.1,0.0
money_plant,27.85,32.1,71.1,0.0
snake_plant,61.78,32.1,71.1,0.0
cactus,71.11,32.1,71.1,0.0
snake_plant,61.56,32.1,71.0,0.0
cactus,71.32,32.1,71.0,0.0
money_plant,27.56,32.1,71.1,0.0
snake_plant,61.66,32.1,71.1,0.0
cactus,71.2,32.1,71.1,0.0
money_plant,27.2,32.1,71.0,0.0
snake_plant,61.38,32.1,71.0,0.0
cactus,71.2,32.1,71.0,0.0
money_plant,27.47,32.1,71.1,0.0
snake_plant,61.6,32.1,71.1,0.0
money_plant,27.44,32.1,71.1,0.0
snake_plant,61.38,32.1,71.1,0.0
snake_plant,61.66,32.1,71.0,0.0
cactus,71.17,32.1,71.0,0.0
money_plant,27.61,32.1,71.1,0.0
snake_plant,61.63,32.1,71.1,0.0
cactus,71.08,32.1,71.1,0.0
money_plant,27.73,32.1,71.1,0.0
snake_plant,61.82,32.1,71.1,0.0
snake_plant,61.41,32.1,71.1,0.0
money_plant,27.41,32.1,71.0,0.0
snake_plant,61.22,32.1,71.0,0.0
money_plant,27.61,32.1,71.0,0.0
snake_plant,61.63,32.1,71.0,0.0
cactus,72.32,32.1,71.0,0.0
snake_plant,62.0,32.1,71.1,0.0
snake_plant,62.1,32.1,71.1,0.0
cactus,71.29,32.1,71.1,0.0
money_plant,27.61,32.0,71.0,0.0
snake_plant,61.91,32.0,71.0,0.0
cactus,71.32,32.0,71.0,0.0
money_plant,27.76,32.1,71.0,0.0
cactus,71.23,32.1,71.0,0.0
snake_plant,62.0,32.0,71.0,0.0
cactus,71.29,32.0,71.0,0.0
money_plant,27.64,32.1,71.0,0.0
snake_plant,62.07,32.1,71.0,0.0
cactus,71.29,32.1,71.0,0.0
money_plant,27.73,32.0,71.1,0.0
snake_plant,62.07,32.0,71.1,0.0
cactus,71.35,32.0,71.1,0.0
money_plant,27.5,32.1,71.1,0.0
snake_plant,61.88,32.1,71.1,0.0
cactus,73.84,32.1,71.1,0.0
money_plant,28.15,32.1,71.0,0.0
cactus,71.35,32.1,71.0,0.0
money_plant,27.67,32.1,71.0,0.0
snake_plant,61.6,32.0,71.1,0.0
cactus,71.38,32.0,71.1,0.0
money_plant,27.53,32.0,71.1,0.0
cactus,71.53,32.0,71.1,0.0
money_plant,27.59,32.0,71.1,0.0
snake_plant,61.78,32.0,71.1,0.0
cactus,71.5,32.0,71.1,0.0
money_plant,27.61,32.0,71.1,0.0
snake_plant,62.1,32.0,71.1,0.0
snake_plant,62.16,32.1,71.0,0.0
cactus,71.5,32.1,71.0,0.0
money_plant,27.53,32.0,71.0,0.0
snake_plant,61.85,32.0,71.0,0.0
cactus,71.41,32.0,71.0,0.0
money_plant,27.85,32.0,71.2,0.0
snake_plant,61.88,32.0,71.2,0.0
cactus,71.38,32.0,71.2,0.0
snake_plant,61.5,32.1,71.1,0.0
cactus,71.41,32.1,71.1,0.0
money_plant,27.32,32.0,71.1,0.0
snake_plant,61.72,32.0,71.1,0.0
cactus,71.47,32.0,71.1,0.0
money_plant,27.91,32.0,71.0,0.0
snake_plant,61.75,32.0,71.0,0.0
cactus,71.56,32.0,71.0,0.0
money_plant,27.61,32.0,70.9,0.0
snake_plant,61.88,32.0,70.9,0.0
cactus,71.5,32.0,70.9,0.0
money_plant,27.73,32.0,71.0,0.0
cactus,71.5,32.0,71.0,0.0
money_plant,27.88,32.0,71.0,0.0
snake_plant,61.47,32.0,71.0,0.0
snake_plant,61.5,32.0,71.1,0.0
cactus,71.41,32.0,71.1,0.0
money_plant,27.82,32.0,71.2,0.0
snake_plant,61.56,32.0,71.2,0.0
cactus,71.41,32.0,71.2,0.0
money_plant,27.73,32.0,71.2,0.0
snake_plant,61.66,32.0,71.2,0.0
cactus,71.47,32.0,71.2,0.0
money_plant,27.5,32.0,71.1,0.0
snake_plant,61.56,32.0,71.1,0.0
money_plant,27.38,32.0,71.2,0.0
snake_plant,61.6,32.0,71.2,0.0
money_plant,27.64,32.0,71.0,0.0
money_plant,27.67,32.0,71.3,0.0
snake_plant,60.94,32.0,71.3,0.0
cactus,71.5,32.0,71.3,0.0
money_plant,27.67,32.0,71.1,0.0
cactus,73.29,32.0,71.1,0.0
money_plant,27.73,31.9,71.2,0.0
snake_plant,61.56,31.9,71.2,0.0
cactus,71.56,31.9,71.2,0.0
money_plant,27.76,31.9,71.2,0.0
snake_plant,61.47,31.9,71.2,0.0
cactus,71.62,31.9,71.2,0.0
snake_plant,60.56,32.0,71.2,0.0
cactus,71.62,32.0,71.2,0.0
money_plant,27.53,32.0,71.2,0.0
cactus,71.5,32.0,71.2,0.0
money_plant,27.76,32.0,71.2,0.0
snake_plant,61.47,32.0,71.2,0.0
snake_plant,61.35,32.0,71.1,0.0
cactus,72.5,32.0,71.1,0.0
money_plant,27.5,32.0,71.2,0.0
snake_plant,61.5,32.0,71.2,0.0
cactus,71.68,32.0,71.2,0.0
money_plant,27.53,31.9,71.2,0.0
snake_plant,61.35,31.9,71.2,0.0
money_plant,27.67,31.9,71.2,0.0
snake_plant,61.38,31.9,71.2,0.0
cactus,71.81,31.9,71.2,0.0
money_plant,26.64,32.0,71.2,0.0
snake_plant,61.38,32.0,71.2,0.0
cactus,71.71,32.0,71.2,0.0
money_plant,27.88,31.9,71.3,0.0
snake_plant,61.16,31.9,71.3,0.0
cactus,71.62,31.9,71.3,0.0
money_plant,27.73,31.9,71.3,0.0
snake_plant,61.44,31.9,71.3,0.0
cactus,71.75,31.9,71.3,0.0
money_plant,27.61,31.9,71.4,0.0
snake_plant,61.16,31.9,71.4,0.0
cactus,71.62,31.9,71.4,0.0
money_plant,27.79,31.9,71.2,0.0
snake_plant,61.41,31.9,71.2,0.0
money_plant,28.15,31.9,71.3,0.0
snake_plant,61.35,31.9,71.3,0.0
cactus,71.81,31.9,71.3,0.0
money_plant,27.85,31.9,71.1,0.0
snake_plant,61.22,31.9,71.1,0.0
cactus,71.75,31.9,71.1,0.0
money_plant,27.44,31.9,71.3,0.0
snake_plant,61.03,31.9,71.3,0.0
money_plant,27.53,31.9,71.3,0.0
snake_plant,60.97,31.9,71.3,0.0
cactus,71.9,31.9,71.3,0.0
money_plant,27.67,31.9,71.3,0.0
snake_plant,61.06,31.9,71.3,0.0
cactus,71.68,31.9,71.3,0.0
money_plant,27.56,31.9,71.2,0.0
snake_plant,60.97,31.9,71.2,0.0
cactus,71.68,31.9,71.2,0.0
snake_plant,61.03,31.9,71.2,0.0
cactus,71.75,31.9,71.2,0.0
money_plant,27.64,31.9,71.2,0.0
snake_plant,63.51,31.9,71.2,0.0
cactus,71.78,31.9,71.2,0.0
cactus,71.9,31.9,71.2,0.0
money_plant,27.79,31.9,71.1,0.0
snake_plant,61.03,31.9,71.1,0.0
cactus,72.93,31.9,71.1,0.0
money_plant,27.56,31.9,71.3,0.0
snake_plant,61.56,31.9,71.3,0.0
cactus,71.84,31.9,71.3,0.0
money_plant,27.47,31.9,71.2,0.0
cactus,70.83,31.9,71.2,0.0
snake_plant,61.13,31.9,71.2,0.0
money_plant,27.76,31.9,71.3,0.0
snake_plant,60.56,31.9,71.3,0.0
money_plant,27.61,31.9,71.3,0.0
money_plant,27.59,31.9,71.4,0.0
snake_plant,61.03,31.9,71.4,0.0
cactus,71.87,31.9,71.4,0.0
money_plant,27.64,31.9,71.4,0.0
snake_plant,60.97,31.9,71.4,0.0
cactus,71.84,31.9,71.4,0.0
money_plant,26.84,31.9,71.3,0.0
snake_plant,60.72,31.9,71.3,0.0
money_plant,27.64,31.8,71.3,0.0
snake_plant,60.56,31.8,71.3,0.0
cactus,71.93,31.8,71.3,0.0
money_plant,27.85,31.9,71.5,0.0
snake_plant,61.0,31.9,71.5,0.0
cactus,71.9,31.9,71.5,0.0
money_plant,27.17,31.9,71.4,0.0
snake_plant,60.91,31.9,71.4,0.0
cactus,71.93,31.9,71.4,0.0
money_plant,27.02,31.8,71.4,0.0
snake_plant,60.53,31.8,71.4,0.0
cactus,71.9,31.8,71.4,0.0
money_plant,27.56,31.8,71.4,0.0
snake_plant,60.72,31.8,71.4,0.0
cactus,71.93,31.8,71.4,0.0
money_plant,28.0,31.9,71.4,0.0
snake_plant,60.72,31.9,71.4,0.0
cactus,71.96,31.9,71.4,0.0
money_plant,27.5,31.8,71.2,0.0
snake_plant,60.53,31.8,71.2,0.0
cactus,72.17,31.8,71.2,0.0
money_plant,25.1,31.8,71.2,0.0
snake_plant,60.69,31.8,71.2,0.0
cactus,71.9,31.8,71.2,0.0
snake_plant,60.56,31.9,71.5,0.0
cactus,72.02,31.9,71.5,0.0
money_plant,27.88,31.9,71.6,0.0
snake_plant,60.91,31.9,71.6,0.0
cactus,72.02,31.9,71.6,0.0
money_plant,27.53,31.8,71.6,0.0
snake_plant,60.63,31.8,71.6,0.0
cactus,71.99,31.8,71.6,0.0
money_plant,27.67,31.8,71.5,0.0
snake_plant,60.56,31.8,71.5,0.0
cactus,71.93,31.8,71.5,0.0
money_plant,27.67,31.9,71.4,0.0
cactus,72.02,31.9,71.4,0.0
money_plant,27.64,31.9,71.3,0.0
cactus,72.72,31.9,71.3,0.0
snake_plant,60.47,31.9,71.3,0.0
cactus,72.05,31.9,71.3,0.0
money_plant,27.41,31.9,71.2,0.0
snake_plant,60.47,31.9,71.2,0.0
cactus,73.08,31.9,71.2,0.0
money_plant,27.64,31.8,71.4,0.0
snake_plant,60.85,31.8,71.4,0.0
cactus,72.14,31.8,71.4,0.0
money_plant,27.41,31.8,71.4,0.0
money_plant,27.5,31.8,71.5,0.0
snake_plant,60.5,31.8,71.5,0.0
cactus,71.87,31.8,71.5,0.0
money_plant,27.73,31.8,71.5,0.0
snake_plant,60.47,31.8,71.5,0.0
cactus,71.96,31.8,71.5,0.0
money_plant,27.61,31.8,71.6,0.0
snake_plant,60.53,31.8,71.6,0.0
cactus,71.9,31.8,71.6,0.0
money_plant,27.59,31.8,71.4,0.0
snake_plant,60.38,31.8,71.4,0.0
cactus,72.02,31.8,71.4,0.0
money_plant,27.5,31.8,71.4,0.0
snake_plant,60.56,31.8,71.4,0.0
cactus,71.96,31.8,71.4,0.0
money_plant,27.7,31.8,71.4,0.0
cactus,71.71,31.8,71.4,0.0
money_plant,27.76,31.8,71.5,0.0
snake_plant,60.53,31.8,71.5,0.0
cactus,71.84,31.8,71.5,0.0
money_plant,27.29,31.8,71.5,0.0
snake_plant,60.69,31.8,71.5,0.0
money_plant,27.14,31.8,71.4,0.0
snake_plant,60.25,31.8,71.4,0.0
money_plant,27.67,31.8,71.6,0.0
cactus,71.81,31.8,71.6,0.0
money_plant,27.73,31.8,71.6,0.0
snake_plant,60.56,31.8,71.6,0.0
cactus,72.05,31.8,71.6,0.0
money_plant,27.94,31.8,71.6,0.0
cactus,71.93,31.8,71.6,0.0
money_plant,27.64,31.8,71.6,0.0
snake_plant,60.22,31.8,71.6,0.0
money_plant,27.41,31.8,71.6,0.0
snake_plant,60.25,31.8,71.6,0.0
snake_plant,60.16,31.8,71.6,0.0
cactus,71.96,31.8,71.6,0.0
snake_plant,59.56,31.8,71.6,0.0
cactus,71.84,31.8,71.6,0.0
money_plant,27.44,31.8,71.6,0.0
snake_plant,59.91,31.8,71.6,0.0
money_plant,27.53,31.8,71.5,0.0
snake_plant,60.03,31.8,71.5,0.0
cactus,72.05,31.8,71.5,0.0
money_plant,27.5,31.7,71.7,0.0
snake_plant,60.0,31.7,71.7,0.0
cactus,71.84,31.7,71.7,0.0
money_plant,27.82,31.8,71.6,0.0
snake_plant,60.06,31.8,71.6,0.0
money_plant,27.73,31.7,71.6,0.0
snake_plant,60.13,31.7,71.6,0.0
cactus,71.87,31.7,71.6,0.0
money_plant,27.76,31.7,71.6,0.0
snake_plant,60.09,31.7,71.6,0.0
cactus,71.71,31.7,71.6,0.0
money_plant,27.73,31.7,71.7,0.0
snake_plant,60.19,31.7,71.7,0.0
snake_plant,59.97,31.7,71.7,0.0
cactus,71.68,31.7,71.7,0.0
money_plant,27.64,31.7,71.5,0.0
snake_plant,59.84,31.7,71.5,0.0
cactus,71.68,31.7,71.5,0.0
money_plant,27.85,31.7,71.6,0.0
snake_plant,59.91,31.7,71.6,0.0
cactus,71.75,31.7,71.6,0.0
money_plant,27.64,31.7,71.8,0.0
snake_plant,60.03,31.7,71.8,0.0
cactus,71.87,31.7,71.8,0.0
money_plant,27.53,31.7,71.4,0.0
snake_plant,60.56,31.7,71.4,0.0
cactus,71.68,31.7,71.4,0.0
money_plant,27.2,31.7,71.8,0.0
snake_plant,59.75,31.7,71.8,0.0
cactus,71.68,31.7,71.8,0.0
money_plant,27.73,31.7,71.5,0.0
snake_plant,60.06,31.7,71.5,0.0
cactus,71.87,31.7,71.5,0.0
money_plant,27.76,31.8,71.7,0.0
snake_plant,59.78,31.8,71.7,0.0
cactus,71.62,31.8,71.7,0.0
snake_plant,59.69,31.7,71.6,0.0
cactus,71.62,31.7,71.6,0.0
money_plant,27.47,31.7,71.6,0.0
cactus,71.84,31.7,71.6,0.0
money_plant,26.04,31.8,71.6,0.0
snake_plant,59.81,31.8,71.6,0.0
money_plant,27.41,31.7,71.7,0.0
snake_plant,59.56,31.7,71.7,0.0
cactus,71.56,31.7,71.7,0.0
money_plant,27.53,31.7,71.7,0.0
snake_plant,59.5,31.7,71.7,0.0
cactus,71.93,31.7,71.7,0.0
money_plant,27.32,31.7,71.5,0.0
snake_plant,59.56,31.7,71.5,0.0
cactus,71.56,31.7,71.5,0.0
money_plant,27.61,31.7,71.6,0.0
snake_plant,59.62,31.7,71.6,0.0
money_plant,27.44,31.7,71.6,0.0
snake_plant,59.66,31.7,71.6,0.0
cactus,71.78,31.7,71.6,0.0
money_plant,27.5,31.7,71.8,0.0
snake_plant,59.56,31.7,71.8,0.0
money_plant,27.61,31.7,71.7,0.0
snake_plant,59.53,31.7,71.7,0.0
cactus,71.81,31.7,71.7,0.0
money_plant,27.67,31.7,71.7,0.0
snake_plant,59.44,31.7,71.7,0.0
snake_plant,59.41,31.7,71.7,0.0
cactus,71.87,31.7,71.7,0.0
money_plant,27.79,31.7,71.7,0.0
money_plant,27.94,31.7,71.6,0.0
cactus,72.11,31.7,71.6,0.0
snake_plant,59.72,31.7,71.7,0.0
money_plant,27.59,31.7,71.6,0.0
snake_plant,59.53,31.7,71.6,0.0
cactus,71.81,31.7,71.6,0.0
money_plant,27.82,31.7,71.8,0.0
snake_plant,59.94,31.7,71.8,0.0
cactus,71.9,31.7,71.8,0.0
money_plant,27.73,31.7,71.8,0.0
snake_plant,59.53,31.7,71.8,0.0
cactus,71.93,31.7,71.8,0.0
money_plant,27.59,31.7,71.9,0.0
snake_plant,59.56,31.7,71.9,0.0
cactus,71.56,31.7,71.9,0.0
snake_plant,59.0,31.7,71.7,0.0
money_plant,27.56,31.7,71.7,0.0
money_plant,27.29,31.7,71.7,0.0
cactus,71.99,31.7,71.7,0.0
money_plant,27.73,31.6,72.0,0.0
snake_plant,59.06,31.6,72.0,0.0
cactus,71.75,31.6,72.0,0.0
money_plant,27.47,31.7,71.8,0.0
snake_plant,59.31,31.7,71.8,0.0
cactus,71.99,31.7,71.8,0.0
money_plant,27.44,31.6,71.9,0.0
snake_plant,59.12,31.6,71.9,0.0
cactus,71.75,31.6,71.9,0.0
money_plant,27.53,31.7,72.1,0.0
snake_plant,59.15,31.7,72.1,0.0
cactus,71.81,31.7,72.1,0.0
money_plant,27.44,31.7,71.8,0.0
snake_plant,59.03,31.7,71.8,0.0
money_plant,27.61,31.6,71.8,0.0
snake_plant,59.15,31.6,71.8,0.0
cactus,71.78,31.6,71.8,0.0
money_plant,27.5,31.6,72.0,0.0
snake_plant,59.44,31.6,72.0,0.0
cactus,71.81,31.6,72.0,0.0
money_plant,27.79,31.7,71.8,0.0
money_plant,27.41,31.7,71.9,0.0
snake_plant,59.0,31.7,71.9,0.0
cactus,71.87,31.7,71.9,0.0
money_plant,27.47,31.6,71.8,0.0
snake_plant,59.03,31.6,71.8,0.0
cactus,71.75,31.6,71.8,0.0
money_plant,27.53,31.6,71.9,0.0
snake_plant,59.25,31.6,71.9,0.0
cactus,72.32,31.6,71.9,0.0
snake_plant,59.25,31.6,72.0,0.0
cactus,71.84,31.6,72.0,0.0
money_plant,27.64,31.6,72.0,0.0
snake_plant,59.03,31.6,72.0,0.0
money_plant,27.38,31.6,71.9,0.0
snake_plant,59.06,31.6,71.9,0.0
cactus,71.84,31.6,71.9,0.0
money_plant,27.5,31.6,71.9,0.0
cactus,71.87,31.6,71.9,0.0
money_plant,27.79,31.6,71.6,0.0
snake_plant,59.03,31.6,71.6,0.0
cactus,71.87,31.6,71.6,0.0
money_plant,27.76,31.6,71.9,0.0
snake_plant,59.15,31.6,71.9,0.0
cactus,72.05,31.6,71.9,0.0
money_plant,27.35,31.6,72.1,0.0
snake_plant,58.72,31.6,72.1,0.0
cactus,71.84,31.6,72.1,0.0
money_plant,27.47,31.5,71.9,0.0
snake_plant,58.75,31.5,71.9,0.0
cactus,71.68,31.5,71.9,0.0
money_plant,27.67,31.5,72.1,0.0
snake_plant,58.72,31.5,72.1,0.0
cactus,71.93,31.5,72.1,0.0
money_plant,27.85,31.5,72.1,0.0
snake_plant,58.47,31.5,72.1,0.0
cactus,71.84,31.5,72.1,0.0
money_plant,27.26,31.6,72.1,0.0
snake_plant,58.28,31.6,72.1,0.0
cactus,71.87,31.6,72.1,0.0
money_plant,27.38,31.6,72.1,0.0
snake_plant,58.56,31.6,72.1,0.0
money_plant,27.59,31.6,71.9,0.0
snake_plant,59.53,31.6,71.9,0.0
cactus,71.99,31.6,71.9,0.0
money_plant,27.41,31.6,71.8,0.0
snake_plant,60.47,31.6,71.8,0.0
cactus,72.02,31.6,71.8,0.0
money_plant,27.02,31.6,72.2,0.0
snake_plant,58.69,31.6,72.2,0.0
cactus,72.11,31.6,72.2,0.0
snake_plant,59.41,31.6,71.9,0.0
cactus,72.17,31.6,71.9,0.0
snake_plant,58.56,31.6,71.9,0.0
money_plant,27.73,31.5,72.0,0.0
snake_plant,59.47,31.5,72.0,0.0
cactus,71.96,31.5,72.0,0.0
money_plant,27.08,31.5,72.1,0.0
snake_plant,58.59,31.5,72.1,0.0
cactus,71.87,31.5,72.1,0.0
money_plant,27.61,31.5,72.2,0.0
snake_plant,58.72,31.5,72.2,0.0
cactus,71.99,31.5,72.2,0.0
money_plant,27.17,31.5,72.2,0.0
snake_plant,58.09,31.5,72.2,0.0
cactus,71.9,31.5,72.2,0.0
snake_plant,58.4,31.5,72.2,0.0
cactus,71.84,31.5,72.2,0.0
money_plant,27.76,31.5,72.1,0.0
snake_plant,58.84,31.5,72.1,0.0
money_plant,27.41,31.5,72.2,0.0
snake_plant,58.56,31.5,72.2,0.0
money_plant,27.61,31.5,72.1,0.0
cactus,71.81,31.5,72.1,0.0
money_plant,27.5,31.5,72.0,0.0
snake_plant,58.87,31.5,72.0,0.0
cactus,71.93,31.5,72.0,0.0
money_plant,27.82,31.5,72.2,0.0
snake_plant,58.53,31.5,72.2,0.0
money_plant,27.35,31.5,72.2,0.0
snake_plant,58.5,31.5,72.2,0.0
snake_plant,58.34,31.5,72.2,0.0
cactus,71.81,31.5,72.2,0.0
money_plant,27.41,31.4,72.0,0.0
snake_plant,58.53,31.4,72.0,0.0
cactus,71.84,31.4,72.0,0.0
money_plant,27.64,31.5,72.1,0.0
snake_plant,58.37,31.5,72.1,0.0
money_plant,27.53,31.5,72.1,0.0
snake_plant,58.56,31.5,72.1,0.0
money_plant,27.26,31.5,72.0,0.0
snake_plant,58.56,31.5,72.0,0.0
money_plant,27.29,31.5,72.0,0.0
snake_plant,58.09,31.5,72.0,0.0
cactus,71.84,31.5,72.0,0.0
money_plant,27.32,31.5,72.1,0.0
money_plant,27.32,31.5,72.0,0.0
snake_plant,58.4,31.5,72.0,0.0
cactus,71.78,31.5,72.0,0.0
money_plant,27.35,31.5,72.1,0.0
snake_plant,60.97,31.5,72.1,0.0
money_plant,27.29,31.5,71.9,0.0
snake_plant,58.56,31.5,71.9,0.0
cactus,71.99,31.5,71.9,0.0
money_plant,26.99,31.5,72.0,0.0
snake_plant,58.47,31.5,72.0,0.0
cactus,71.87,31.5,72.0,0.0
money_plant,27.26,31.5,72.1,0.0
money_plant,27.94,31.5,72.0,0.0
snake_plant,60.53,31.5,72.0,0.0
cactus,71.9,31.5,72.0,0.0
money_plant,27.44,31.5,72.1,0.0
cactus,71.9,31.5,72.1,0.0
snake_plant,58.5,31.5,72.0,0.0
money_plant,27.41,31.5,71.9,0.0
snake_plant,58.4,31.5,71.9,0.0
cactus,71.9,31.5,71.9,0.0
money_plant,26.9,31.5,72.0,0.0
cactus,72.11,31.5,72.0,0.0
money_plant,27.14,31.5,71.9,0.0
snake_plant,58.09,31.5,71.9,0.0
snake_plant,58.34,31.5,71.9,0.0
cactus,72.02,31.5,71.9,0.0
money_plant,27.17,31.5,71.9,0.0
snake_plant,57.97,31.5,71.9,0.0
cactus,71.93,31.5,71.9,0.0
money_plant,27.17,31.5,72.0,0.0
snake_plant,57.84,31.5,72.0,0.0
money_plant,27.14,31.5,72.0,0.0
snake_plant,58.15,31.5,72.0,0.0
money_plant,27.47,31.5,71.8,0.0
snake_plant,58.15,31.5,71.8,0.0
cactus,71.87,31.5,71.8,0.0
money_plant,27.44,31.5,71.9,0.0
snake_plant,58.18,31.5,72.0,0.0
money_plant,27.38,31.5,72.0,0.0
cactus,72.05,31.5,72.0,0.0
money_plant,27.05,31.5,71.9,0.0
snake_plant,58.03,31.5,71.9,0.0
money_plant,26.99,31.5,71.8,0.0
snake_plant,58.0,31.5,71.8,0.0
money_plant,27.53,31.5,72.0,0.0
snake_plant,58.12,31.5,71.9,0.0
snake_plant,57.9,31.5,72.0,0.0
snake_plant,58.28,31.5,71.9,0.0
cactus,71.87,31.5,71.9,0.0
snake_plant,58.0,31.5,71.9,0.0
money_plant,27.29,31.5,71.8,0.0
snake_plant,58.06,31.5,71.8,0.0
snake_plant,57.72,31.5,71.9,0.0
cactus,72.11,31.5,71.9,0.0
money_plant,27.08,31.5,71.8,0.0
snake_plant,57.68,31.5,71.8,0.0
cactus,71.93,31.5,71.8,0.0
money_plant,28.12,31.5,71.9,0.0
snake_plant,57.56,31.5,71.9,0.0
money_plant,27.38,31.5,71.8,0.0
snake_plant,57.72,31.5,71.8,0.0
money_plant,26.7,31.5,72.0,0.0
snake_plant,58.03,31.5,72.0,0.0
cactus,72.2,31.5,72.0,0.0
money_plant,26.99,31.5,71.7,0.0
snake_plant,57.84,31.5,71.7,0.0
cactus,71.99,31.5,71.7,0.0
money_plant,27.14,31.5,71.8,0.0
snake_plant,57.87,31.5,71.8,0.0
cactus,71.81,31.5,71.8,0.0
cactus,72.11,31.5,71.8,0.0
money_plant,26.99,31.5,71.9,0.0
snake_plant,57.75,31.5,71.9,0.0
money_plant,27.32,31.5,71.8,0.0
snake_plant,57.9,31.5,71.8,0.0
money_plant,27.02,31.5,71.9,0.0
cactus,72.05,31.5,71.9,0.0
money_plant,28.98,28.4,82.8,120.83
snake_plant,55.99,28.4,82.8,120.83
cactus,70.9,28.4,82.8,120.83
money_plant,28.41,28.5,82.7,128.33
snake_plant,55.21,28.5,82.7,128.33
cactus,70.71,28.5,82.7,128.33
money_plant,28.09,28.5,82.6,135.83
snake_plant,55.27,28.5,82.6,135.83
cactus,70.65,28.5,82.6,135.83
money_plant,27.73,28.6,82.3,142.5
snake_plant,55.27,28.6,82.3,142.5
cactus,70.8,28.6,82.3,142.5
money_plant,27.64,28.7,82.0,151.67
snake_plant,54.99,28.7,82.0,151.67
cactus,70.83,28.7,82.0,151.67
money_plant,27.29,28.8,81.5,161.67
snake_plant,54.93,28.8,81.5,161.67
cactus,70.71,28.8,81.5,161.67
money_plant,27.2,28.8,81.4,170.0
snake_plant,55.15,28.8,81.4,170.0
cactus,70.74,28.8,81.4,170.0
money_plant,27.02,28.8,81.5,177.5
snake_plant,55.02,28.8,81.5,177.5
cactus,70.8,28.8,81.5,177.5
money_plant,25.78,28.8,81.7,184.17
snake_plant,54.93,28.8,81.7,184.17
cactus,70.68,28.8,81.7,184.17
money_plant,26.84,28.9,81.5,195.0
snake_plant,56.56,28.9,81.5,195.0
cactus,70.77,28.9,81.5,195.0
money_plant,26.96,28.9,81.3,204.17
snake_plant,54.71,28.9,81.3,204.17
cactus,70.68,28.9,81.3,204.17
money_plant,26.84,28.9,81.0,215.0
snake_plant,53.77,28.9,81.0,215.0
cactus,70.65,28.9,81.0,215.0
money_plant,26.7,28.9,81.2,225.0
snake_plant,54.87,28.9,81.2,225.0
cactus,70.8,28.9,81.2,225.0
money_plant,26.9,28.9,81.2,234.17
snake_plant,55.21,28.9,81.2,234.17
cactus,70.65,28.9,81.2,234.17
money_plant,26.7,28.9,81.3,243.33
snake_plant,51.77,28.9,81.3,243.33
cactus,70.8,28.9,81.3,243.33
money_plant,26.79,28.9,81.1,251.67
snake_plant,55.21,28.9,81.1,251.67
cactus,70.74,28.9,81.1,251.67
money_plant,26.81,28.8,81.4,259.17
snake_plant,54.99,28.8,81.4,259.17
cactus,70.8,28.8,81.4,259.17
money_plant,26.64,28.9,81.2,271.67
snake_plant,54.74,28.9,81.2,271.67
cactus,70.83,28.9,81.2,271.67
money_plant,26.61,29.0,80.7,279.17
snake_plant,54.84,29.0,80.7,279.17
cactus,70.9,29.0,80.7,279.17
money_plant,26.81,29.0,80.9,288.33
snake_plant,55.4,29.0,80.9,288.33
cactus,70.9,29.0,80.9,288.33
money_plant,26.4,29.0,80.7,295.83
snake_plant,54.68,29.0,80.7,295.83
cactus,70.8,29.0,80.7,295.83
money_plant,26.22,29.0,80.6,305.83
snake_plant,54.55,29.0,80.6,305.83
cactus,70.83,29.0,80.6,305.83
money_plant,26.67,29.0,80.8,317.5
snake_plant,54.37,29.0,80.8,317.5
cactus,70.77,29.0,80.8,317.5
money_plant,26.13,28.9,80.9,330.0
snake_plant,54.55,28.9,80.9,330.0
cactus,70.86,28.9,80.9,330.0
money_plant,26.67,29.0,80.7,342.5
snake_plant,55.84,29.0,80.7,342.5
cactus,70.9,29.0,80.7,342.5
money_plant,26.46,29.1,80.9,348.33
snake_plant,54.59,29.1,80.9,348.33
cactus,70.99,29.1,80.9,348.33
money_plant,26.07,29.1,80.3,361.67
snake_plant,55.71,29.1,80.3,361.67
cactus,70.77,29.1,80.3,361.67
money_plant,26.31,29.1,80.6,375.83
snake_plant,54.77,29.1,80.6,375.83
cactus,68.16,29.1,80.6,375.83
money_plant,27.32,29.1,80.3,387.5
snake_plant,54.55,29.1,80.3,387.5
cactus,70.86,29.1,80.3,387.5
money_plant,26.04,29.2,80.0,399.17
snake_plant,54.24,29.2,80.0,399.17
cactus,70.9,29.2,80.0,399.17
money_plant,26.37,29.2,79.7,410.0
snake_plant,54.21,29.2,79.7,410.0
cactus,71.02,29.2,79.7,410.0
money_plant,26.43,29.3,80.4,419.17
snake_plant,54.52,29.3,80.4,419.17
cactus,71.05,29.3,80.4,419.17
money_plant,26.4,29.2,80.3,437.5
snake_plant,54.52,29.2,80.3,437.5
cactus,70.93,29.2,80.3,437.5
money_plant,26.04,29.3,80.3,449.17
snake_plant,54.43,29.3,80.3,449.17
cactus,70.96,29.3,80.3,449.17
money_plant,26.34,29.3,80.1,456.67
snake_plant,54.24,29.3,80.1,456.67
cactus,71.11,29.3,80.1,456.67
money_plant,26.25,29.3,79.5,470.0
snake_plant,54.55,29.3,79.5,470.0
cactus,71.29,29.3,79.5,470.0
money_plant,26.25,29.3,79.7,485.83
snake_plant,54.02,29.3,79.7,485.83
cactus,71.05,29.3,79.7,485.83
money_plant,26.37,29.4,79.4,492.5
snake_plant,54.21,29.4,79.4,492.5
cactus,71.14,29.4,79.4,492.5
money_plant,26.25,29.3,79.8,505.83
snake_plant,54.43,29.3,79.8,505.83
cactus,70.77,29.3,79.8,505.83
money_plant,26.04,29.3,79.9,515.83
snake_plant,54.21,29.3,79.9,515.83
cactus,71.23,29.3,79.9,515.83
money_plant,26.04,29.3,79.2,537.5
snake_plant,53.96,29.3,79.2,537.5
cactus,70.99,29.3,79.2,537.5
money_plant,25.99,29.2,79.7,544.17
snake_plant,54.27,29.2,79.7,544.17
cactus,71.02,29.2,79.7,544.17
money_plant,26.01,29.2,79.8,557.5
snake_plant,54.21,29.2,79.8,557.5
cactus,71.14,29.2,79.8,557.5
money_plant,25.96,29.2,79.9,566.67
snake_plant,54.4,29.2,79.9,566.67
cactus,71.14,29.2,79.9,566.67
money_plant,26.04,29.2,80.0,575.83
snake_plant,54.24,29.2,80.0,575.83
cactus,71.14,29.2,80.0,575.83
money_plant,25.96,29.2,79.7,575.83
snake_plant,54.33,29.2,79.7,575.83
cactus,70.9,29.2,79.7,575.83
money_plant,26.04,29.2,80.4,587.5
snake_plant,54.21,29.2,80.4,587.5
cactus,70.93,29.2,80.4,587.5
money_plant,26.04,29.3,80.2,595.0
snake_plant,53.96,29.3,80.2,595.0
cactus,70.96,29.3,80.2,595.0
money_plant,26.01,29.3,79.8,600.83
snake_plant,53.96,29.3,79.8,600.83
cactus,70.29,29.3,79.8,600.83
money_plant,25.84,29.3,79.7,610.83
snake_plant,53.83,29.3,79.7,610.83
cactus,71.02,29.3,79.7,610.83
money_plant,25.72,29.3,80.1,629.17
snake_plant,53.74,29.3,80.1,629.17
cactus,70.96,29.3,80.1,629.17
money_plant,25.96,29.3,79.7,623.33
snake_plant,54.05,29.3,79.7,623.33
cactus,71.02,29.3,79.7,623.33
money_plant,26.07,29.4,79.5,651.67
snake_plant,53.99,29.4,79.5,651.67
cactus,71.5,29.4,79.5,651.67
money_plant,25.72,29.4,79.5,654.17
snake_plant,53.71,29.4,79.5,654.17
cactus,70.96,29.4,79.5,654.17
money_plant,26.96,29.5,80.0,666.67
snake_plant,53.71,29.5,80.0,666.67
cactus,70.9,29.5,80.0,666.67
money_plant,25.87,29.5,78.6,686.67
snake_plant,54.71,29.5,78.6,686.67
cactus,70.83,29.5,78.6,686.67
money_plant,25.87,29.5,78.9,701.67
snake_plant,53.96,29.5,78.9,701.67
cactus,71.02,29.5,78.9,701.67
money_plant,25.75,29.5,78.9,723.33
snake_plant,53.68,29.5,78.9,723.33
cactus,70.83,29.5,78.9,723.33
money_plant,24.62,29.7,78.4,739.17
snake_plant,53.9,29.7,78.4,739.17
cactus,70.86,29.7,78.4,739.17
money_plant,25.84,29.7,78.4,764.17
snake_plant,54.12,29.7,78.4,764.17
cactus,70.86,29.7,78.4,764.17
money_plant,25.72,29.7,78.5,795.0
snake_plant,53.55,29.7,78.5,795.0
cactus,70.96,29.7,78.5,795.0
money_plant,25.84,29.6,78.6,820.0
snake_plant,53.9,29.6,78.6,820.0
cactus,70.83,29.6,78.6,820.0
money_plant,25.78,29.7,78.1,846.67
snake_plant,53.55,29.7,78.1,846.67
cactus,70.77,29.7,78.1,846.67
money_plant,25.66,29.8,78.1,887.5
snake_plant,53.68,29.8,78.1,887.5
cactus,70.93,29.8,78.1,887.5
money_plant,25.66,29.8,78.1,1002.5
snake_plant,51.96,29.8,78.1,1002.5
cactus,70.86,29.8,78.1,1002.5
money_plant,26.04,29.8,78.5,1170.83
snake_plant,53.83,29.8,78.5,1170.83
cactus,70.8,29.8,78.5,1170.83
money_plant,25.19,29.8,78.2,1068.33
snake_plant,53.62,29.8,78.2,1068.33
cactus,70.47,29.8,78.2,1068.33
money_plant,25.9,29.9,78.0,1000.0
snake_plant,53.71,29.9,78.0,1000.0
cactus,70.74,29.9,78.0,1000.0
money_plant,25.66,29.9,77.9,1042.5
snake_plant,53.62,29.9,77.9,1042.5
cactus,70.77,29.9,77.9,1042.5
money_plant,25.1,29.9,77.6,1080.83
snake_plant,53.77,29.9,77.6,1080.83
cactus,70.65,29.9,77.6,1080.83
money_plant,25.39,29.9,77.6,1219.17
snake_plant,52.71,29.9,77.6,1219.17
cactus,70.53,29.9,77.6,1219.17
money_plant,25.54,30.0,77.2,1490.83
snake_plant,53.62,30.0,77.2,1490.83
cactus,70.53,30.0,77.2,1490.83
money_plant,25.6,30.1,77.4,1781.67
snake_plant,53.71,30.1,77.4,1781.67
cactus,70.65,30.1,77.4,1781.67
money_plant,25.84,30.0,77.4,2368.33
snake_plant,53.9,30.0,77.4,2368.33
cactus,70.65,30.0,77.4,2368.33
money_plant,25.51,30.1,77.5,2118.33
snake_plant,53.58,30.1,77.5,2118.33
cactus,70.41,30.1,77.5,2118.33
money_plant,25.54,30.1,77.5,3263.33
snake_plant,53.55,30.1,77.5,3263.33
cactus,70.65,30.1,77.5,3263.33
money_plant,25.6,30.2,77.7,3910.0
snake_plant,53.46,30.2,77.7,3910.0
cactus,70.59,30.2,77.7,3910.0
money_plant,25.42,30.4,77.5,1971.67
snake_plant,53.46,30.4,77.5,1971.67
cactus,70.65,30.4,77.5,1971.67
money_plant,25.51,30.5,76.3,1320.0
snake_plant,53.55,30.5,76.3,1320.0
cactus,70.71,30.5,76.3,1320.0
money_plant,25.1,30.8,75.7,1310.0
snake_plant,53.58,30.8,75.7,1310.0
cactus,70.53,30.8,75.7,1310.0
money_plant,25.78,31.0,75.3,1630.83
snake_plant,53.55,31.0,75.3,1630.83
cactus,69.98,31.0,75.3,1630.83
money_plant,25.51,31.2,74.3,1784.17
snake_plant,52.33,31.2,74.3,1784.17
cactus,70.44,31.2,74.3,1784.17
money_plant,25.75,31.2,74.3,1480.83
snake_plant,53.55,31.2,74.3,1480.83
cactus,70.47,31.2,74.3,1480.83
money_plant,25.63,31.3,74.3,1446.67
snake_plant,53.52,31.3,74.3,1446.67
cactus,70.53,31.3,74.3,1446.67
money_plant,25.45,31.4,73.7,1484.17
snake_plant,53.58,31.4,73.7,1484.17
cactus,70.96,31.4,73.7,1484.17
money_plant,25.69,31.4,73.5,1530.0
snake_plant,52.77,31.4,73.5,1530.0
cactus,70.5,31.4,73.5,1530.0
money_plant,25.72,31.5,73.7,2166.67
snake_plant,53.9,31.5,73.7,2166.67
cactus,70.47,31.5,73.7,2166.67
money_plant,25.54,31.6,73.6,2800.0
snake_plant,53.99,31.6,73.6,2800.0
cactus,70.53,31.6,73.6,2800.0
money_plant,25.69,31.7,73.7,2830.0
snake_plant,52.86,31.7,73.7,2830.0
cactus,70.44,31.7,73.7,2830.0
money_plant,25.48,31.7,73.1,3105.0
snake_plant,53.46,31.7,73.1,3105.0
cactus,70.47,31.7,73.1,3105.0
money_plant,25.54,31.7,72.8,2727.5
snake_plant,53.62,31.7,72.8,2727.5
cactus,70.9,31.7,72.8,2727.5
money_plant,25.48,31.8,73.0,2204.17
snake_plant,53.24,31.8,73.0,2204.17
cactus,70.65,31.8,73.0,2204.17
money_plant,25.42,31.9,73.0,3245.0
snake_plant,53.24,31.9,73.0,3245.0
cactus,70.44,31.9,73.0,3245.0
money_plant,25.6,32.1,72.3,3264.17
snake_plant,53.52,32.1,72.3,3264.17
cactus,70.59,32.1,72.3,3264.17
money_plant,25.57,32.3,71.3,5159.17
snake_plant,53.49,32.3,71.3,5159.17
cactus,70.8,32.3,71.3,5159.17
money_plant,25.57,32.4,71.0,6779.17
snake_plant,53.27,32.4,71.0,6779.17
cactus,70.9,32.4,71.0,6779.17
money_plant,25.66,32.5,70.2,7861.67
snake_plant,53.55,32.5,70.2,7861.67
cactus,70.8,32.5,70.2,7861.67
money_plant,25.27,32.7,70.4,9002.5
snake_plant,53.49,32.7,70.4,9002.5
cactus,70.9,32.7,70.4,9002.5
money_plant,25.42,32.9,70.2,9850.83
snake_plant,53.55,32.9,70.2,9850.83
cactus,70.9,32.9,70.2,9850.83
money_plant,25.27,33.2,70.0,10118.33
snake_plant,52.68,33.2,70.0,10118.33
cactus,70.65,33.2,70.0,10118.33
money_plant,25.24,33.1,68.4,10015.83
snake_plant,53.33,33.1,68.4,10015.83
cactus,70.8,33.1,68.4,10015.83
money_plant,25.78,32.9,69.5,9152.5
snake_plant,53.58,32.9,69.5,9152.5
cactus,70.9,32.9,69.5,9152.5
money_plant,25.3,32.7,70.0,2388.33
snake_plant,53.49,32.7,70.0,2388.33
cactus,70.83,32.7,70.0,2388.33
money_plant,25.6,32.7,70.1,8970.0
snake_plant,53.49,32.7,70.1,8970.0
cactus,70.74,32.7,70.1,8970.0
money_plant,25.51,32.9,70.4,8810.0
snake_plant,53.49,32.9,70.4,8810.0
cactus,70.9,32.9,70.4,8810.0
money_plant,25.27,33.1,69.5,9481.67
snake_plant,53.43,33.1,69.5,9481.67
cactus,70.9,33.1,69.5,9481.67
money_plant,25.27,33.2,69.8,10297.5
snake_plant,53.18,33.2,69.8,10297.5
cactus,70.9,33.2,69.8,10297.5
money_plant,25.54,33.4,69.0,11769.17
snake_plant,53.55,33.4,69.0,11769.17
cactus,71.05,33.4,69.0,11769.17
money_plant,25.48,33.6,67.9,12196.67
snake_plant,53.65,33.6,67.9,12196.67
cactus,70.96,33.6,67.9,12196.67
money_plant,25.66,33.4,68.4,11912.5
snake_plant,53.83,33.4,68.4,11912.5
cactus,71.17,33.4,68.4,11912.5
money_plant,25.6,33.4,68.9,9317.5
snake_plant,53.49,33.4,68.9,9317.5
cactus,71.02,33.4,68.9,9317.5
money_plant,25.54,33.5,67.7,6686.67
snake_plant,53.9,33.5,67.7,6686.67
cactus,71.14,33.5,67.7,6686.67
money_plant,25.75,33.3,68.8,5442.5
snake_plant,53.62,33.3,68.8,5442.5
cactus,71.02,33.3,68.8,5442.5
money_plant,25.48,33.3,68.1,3035.0
snake_plant,53.87,33.3,68.1,3035.0
cactus,71.08,33.3,68.1,3035.0
money_plant,25.66,33.4,68.9,2902.5
snake_plant,53.71,33.4,68.9,2902.5
cactus,71.32,33.4,68.9,2902.5
money_plant,25.42,33.6,68.0,3240.83
snake_plant,53.65,33.6,68.0,3240.83
cactus,71.14,33.6,68.0,3240.83
money_plant,25.6,33.8,67.4,8766.67
snake_plant,53.9,33.8,67.4,8766.67
cactus,71.32,33.8,67.4,8766.67
money_plant,25.51,33.9,67.2,14435.0
snake_plant,53.55,33.9,67.2,14435.0
cactus,71.53,33.9,67.2,14435.0
money_plant,25.45,34.1,66.1,14958.33
snake_plant,53.93,34.1,66.1,14958.33
cactus,71.35,34.1,66.1,14958.33
money_plant,25.54,34.1,65.6,15304.17
snake_plant,53.71,34.1,65.6,15304.17
cactus,71.53,34.1,65.6,15304.17
money_plant,25.66,33.9,66.9,15494.17
snake_plant,53.36,33.9,66.9,15494.17
cactus,71.35,33.9,66.9,15494.17
money_plant,25.78,34.0,66.7,15584.17
snake_plant,53.52,34.0,66.7,15584.17
cactus,71.41,34.0,66.7,15584.17
money_plant,25.84,34.2,66.4,15493.33
snake_plant,53.55,34.2,66.4,15493.33
cactus,71.35,34.2,66.4,15493.33
money_plant,25.66,34.3,66.2,15640.83
snake_plant,53.68,34.3,66.2,15640.83
cactus,71.32,34.3,66.2,15640.83
money_plant,25.72,34.4,65.7,14965.0
snake_plant,53.9,34.4,65.7,14965.0
cactus,71.5,34.4,65.7,14965.0
money_plant,25.6,34.5,65.5,15925.0
snake_plant,53.87,34.5,65.5,15925.0
cactus,71.53,34.5,65.5,15925.0
money_plant,25.9,34.6,64.9,16080.83
snake_plant,54.46,34.6,64.9,16080.83
cactus,71.68,34.6,64.9,16080.83
money_plant,25.93,34.6,64.9,16253.33
snake_plant,53.58,34.6,64.9,16253.33
cactus,71.53,34.6,64.9,16253.33
money_plant,25.57,34.5,65.3,16520.83
snake_plant,53.58,34.5,65.3,16520.83
cactus,71.68,34.5,65.3,16520.83
money_plant,25.84,34.5,64.7,17222.5
snake_plant,53.58,34.5,64.7,17222.5
cactus,71.71,34.5,64.7,17222.5
money_plant,25.87,34.3,65.0,16891.67
snake_plant,53.68,34.3,65.0,16891.67
cactus,71.78,34.3,65.0,16891.67
money_plant,25.72,34.2,65.9,16769.17
snake_plant,53.77,34.2,65.9,16769.17
cactus,71.84,34.2,65.9,16769.17
money_plant,25.72,34.2,65.6,16329.17
snake_plant,53.96,34.2,65.6,16329.17
cactus,71.93,34.2,65.6,16329.17
money_plant,25.9,34.2,66.1,16583.33
snake_plant,53.65,34.2,66.1,16583.33
cactus,71.84,34.2,66.1,16583.33
money_plant,25.63,34.4,65.5,17532.5
snake_plant,53.77,34.4,65.5,17532.5
cactus,71.9,34.4,65.5,17532.5
money_plant,26.04,34.4,64.8,6305.0
snake_plant,53.74,34.4,64.8,6305.0
cactus,71.75,34.4,64.8,6305.0
money_plant,25.93,34.2,65.8,3472.5
snake_plant,53.55,34.2,65.8,3472.5
cactus,71.87,34.2,65.8,3472.5
money_plant,25.93,34.1,66.3,17189.17
snake_plant,53.55,34.1,66.3,17189.17
cactus,71.87,34.1,66.3,17189.17
money_plant,26.04,34.1,66.1,3524.17
snake_plant,53.68,34.1,66.1,3524.17
cactus,71.84,34.1,66.1,3524.17
money_plant,26.31,34.1,66.1,2669.17
snake_plant,53.65,34.1,66.1,2669.17
cactus,71.84,34.1,66.1,2669.17
money_plant,26.22,34.1,66.5,4965.0
snake_plant,53.55,34.1,66.5,4965.0
cactus,71.99,34.1,66.5,4965.0
money_plant,26.22,34.1,66.2,6188.33
snake_plant,53.55,34.1,66.2,6188.33
cactus,71.96,34.1,66.2,6188.33
money_plant,26.37,34.1,66.1,1426.67
snake_plant,53.58,34.1,66.1,1426.67
cactus,71.9,34.1,66.1,1426.67
money_plant,26.37,34.0,66.3,1549.17
snake_plant,53.68,34.0,66.3,1549.17
cactus,72.05,34.0,66.3,1549.17
money_plant,26.13,33.9,66.8,1661.67
snake_plant,53.62,33.9,66.8,1661.67
cactus,71.93,33.9,66.8,1661.67
money_plant,26.34,33.8,66.9,1510.0
snake_plant,53.4,33.8,66.9,1510.0
cactus,71.93,33.8,66.9,1510.0
money_plant,26.31,33.7,66.7,1217.5
snake_plant,53.46,33.7,66.7,1217.5
cactus,71.9,33.7,66.7,1217.5
money_plant,26.16,33.6,66.6,1533.33
snake_plant,53.52,33.6,66.6,1533.33
cactus,71.84,33.6,66.6,1533.33
money_plant,26.43,33.5,66.5,2470.83
snake_plant,53.55,33.5,66.5,2470.83
cactus,71.99,33.5,66.5,2470.83
money_plant,26.19,33.4,67.6,1806.67
snake_plant,53.4,33.4,67.6,1806.67
cactus,71.87,33.4,67.6,1806.67
money_plant,26.34,33.4,67.8,2009.17
snake_plant,53.36,33.4,67.8,2009.17
cactus,71.87,33.4,67.8,2009.17
money_plant,26.31,33.5,67.3,1955.83
snake_plant,53.33,33.5,67.3,1955.83
cactus,71.93,33.5,67.3,1955.83
money_plant,26.96,33.6,66.9,2006.67
snake_plant,53.4,33.6,66.9,2006.67
cactus,71.99,33.6,66.9,2006.67
money_plant,26.37,33.5,67.1,1865.0
snake_plant,52.77,33.5,67.1,1865.0
cactus,72.02,33.5,67.1,1865.0
money_plant,26.52,33.6,67.5,1815.83
snake_plant,53.52,33.6,67.5,1815.83
cactus,71.84,33.6,67.5,1815.83
money_plant,26.22,33.7,67.4,1798.33
snake_plant,53.52,33.7,67.4,1798.33
cactus,71.87,33.7,67.4,1798.33
money_plant,26.55,33.8,67.0,1797.5
snake_plant,53.43,33.8,67.0,1797.5
cactus,71.87,33.8,67.0,1797.5
money_plant,26.43,33.9,66.7,1758.33
snake_plant,53.55,33.9,66.7,1758.33
cactus,71.93,33.9,66.7,1758.33
money_plant,26.58,33.9,66.4,1725.83
snake_plant,53.36,33.9,66.4,1725.83
cactus,72.05,33.9,66.4,1725.83
money_plant,26.16,34.0,66.3,1665.83
snake_plant,53.33,34.0,66.3,1665.83
cactus,72.05,34.0,66.3,1665.83
money_plant,26.19,34.0,66.2,1484.17
snake_plant,53.33,34.0,66.2,1484.17
cactus,72.05,34.0,66.2,1484.17
money_plant,26.43,34.0,66.0,1505.0
snake_plant,53.27,34.0,66.0,1505.0
cactus,71.99,34.0,66.0,1505.0
money_plant,26.52,34.0,66.2,1570.0
snake_plant,53.21,34.0,66.2,1570.0
cactus,71.99,34.0,66.2,1570.0
money_plant,26.52,34.0,66.1,1661.67
snake_plant,53.02,34.0,66.1,1661.67
cactus,72.11,34.0,66.1,1661.67
money_plant,26.43,34.1,66.0,1568.33
snake_plant,53.33,34.1,66.0,1568.33
cactus,72.93,34.1,66.0,1568.33
money_plant,26.16,34.1,65.8,1523.33
snake_plant,53.3,34.1,65.8,1523.33
cactus,72.23,34.1,65.8,1523.33
money_plant,26.49,34.1,65.7,1598.33
snake_plant,53.24,34.1,65.7,1598.33
cactus,72.17,34.1,65.7,1598.33
money_plant,26.46,34.0,64.4,1626.67
snake_plant,52.55,34.0,64.4,1626.67
cactus,72.23,34.0,64.4,1626.67
money_plant,26.7,33.9,65.7,1646.67
snake_plant,54.33,33.9,65.7,1646.67
cactus,72.17,33.9,65.7,1646.67
money_plant,26.55,34.0,65.6,1641.67
snake_plant,52.96,34.0,65.6,1641.67
cactus,72.17,34.0,65.6,1641.67
money_plant,26.55,34.0,65.5,1620.83
snake_plant,53.05,34.0,65.5,1620.83
cactus,72.14,34.0,65.5,1620.83
money_plant,26.55,34.0,64.8,1622.5
snake_plant,53.08,34.0,64.8,1622.5
cactus,72.14,34.0,64.8,1622.5
money_plant,26.52,34.0,65.2,1635.83
snake_plant,53.11,34.0,65.2,1635.83
cactus,72.2,34.0,65.2,1635.83
money_plant,26.52,33.9,64.8,1628.33
snake_plant,53.05,33.9,64.8,1628.33
cactus,72.26,33.9,64.8,1628.33
money_plant,26.04,33.9,65.1,1593.33
snake_plant,52.93,33.9,65.1,1593.33
cactus,72.08,33.9,65.1,1593.33
money_plant,26.37,34.0,65.3,1545.83
snake_plant,52.77,34.0,65.3,1545.83
cactus,72.11,34.0,65.3,1545.83
money_plant,26.49,34.0,65.1,1482.5
snake_plant,52.96,34.0,65.1,1482.5
cactus,72.17,34.0,65.1,1482.5
money_plant,26.7,33.9,65.3,1449.17
snake_plant,52.99,33.9,65.3,1449.17
cactus,71.93,33.9,65.3,1449.17
money_plant,26.55,33.9,65.3,1480.83
snake_plant,53.08,33.9,65.3,1480.83
cactus,72.11,33.9,65.3,1480.83
money_plant,26.58,33.9,65.2,1490.0
snake_plant,52.71,33.9,65.2,1490.0
cactus,72.02,33.9,65.2,1490.0
money_plant,26.58,34.0,64.9,1475.0
snake_plant,52.55,34.0,64.9,1475.0
cactus,71.9,34.0,64.9,1475.0
money_plant,26.37,33.9,65.2,1463.33
snake_plant,53.52,33.9,65.2,1463.33
cactus,71.9,33.9,65.2,1463.33
money_plant,26.43,33.9,65.1,1464.17
snake_plant,52.55,33.9,65.1,1464.17
cactus,71.99,33.9,65.1,1464.17
money_plant,26.99,33.9,64.9,1477.5
snake_plant,52.71,33.9,64.9,1477.5
cactus,71.87,33.9,64.9,1477.5
money_plant,26.04,33.9,65.4,1516.67
snake_plant,52.71,33.9,65.4,1516.67
cactus,71.99,33.9,65.4,1516.67
money_plant,26.19,34.0,65.3,1519.17
snake_plant,52.33,34.0,65.3,1519.17
cactus,71.87,34.0,65.3,1519.17
money_plant,26.67,33.8,65.2,1521.67
snake_plant,52.24,33.8,65.2,1521.67
cactus,71.99,33.8,65.2,1521.67
money_plant,26.52,33.8,65.6,1484.17
snake_plant,53.49,33.8,65.6,1484.17
cactus,71.99,33.8,65.6,1484.17
money_plant,26.46,33.8,64.4,1451.67
snake_plant,52.3,33.8,64.4,1451.67
cactus,71.93,33.8,64.4,1451.67
money_plant,26.37,33.8,65.2,1284.17
snake_plant,52.52,33.8,65.2,1284.17
cactus,71.81,33.8,65.2,1284.17
money_plant,26.58,33.7,64.7,1300.0
snake_plant,52.43,33.7,64.7,1300.0
cactus,71.81,33.7,64.7,1300.0
money_plant,26.49,33.6,65.6,1345.83
snake_plant,52.27,33.6,65.6,1345.83
cactus,71.71,33.6,65.6,1345.83
money_plant,26.46,33.7,65.7,1192.5
snake_plant,51.86,33.7,65.7,1192.5
cactus,71.65,33.7,65.7,1192.5
money_plant,26.46,33.6,65.8,1105.83
snake_plant,52.36,33.6,65.8,1105.83
cactus,71.81,33.6,65.8,1105.83
money_plant,26.52,33.6,65.7,1070.0
snake_plant,52.14,33.6,65.7,1070.0
cactus,71.68,33.6,65.7,1070.0
money_plant,26.52,33.6,65.8,1160.83
snake_plant,52.33,33.6,65.8,1160.83
cactus,71.71,33.6,65.8,1160.83
money_plant,26.43,33.6,65.8,1195.0
snake_plant,52.24,33.6,65.8,1195.0
cactus,71.81,33.6,65.8,1195.0
money_plant,26.37,33.6,66.0,1139.17
snake_plant,52.14,33.6,66.0,1139.17
cactus,71.9,33.6,66.0,1139.17
money_plant,26.7,33.5,66.1,1224.17
snake_plant,52.24,33.5,66.1,1224.17
cactus,71.81,33.5,66.1,1224.17
money_plant,26.43,33.5,66.4,1262.5
snake_plant,51.96,33.5,66.4,1262.5
cactus,71.75,33.5,66.4,1262.5
money_plant,26.49,33.5,66.3,1210.0
snake_plant,52.24,33.5,66.3,1210.0
cactus,71.81,33.5,66.3,1210.0
money_plant,26.28,33.5,66.4,1057.5
snake_plant,51.89,33.5,66.4,1057.5
cactus,71.96,33.5,66.4,1057.5
money_plant,26.81,33.5,66.4,807.5
snake_plant,52.05,33.5,66.4,807.5
cactus,71.84,33.5,66.4,807.5
money_plant,26.4,33.5,66.5,775.83
snake_plant,52.08,33.5,66.5,775.83
cactus,71.87,33.5,66.5,775.83
money_plant,26.49,33.5,66.3,876.67
snake_plant,52.05,33.5,66.3,876.67
cactus,71.9,33.5,66.3,876.67
money_plant,26.79,33.5,66.5,860.83
snake_plant,52.05,33.5,66.5,860.83
cactus,71.87,33.5,66.5,860.83
money_plant,26.52,33.5,66.3,933.33
snake_plant,51.74,33.5,66.3,933.33
cactus,71.84,33.5,66.3,933.33
money_plant,26.37,33.6,66.3,941.67
snake_plant,52.08,33.6,66.3,941.67
cactus,71.53,33.6,66.3,941.67
money_plant,26.37,33.6,66.4,1005.0
snake_plant,51.83,33.6,66.4,1005.0
cactus,71.81,33.6,66.4,1005.0
money_plant,26.37,33.6,66.2,1044.17
snake_plant,52.14,33.6,66.2,1044.17
cactus,71.87,33.6,66.2,1044.17
money_plant,26.55,33.6,66.2,1043.33
snake_plant,52.02,33.6,66.2,1043.33
cactus,71.87,33.6,66.2,1043.33
money_plant,26.55,33.6,66.3,1010.83
snake_plant,51.83,33.6,66.3,1010.83
cactus,71.81,33.6,66.3,1010.83
money_plant,26.16,33.7,65.8,1025.83
snake_plant,51.83,33.7,65.8,1025.83
cactus,71.96,33.7,65.8,1025.83
money_plant,26.19,33.6,66.0,1077.5
snake_plant,51.77,33.6,66.0,1077.5
cactus,71.84,33.6,66.0,1077.5
money_plant,27.05,33.7,66.1,1146.67
snake_plant,52.58,33.7,66.1,1146.67
cactus,71.81,33.7,66.1,1146.67
money_plant,26.49,33.7,65.7,1227.5
snake_plant,51.89,33.7,65.7,1227.5
cactus,71.78,33.7,65.7,1227.5
money_plant,26.52,33.7,65.8,1315.0
snake_plant,51.83,33.7,65.8,1315.0
cactus,71.87,33.7,65.8,1315.0
money_plant,26.31,33.8,65.7,1318.33
snake_plant,51.58,33.8,65.7,1318.33
cactus,70.86,33.8,65.7,1318.33
money_plant,26.55,33.8,65.3,1327.5
snake_plant,51.61,33.8,65.3,1327.5
cactus,71.81,33.8,65.3,1327.5
money_plant,26.37,33.9,65.6,1349.17
snake_plant,51.89,33.9,65.6,1349.17
cactus,71.71,33.9,65.6,1349.17
money_plant,26.22,33.9,65.4,1366.67
snake_plant,51.55,33.9,65.4,1366.67
cactus,71.75,33.9,65.4,1366.67
money_plant,26.31,34.0,65.3,1375.0
snake_plant,51.55,34.0,65.3,1375.0
cactus,71.9,34.0,65.3,1375.0
money_plant,26.52,34.0,65.3,1356.67
snake_plant,51.49,34.0,65.3,1356.67
cactus,71.75,34.0,65.3,1356.67
money_plant,26.22,34.0,65.1,1320.83
snake_plant,51.52,34.0,65.1,1320.83
cactus,71.78,34.0,65.1,1320.83
money_plant,26.55,34.0,65.3,1262.5
snake_plant,51.55,34.0,65.3,1262.5
cactus,71.56,34.0,65.3,1262.5
money_plant,26.34,34.0,64.7,1258.33
snake_plant,51.55,34.0,64.7,1258.33
cactus,71.87,34.0,64.7,1258.33
money_plant,26.49,33.9,65.5,1229.17
snake_plant,51.83,33.9,65.5,1229.17
cactus,71.68,33.9,65.5,1229.17
money_plant,25.01,33.8,65.3,1223.33
snake_plant,51.55,33.8,65.3,1223.33
cactus,71.75,33.8,65.3,1223.33
money_plant,26.52,33.8,65.9,1205.83
snake_plant,51.36,33.8,65.9,1205.83
cactus,71.93,33.8,65.9,1205.83
money_plant,26.19,33.7,65.6,1170.83
snake_plant,51.21,33.7,65.6,1170.83
cactus,71.62,33.7,65.6,1170.83
money_plant,26.49,33.6,65.7,1157.5
snake_plant,51.52,33.6,65.7,1157.5
cactus,71.68,33.6,65.7,1157.5
money_plant,26.46,33.6,65.7,1158.33
snake_plant,51.27,33.6,65.7,1158.33
cactus,71.81,33.6,65.7,1158.33
money_plant,26.22,33.6,65.9,1169.17
snake_plant,51.36,33.6,65.9,1169.17
cactus,71.84,33.6,65.9,1169.17
money_plant,26.31,33.6,64.6,1151.67
snake_plant,51.55,33.6,64.6,1151.67
cactus,71.81,33.6,64.6,1151.67
money_plant,26.19,33.6,65.3,1130.83
snake_plant,51.05,33.6,65.3,1130.83
cactus,71.68,33.6,65.3,1130.83
money_plant,26.22,33.6,65.5,1134.17
snake_plant,51.05,33.6,65.5,1134.17
cactus,71.56,33.6,65.5,1134.17
money_plant,26.31,33.6,65.3,1095.83
snake_plant,51.05,33.6,65.3,1095.83
cactus,71.81,33.6,65.3,1095.83
money_plant,26.37,33.6,64.6,1130.83
snake_plant,50.99,33.6,64.6,1130.83
cactus,71.9,33.6,64.6,1130.83
money_plant,26.22,33.7,65.1,1072.5
snake_plant,51.11,33.7,65.1,1072.5
cactus,71.65,33.7,65.1,1072.5
money_plant,24.56,33.7,64.8,1085.83
snake_plant,51.14,33.7,64.8,1085.83
cactus,71.56,33.7,64.8,1085.83
money_plant,27.44,33.8,64.5,1064.17
snake_plant,50.95,33.8,64.5,1064.17
cactus,71.47,33.8,64.5,1064.17
money_plant,26.34,33.8,64.9,1064.17
snake_plant,50.95,33.8,64.9,1064.17
cactus,72.96,33.8,64.9,1064.17
money_plant,26.28,33.8,64.9,1059.17
snake_plant,50.95,33.8,64.9,1059.17
cactus,71.87,33.8,64.9,1059.17
money_plant,26.34,33.7,64.7,1031.67
snake_plant,51.21,33.7,64.7,1031.67
cactus,71.62,33.7,64.7,1031.67
money_plant,26.7,33.7,64.9,1010.83
snake_plant,50.2,33.7,64.9,1010.83
cactus,71.62,33.7,64.9,1010.83
money_plant,26.43,33.7,65.2,1008.33
snake_plant,50.64,33.7,65.2,1008.33
cactus,71.53,33.7,65.2,1008.33
money_plant,26.19,33.7,65.1,1002.5
snake_plant,50.95,33.7,65.1,1002.5
cactus,71.65,33.7,65.1,1002.5
money_plant,26.49,33.6,64.5,1015.0
snake_plant,50.67,33.6,64.5,1015.0
cactus,71.71,33.6,64.5,1015.0
money_plant,26.43,33.6,65.1,998.33
snake_plant,50.92,33.6,65.1,998.33
cactus,71.44,33.6,65.1,998.33
money_plant,26.52,33.7,65.1,990.83
snake_plant,50.64,33.7,65.1,990.83
cactus,71.62,33.7,65.1,990.83
money_plant,26.13,33.7,65.0,1014.17
snake_plant,50.52,33.7,65.0,1014.17
cactus,71.38,33.7,65.0,1014.17
money_plant,26.55,33.7,65.0,1039.17
snake_plant,50.02,33.7,65.0,1039.17
cactus,71.44,33.7,65.0,1039.17
money_plant,26.22,33.8,64.9,1055.83
snake_plant,50.92,33.8,64.9,1055.83
cactus,71.44,33.8,64.9,1055.83
money_plant,26.46,33.8,65.2,965.0
snake_plant,50.45,33.8,65.2,965.0
cactus,71.53,33.8,65.2,965.0
money_plant,26.37,33.8,65.3,884.17
snake_plant,51.11,33.8,65.3,884.17
cactus,71.41,33.8,65.3,884.17
money_plant,26.19,33.7,65.2,840.0
snake_plant,50.55,33.7,65.2,840.0
cactus,71.5,33.7,65.2,840.0
money_plant,26.22,33.8,65.3,833.33
snake_plant,50.52,33.8,65.3,833.33
cactus,71.5,33.8,65.3,833.33
money_plant,26.22,33.8,65.4,695.0
snake_plant,50.64,33.8,65.4,695.0
cactus,71.62,33.8,65.4,695.0
money_plant,26.22,33.8,65.5,553.33
snake_plant,50.55,33.8,65.5,553.33
cactus,71.44,33.8,65.5,553.33
money_plant,26.19,33.8,65.5,389.17
snake_plant,50.33,33.8,65.5,389.17
cactus,71.38,33.8,65.5,389.17
money_plant,26.37,33.7,66.0,354.17
snake_plant,50.45,33.7,66.0,354.17
cactus,71.5,33.7,66.0,354.17
money_plant,25.75,33.6,66.3,360.83
snake_plant,50.52,33.6,66.3,360.83
cactus,71.38,33.6,66.3,360.83
money_plant,26.19,33.6,66.6,385.83
snake_plant,50.55,33.6,66.6,385.83
cactus,71.41,33.6,66.6,385.83
money_plant,26.31,33.6,66.8,418.33
snake_plant,50.39,33.6,66.8,418.33
cactus,71.5,33.6,66.8,418.33
money_plant,26.07,33.6,66.5,511.67
snake_plant,50.23,33.6,66.5,511.67
cactus,71.62,33.6,66.5,511.67
money_plant,26.04,33.6,66.3,591.67
snake_plant,49.23,33.6,66.3,591.67
cactus,71.35,33.6,66.3,591.67
money_plant,26.43,33.6,66.3,622.5
snake_plant,50.2,33.6,66.3,622.5
cactus,71.35,33.6,66.3,622.5
money_plant,26.22,33.6,66.3,623.33
snake_plant,50.45,33.6,66.3,623.33
cactus,71.41,33.6,66.3,623.33
money_plant,25.99,33.6,66.3,640.83
snake_plant,50.61,33.6,66.3,640.83
cactus,71.47,33.6,66.3,640.83
money_plant,26.13,33.7,66.0,720.0
snake_plant,50.33,33.7,66.0,720.0
cactus,71.35,33.7,66.0,720.0
money_plant,26.84,33.8,65.8,765.83
snake_plant,50.33,33.8,65.8,765.83
cactus,71.35,33.8,65.8,765.83
money_plant,26.07,33.9,65.7,723.33
snake_plant,50.14,33.9,65.7,723.33
cactus,71.29,33.9,65.7,723.33
money_plant,26.31,33.9,65.7,730.0
snake_plant,50.14,33.9,65.7,730.0
cactus,71.32,33.9,65.7,730.0
money_plant,26.04,33.9,65.6,800.83
snake_plant,50.2,33.9,65.6,800.83
cactus,71.35,33.9,65.6,800.83
money_plant,26.25,33.9,65.6,845.83
snake_plant,50.23,33.9,65.6,845.83
cactus,71.47,33.9,65.6,845.83
money_plant,26.19,34.0,65.6,809.17
snake_plant,50.39,34.0,65.6,809.17
cactus,71.62,34.0,65.6,809.17
money_plant,26.07,34.0,64.5,832.5
snake_plant,51.21,34.0,64.5,832.5
cactus,71.5,34.0,64.5,832.5
money_plant,26.49,34.0,65.1,860.0
snake_plant,50.45,34.0,65.1,860.0
cactus,71.5,34.0,65.1,860.0
money_plant,26.1,34.1,64.9,855.0
snake_plant,50.33,34.1,64.9,855.0
cactus,71.78,34.1,64.9,855.0
money_plant,26.16,34.1,65.2,902.5
snake_plant,50.14,34.1,65.2,902.5
cactus,71.41,34.1,65.2,902.5
money_plant,26.16,34.2,64.1,930.0
snake_plant,49.98,34.2,64.1,930.0
cactus,71.35,34.2,64.1,930.0
money_plant,26.13,34.2,64.6,911.67
snake_plant,49.95,34.2,64.6,911.67
cactus,71.44,34.2,64.6,911.67
money_plant,26.1,34.3,64.5,887.5
snake_plant,49.51,34.3,64.5,887.5
cactus,71.65,34.3,64.5,887.5
money_plant,26.16,34.3,64.5,783.33
snake_plant,49.95,34.3,64.5,783.33
cactus,71.35,34.3,64.5,783.33
money_plant,26.04,34.3,64.5,810.83
snake_plant,49.98,34.3,64.5,810.83
cactus,71.38,34.3,64.5,810.83
money_plant,26.04,34.3,64.8,761.67
snake_plant,50.02,34.3,64.8,761.67
cactus,71.44,34.3,64.8,761.67
money_plant,26.22,34.3,64.6,768.33
snake_plant,50.02,34.3,64.6,768.33
cactus,71.44,34.3,64.6,768.33
money_plant,26.04,34.2,64.8,774.17
snake_plant,50.05,34.2,64.8,774.17
cactus,71.44,34.2,64.8,774.17
money_plant,25.9,34.2,64.9,743.33
snake_plant,49.89,34.2,64.9,743.33
cactus,71.5,34.2,64.9,743.33
money_plant,26.04,34.1,65.1,710.0
snake_plant,49.89,34.1,65.1,710.0
cactus,71.44,34.1,65.1,710.0
money_plant,26.07,34.1,65.1,688.33
snake_plant,49.92,34.1,65.1,688.33
cactus,71.71,34.1,65.1,688.33
money_plant,26.01,34.1,65.2,675.83
snake_plant,50.11,34.1,65.2,675.83
cactus,71.5,34.1,65.2,675.83
money_plant,26.07,34.0,65.7,619.17
snake_plant,50.02,34.0,65.7,619.17
cactus,71.47,34.0,65.7,619.17
money_plant,26.07,33.9,65.7,594.17
snake_plant,50.08,33.9,65.7,594.17
cactus,71.5,33.9,65.7,594.17
money_plant,26.04,33.8,65.4,635.0
snake_plant,49.89,33.8,65.4,635.0
cactus,69.41,33.8,65.4,635.0
money_plant,26.04,33.8,65.9,673.33
snake_plant,49.7,33.8,65.9,673.33
cactus,71.5,33.8,65.9,673.33
money_plant,25.99,33.8,65.9,684.17
snake_plant,49.95,33.8,65.9,684.17
cactus,71.68,33.8,65.9,684.17
money_plant,26.04,33.8,65.8,661.67
snake_plant,49.77,33.8,65.8,661.67
cactus,71.62,33.8,65.8,661.67
money_plant,26.37,33.8,65.9,690.83
snake_plant,49.83,33.8,65.9,690.83
cactus,71.56,33.8,65.9,690.83
money_plant,24.21,33.9,66.0,743.33
snake_plant,49.89,33.9,66.0,743.33
cactus,71.68,33.9,66.0,743.33
money_plant,25.96,34.0,65.5,707.5
snake_plant,49.7,34.0,65.5,707.5
cactus,71.5,34.0,65.5,707.5
money_plant,25.96,34.0,65.4,785.83
snake_plant,49.55,34.0,65.4,785.83
cactus,71.29,34.0,65.4,785.83
money_plant,25.78,34.1,65.2,769.17
snake_plant,49.58,34.1,65.2,769.17
cactus,71.38,34.1,65.2,769.17
money_plant,26.04,34.1,65.1,796.67
snake_plant,49.95,34.1,65.1,796.67
cactus,71.53,34.1,65.1,796.67
money_plant,26.01,34.2,65.0,834.17
snake_plant,49.55,34.2,65.0,834.17
cactus,71.5,34.2,65.0,834.17
money_plant,26.04,34.2,65.1,850.0
snake_plant,49.55,34.2,65.1,850.0
cactus,71.56,34.2,65.1,850.0
money_plant,26.04,34.2,64.9,790.83
snake_plant,47.36,34.2,64.9,790.83
cactus,71.38,34.2,64.9,790.83
money_plant,26.04,34.2,65.0,813.33
snake_plant,49.58,34.2,65.0,813.33
cactus,71.38,34.2,65.0,813.33
money_plant,26.37,34.2,64.9,815.0
snake_plant,49.61,34.2,64.9,815.0
cactus,71.41,34.2,64.9,815.0
money_plant,26.04,34.3,64.9,786.67
snake_plant,49.55,34.3,64.9,786.67
cactus,71.62,34.3,64.9,786.67
money_plant,26.07,34.3,64.9,752.5
snake_plant,49.73,34.3,64.9,752.5
cactus,71.35,34.3,64.9,752.5
money_plant,26.04,34.3,64.8,739.17
snake_plant,49.55,34.3,64.8,739.17
cactus,71.38,34.3,64.8,739.17
money_plant,26.04,34.4,64.7,808.33
snake_plant,49.83,34.4,64.7,808.33
cactus,71.35,34.4,64.7,808.33
money_plant,25.87,34.4,64.6,790.83
snake_plant,49.7,34.4,64.6,790.83
cactus,71.38,34.4,64.6,790.83
money_plant,25.9,34.4,64.7,801.67
snake_plant,49.48,34.4,64.7,801.67
cactus,71.29,34.4,64.7,801.67
money_plant,26.04,34.5,64.6,763.33
snake_plant,50.7,34.5,64.6,763.33
cactus,71.35,34.5,64.6,763.33
money_plant,26.13,34.5,64.5,715.0
snake_plant,49.51,34.5,64.5,715.0
cactus,71.35,34.5,64.5,715.0
money_plant,25.93,34.5,64.5,681.67
snake_plant,49.45,34.5,64.5,681.67
cactus,71.38,34.5,64.5,681.67
money_plant,25.63,34.6,64.3,663.33
snake_plant,49.42,34.6,64.3,663.33
cactus,71.35,34.6,64.3,663.33
money_plant,26.13,34.6,64.2,577.5
snake_plant,49.51,34.6,64.2,577.5
cactus,71.9,34.6,64.2,577.5
money_plant,26.04,34.6,64.3,543.33
snake_plant,49.2,34.6,64.3,543.33
cactus,71.32,34.6,64.3,543.33
money_plant,26.31,34.6,64.4,609.17
snake_plant,53.08,34.6,64.4,609.17
cactus,71.35,34.6,64.4,609.17
money_plant,26.25,34.5,64.5,655.83
snake_plant,49.33,34.5,64.5,655.83
cactus,71.35,34.5,64.5,655.83
money_plant,26.25,34.5,64.6,635.0
snake_plant,49.08,34.5,64.6,635.0
cactus,71.41,34.5,64.6,635.0
money_plant,26.07,34.4,64.0,599.17
snake_plant,49.51,34.4,64.0,599.17
cactus,71.38,34.4,64.0,599.17
money_plant,26.22,34.4,65.0,600.0
snake_plant,49.33,34.4,65.0,600.0
cactus,71.41,34.4,65.0,600.0
money_plant,25.96,34.3,65.0,697.5
snake_plant,49.39,34.3,65.0,697.5
cactus,71.35,34.3,65.0,697.5
money_plant,26.04,34.3,65.0,738.33
snake_plant,49.33,34.3,65.0,738.33
cactus,71.29,34.3,65.0,738.33
money_plant,26.01,34.4,64.9,750.0
snake_plant,49.51,34.4,64.9,750.0
cactus,71.65,34.4,64.9,750.0
money_plant,26.19,34.3,64.6,717.5
snake_plant,49.86,34.3,64.6,717.5
cactus,71.32,34.3,64.6,717.5
money_plant,26.49,34.3,64.7,627.5
snake_plant,49.61,34.3,64.7,627.5
cactus,71.35,34.3,64.7,627.5
money_plant,25.9,34.4,64.4,660.83
snake_plant,49.45,34.4,64.4,660.83
cactus,71.29,34.4,64.4,660.83
money_plant,26.04,34.4,64.6,608.33
snake_plant,49.36,34.4,64.6,608.33
cactus,71.35,34.4,64.6,608.33
money_plant,26.04,34.5,64.3,595.83
snake_plant,49.42,34.5,64.3,595.83
cactus,71.2,34.5,64.3,595.83
money_plant,26.04,34.5,64.3,593.33
snake_plant,49.39,34.5,64.3,593.33
cactus,71.29,34.5,64.3,593.33
money_plant,25.96,34.6,64.2,631.67
snake_plant,49.01,34.6,64.2,631.67
cactus,71.29,34.6,64.2,631.67
money_plant,26.1,34.5,64.4,698.33
snake_plant,49.11,34.5,64.4,698.33
cactus,71.17,34.5,64.4,698.33
money_plant,26.37,34.5,64.5,706.67
snake_plant,48.95,34.5,64.5,706.67
cactus,71.17,34.5,64.5,706.67
money_plant,26.1,34.5,64.4,688.33
snake_plant,49.33,34.5,64.4,688.33
cactus,71.2,34.5,64.4,688.33
money_plant,26.04,34.5,64.4,707.5
snake_plant,49.08,34.5,64.4,707.5
cactus,73.14,34.5,64.4,707.5
money_plant,25.78,34.5,64.4,721.67
snake_plant,48.73,34.5,64.4,721.67
cactus,71.14,34.5,64.4,721.67
money_plant,26.87,34.5,64.5,668.33
snake_plant,48.61,34.5,64.5,668.33
cactus,71.2,34.5,64.5,668.33
money_plant,26.07,34.4,64.6,649.17
snake_plant,49.23,34.4,64.6,649.17
cactus,70.38,34.4,64.6,649.17
money_plant,25.87,34.4,64.5,603.33
snake_plant,48.73,34.4,64.5,603.33
cactus,71.14,34.4,64.5,603.33
money_plant,26.04,34.4,64.7,510.83
snake_plant,48.73,34.4,64.7,510.83
cactus,71.11,34.4,64.7,510.83
money_plant,26.13,34.4,64.8,450.83
snake_plant,49.23,34.4,64.8,450.83
cactus,70.93,34.4,64.8,450.83
money_plant,26.19,34.3,65.1,449.17
snake_plant,49.05,34.3,65.1,449.17
cactus,71.17,34.3,65.1,449.17
money_plant,26.19,34.2,65.1,460.0
snake_plant,48.95,34.2,65.1,460.0
cactus,70.96,34.2,65.1,460.0
money_plant,25.96,34.2,65.0,460.83
snake_plant,48.89,34.2,65.0,460.83
cactus,71.17,34.2,65.0,460.83
money_plant,26.13,34.2,65.1,485.83
snake_plant,48.98,34.2,65.1,485.83
cactus,71.2,34.2,65.1,485.83
money_plant,26.04,34.1,65.3,450.0
snake_plant,48.76,34.1,65.3,450.0
cactus,71.23,34.1,65.3,450.0
money_plant,26.07,34.1,65.4,465.83
snake_plant,49.26,34.1,65.4,465.83
cactus,71.02,34.1,65.4,465.83
money_plant,26.22,34.2,65.2,516.67
snake_plant,49.01,34.2,65.2,516.67
cactus,70.96,34.2,65.2,516.67
money_plant,26.13,34.3,65.0,535.0
snake_plant,49.05,34.3,65.0,535.0
cactus,71.02,34.3,65.0,535.0
money_plant,25.96,34.3,64.8,540.83
snake_plant,48.76,34.3,64.8,540.83
cactus,70.96,34.3,64.8,540.83
money_plant,26.19,34.3,64.8,460.0
snake_plant,48.89,34.3,64.8,460.0
cactus,71.14,34.3,64.8,460.0
money_plant,26.22,34.3,65.1,507.5
snake_plant,48.89,34.3,65.1,507.5
cactus,70.96,34.3,65.1,507.5
money_plant,26.34,34.4,64.9,559.17
snake_plant,48.95,34.4,64.9,559.17
cactus,70.96,34.4,64.9,559.17
money_plant,26.19,34.3,64.9,535.0
snake_plant,48.98,34.3,64.9,535.0
cactus,70.83,34.3,64.9,535.0
money_plant,26.1,34.3,64.8,543.33
snake_plant,48.98,34.3,64.8,543.33
cactus,70.86,34.3,64.8,543.33
money_plant,26.13,34.3,65.1,605.83
snake_plant,48.7,34.3,65.1,605.83
cactus,70.93,34.3,65.1,605.83
money_plant,25.6,34.3,65.1,717.5
snake_plant,48.79,34.3,65.1,717.5
cactus,70.93,34.3,65.1,717.5
money_plant,26.04,34.3,64.9,727.5
snake_plant,48.7,34.3,64.9,727.5
cactus,70.86,34.3,64.9,727.5
money_plant,26.7,34.4,64.9,720.0
snake_plant,48.51,34.4,64.9,720.0
cactus,71.11,34.4,64.9,720.0
money_plant,26.19,34.4,64.5,703.33
snake_plant,48.58,34.4,64.5,703.33
cactus,71.17,34.4,64.5,703.33
money_plant,26.04,34.5,64.6,667.5
snake_plant,48.54,34.5,64.6,667.5
cactus,71.05,34.5,64.6,667.5
money_plant,25.75,34.5,64.4,641.67
snake_plant,48.64,34.5,64.4,641.67
cactus,70.9,34.5,64.4,641.67
money_plant,26.19,34.6,64.5,616.67
snake_plant,48.67,34.6,64.5,616.67
cactus,71.78,34.6,64.5,616.67
money_plant,26.04,34.6,64.3,600.0
snake_plant,48.51,34.6,64.3,600.0
cactus,70.9,34.6,64.3,600.0
money_plant,26.13,34.6,64.2,592.5
snake_plant,48.54,34.6,64.2,592.5
cactus,70.86,34.6,64.2,592.5
money_plant,26.31,34.6,64.2,565.83
snake_plant,48.54,34.6,64.2,565.83
cactus,70.96,34.6,64.2,565.83
money_plant,26.04,34.6,63.8,568.33
snake_plant,48.33,34.6,63.8,568.33
cactus,70.96,34.6,63.8,568.33
money_plant,26.16,34.7,63.7,555.0
snake_plant,48.54,34.7,63.7,555.0
cactus,71.08,34.7,63.7,555.0
money_plant,26.34,34.7,63.6,558.33
snake_plant,48.39,34.7,63.6,558.33
cactus,70.9,34.7,63.6,558.33
money_plant,26.25,34.7,63.8,544.17
snake_plant,48.58,34.7,63.8,544.17
cactus,70.96,34.7,63.8,544.17
money_plant,26.16,34.7,63.5,565.0
snake_plant,48.36,34.7,63.5,565.0
cactus,71.26,34.7,63.5,565.0
money_plant,25.9,34.7,63.7,590.0
snake_plant,48.33,34.7,63.7,590.0
cactus,71.08,34.7,63.7,590.0
money_plant,25.87,34.6,63.7,616.67
snake_plant,48.42,34.6,63.7,616.67
cactus,70.77,34.6,63.7,616.67
money_plant,26.1,34.7,63.8,690.0
snake_plant,48.48,34.7,63.8,690.0
cactus,70.96,34.7,63.8,690.0
money_plant,26.04,34.7,63.7,677.5
snake_plant,48.48,34.7,63.7,677.5
cactus,71.02,34.7,63.7,677.5
money_plant,26.19,34.7,63.8,599.17
snake_plant,48.23,34.7,63.8,599.17
cactus,71.35,34.7,63.8,599.17
money_plant,26.04,34.6,64.0,552.5
snake_plant,48.54,34.6,64.0,552.5
cactus,71.08,34.6,64.0,552.5
money_plant,26.01,34.7,63.8,560.0
snake_plant,48.23,34.7,63.8,560.0
cactus,70.99,34.7,63.8,560.0
money_plant,26.04,34.6,64.0,541.67
snake_plant,48.33,34.6,64.0,541.67
cactus,71.23,34.6,64.0,541.67
money_plant,26.04,34.6,63.9,537.5
snake_plant,48.11,34.6,63.9,537.5
cactus,70.9,34.6,63.9,537.5
money_plant,26.22,34.7,63.8,495.83
snake_plant,48.48,34.7,63.8,495.83
cactus,70.17,34.7,63.8,495.83
money_plant,25.96,34.6,63.9,510.0
snake_plant,48.08,34.6,63.9,510.0
cactus,71.02,34.6,63.9,510.0
money_plant,26.37,34.6,63.9,530.83
snake_plant,48.08,34.6,63.9,530.83
cactus,70.93,34.6,63.9,530.83
money_plant,25.99,34.6,64.1,589.17
snake_plant,48.23,34.6,64.1,589.17
cactus,70.83,34.6,64.1,589.17
money_plant,25.9,34.5,64.0,564.17
snake_plant,52.99,34.5,64.0,564.17
cactus,70.96,34.5,64.0,564.17
money_plant,26.04,34.5,64.2,575.0
snake_plant,47.14,34.5,64.2,575.0
cactus,70.86,34.5,64.2,575.0
money_plant,26.04,34.5,63.8,585.0
snake_plant,48.08,34.5,63.8,585.0
cactus,70.8,34.5,63.8,585.0
money_plant,26.31,34.4,64.3,569.17
snake_plant,48.08,34.4,64.3,569.17
cactus,70.9,34.4,64.3,569.17
money_plant,26.04,34.4,64.6,565.83
snake_plant,48.26,34.4,64.6,565.83
cactus,70.86,34.4,64.6,565.83
money_plant,27.5,34.3,64.3,541.67
snake_plant,48.2,34.3,64.3,541.67
cactus,70.77,34.3,64.3,541.67
money_plant,26.04,34.3,64.8,547.5
snake_plant,48.08,34.3,64.8,547.5
cactus,70.9,34.3,64.8,547.5
money_plant,26.04,34.3,64.7,538.33
snake_plant,48.08,34.3,64.7,538.33
cactus,71.02,34.3,64.7,538.33
money_plant,25.39,34.3,64.7,516.67
snake_plant,48.08,34.3,64.7,516.67
cactus,71.05,34.3,64.7,516.67
money_plant,26.19,34.2,64.9,511.67
snake_plant,48.08,34.2,64.9,511.67
cactus,70.93,34.2,64.9,511.67
money_plant,26.1,34.2,64.7,523.33
snake_plant,48.08,34.2,64.7,523.33
cactus,70.86,34.2,64.7,523.33
money_plant,26.13,34.2,64.9,506.67
snake_plant,48.08,34.2,64.9,506.67
cactus,70.86,34.2,64.9,506.67
money_plant,26.04,34.2,64.9,461.67
snake_plant,48.08,34.2,64.9,461.67
cactus,70.86,34.2,64.9,461.67
money_plant,26.07,34.2,64.9,460.83
snake_plant,48.08,34.2,64.9,460.83
cactus,70.86,34.2,64.9,460.83
money_plant,26.04,34.2,64.8,467.5
snake_plant,48.08,34.2,64.8,467.5
cactus,70.71,34.2,64.8,467.5
money_plant,26.13,34.2,64.9,465.83
snake_plant,48.08,34.2,64.9,465.83
cactus,70.77,34.2,64.9,465.83
money_plant,26.04,34.3,64.7,447.5
snake_plant,48.08,34.3,64.7,447.5
cactus,70.65,34.3,64.7,447.5
money_plant,26.01,34.4,64.4,396.67
snake_plant,48.2,34.4,64.4,396.67
cactus,70.96,34.4,64.4,396.67
money_plant,26.01,34.3,64.6,382.5
snake_plant,48.08,34.3,64.6,382.5
cactus,70.74,34.3,64.6,382.5
money_plant,25.72,34.3,64.6,419.17
snake_plant,48.08,34.3,64.6,419.17
cactus,70.86,34.3,64.6,419.17
money_plant,25.96,34.4,64.6,421.67
snake_plant,48.08,34.4,64.6,421.67
cactus,70.65,34.4,64.6,421.67
money_plant,26.34,34.4,64.6,423.33
snake_plant,48.08,34.4,64.6,423.33
cactus,70.71,34.4,64.6,423.33
money_plant,26.07,34.4,64.5,409.17
snake_plant,48.08,34.4,64.5,409.17
cactus,70.8,34.4,64.5,409.17
money_plant,25.96,34.4,64.7,455.83
snake_plant,48.08,34.4,64.7,455.83
cactus,70.56,34.4,64.7,455.83
money_plant,25.99,34.5,64.6,445.83
snake_plant,47.39,34.5,64.6,445.83
cactus,70.65,34.5,64.6,445.83
money_plant,25.84,34.5,64.4,437.5
snake_plant,47.2,34.5,64.4,437.5
cactus,71.68,34.5,64.4,437.5
money_plant,25.9,34.6,64.2,435.0
snake_plant,48.08,34.6,64.2,435.0
cactus,70.65,34.6,64.2,435.0
money_plant,26.1,34.5,64.1,420.0
snake_plant,47.2,34.5,64.1,420.0
cactus,70.8,34.5,64.1,420.0
money_plant,25.99,34.6,64.2,429.17
snake_plant,47.36,34.6,64.2,429.17
cactus,70.65,34.6,64.2,429.17
money_plant,26.04,34.6,64.2,418.33
snake_plant,48.08,34.6,64.2,418.33
cactus,70.56,34.6,64.2,418.33
money_plant,25.72,34.6,63.8,465.0
snake_plant,48.08,34.6,63.8,465.0
cactus,70.77,34.6,63.8,465.0
money_plant,25.96,34.6,63.6,455.0
snake_plant,47.2,34.6,63.6,455.0
cactus,70.56,34.6,63.6,455.0
money_plant,25.96,34.6,64.2,452.5
snake_plant,47.2,34.6,64.2,452.5
cactus,70.77,34.6,64.2,452.5
money_plant,26.01,34.6,64.1,452.5
snake_plant,47.17,34.6,64.1,452.5
cactus,70.56,34.6,64.1,452.5
money_plant,26.04,34.6,63.9,503.33
snake_plant,48.08,34.6,63.9,503.33
cactus,70.59,34.6,63.9,503.33
money_plant,26.04,34.6,64.2,534.17
snake_plant,48.08,34.6,64.2,534.17
cactus,70.74,34.6,64.2,534.17
money_plant,25.96,34.6,63.9,539.17
snake_plant,46.76,34.6,63.9,539.17
cactus,70.74,34.6,63.9,539.17
money_plant,26.19,34.7,63.8,554.17
snake_plant,47.2,34.7,63.8,554.17
cactus,69.56,34.7,63.8,554.17
money_plant,26.04,34.7,63.5,554.17
snake_plant,47.07,34.7,63.5,554.17
cactus,70.65,34.7,63.5,554.17
money_plant,26.22,34.7,63.6,525.83
snake_plant,47.17,34.7,63.6,525.83
cactus,70.65,34.7,63.6,525.83
money_plant,26.31,34.7,63.4,508.33
snake_plant,47.26,34.7,63.4,508.33
cactus,70.59,34.7,63.4,508.33
money_plant,25.66,34.7,63.5,494.17
snake_plant,47.26,34.7,63.5,494.17
cactus,70.77,34.7,63.5,494.17
money_plant,26.19,34.6,63.2,457.5
snake_plant,47.23,34.6,63.2,457.5
cactus,70.65,34.6,63.2,457.5
money_plant,26.01,34.6,63.8,452.5
snake_plant,47.01,34.6,63.8,452.5
cactus,70.83,34.6,63.8,452.5
money_plant,25.93,34.6,63.8,460.0
snake_plant,46.45,34.6,63.8,460.0
cactus,70.59,34.6,63.8,460.0
money_plant,25.51,34.5,63.6,445.83
snake_plant,47.01,34.5,63.6,445.83
cactus,70.59,34.5,63.6,445.83
money_plant,26.04,34.4,63.9,410.0
snake_plant,46.98,34.4,63.9,410.0
cactus,70.65,34.4,63.9,410.0
money_plant,25.6,34.3,64.1,395.83
snake_plant,47.36,34.3,64.1,395.83
cactus,70.41,34.3,64.1,395.83
money_plant,26.04,34.4,64.4,410.0
snake_plant,47.1,34.4,64.4,410.0
cactus,70.41,34.4,64.4,410.0
money_plant,25.9,34.4,64.1,374.17
snake_plant,46.45,34.4,64.1,374.17
cactus,70.53,34.4,64.1,374.17
money_plant,26.04,34.4,64.3,375.83
snake_plant,46.95,34.4,64.3,375.83
cactus,70.44,34.4,64.3,375.83
money_plant,26.04,34.3,64.3,362.5
snake_plant,47.04,34.3,64.3,362.5
cactus,70.38,34.3,64.3,362.5
money_plant,24.21,34.3,64.4,370.83
snake_plant,46.98,34.3,64.4,370.83
cactus,70.32,34.3,64.4,370.83
money_plant,25.9,34.3,64.4,381.67
snake_plant,46.89,34.3,64.4,381.67
cactus,70.38,34.3,64.4,381.67
money_plant,25.1,34.2,63.8,412.5
snake_plant,46.95,34.2,63.8,412.5
cactus,70.41,34.2,63.8,412.5
money_plant,25.9,34.3,64.5,452.5
snake_plant,46.79,34.3,64.5,452.5
cactus,70.41,34.3,64.5,452.5
money_plant,25.96,34.2,64.7,484.17
snake_plant,46.82,34.2,64.7,484.17
cactus,70.38,34.2,64.7,484.17
money_plant,25.84,34.2,64.0,505.0
snake_plant,46.54,34.2,64.0,505.0
cactus,70.41,34.2,64.0,505.0
money_plant,26.01,34.2,64.8,528.33
snake_plant,46.89,34.2,64.8,528.33
cactus,70.35,34.2,64.8,528.33
money_plant,26.1,34.2,64.8,565.83
snake_plant,46.82,34.2,64.8,565.83
cactus,70.38,34.2,64.8,565.83
money_plant,25.99,34.3,64.6,565.83
snake_plant,46.54,34.3,64.6,565.83
cactus,70.38,34.3,64.6,565.83
money_plant,25.96,34.3,64.6,516.67
snake_plant,46.89,34.3,64.6,516.67
cactus,70.38,34.3,64.6,516.67
money_plant,25.87,34.2,64.7,516.67
snake_plant,46.54,34.2,64.7,516.67
cactus,70.41,34.2,64.7,516.67
money_plant,25.99,34.2,64.5,545.0
snake_plant,46.57,34.2,64.5,545.0
cactus,70.38,34.2,64.5,545.0
money_plant,25.87,34.3,64.0,529.17
snake_plant,46.73,34.3,64.0,529.17
cactus,70.38,34.3,64.0,529.17
money_plant,25.78,34.3,64.2,497.5
snake_plant,46.64,34.3,64.2,497.5
cactus,70.47,34.3,64.2,497.5
money_plant,25.9,34.3,64.2,475.83
snake_plant,46.98,34.3,64.2,475.83
cactus,70.38,34.3,64.2,475.83
money_plant,25.72,34.4,64.2,462.5
snake_plant,46.7,34.4,64.2,462.5
cactus,70.41,34.4,64.2,462.5
money_plant,26.1,34.4,64.0,466.67
snake_plant,46.38,34.4,64.0,466.67
cactus,70.38,34.4,64.0,466.67
money_plant,25.93,34.4,63.8,475.0
snake_plant,46.64,34.4,63.8,475.0
cactus,70.44,34.4,63.8,475.0
money_plant,26.34,34.5,63.8,506.67
snake_plant,46.6,34.5,63.8,506.67
cactus,70.59,34.5,63.8,506.67
money_plant,26.04,34.5,64.0,550.0
snake_plant,46.42,34.5,64.0,550.0
cactus,70.38,34.5,64.0,550.0
money_plant,25.63,34.5,64.3,586.67
snake_plant,46.38,34.5,64.3,586.67
cactus,70.71,34.5,64.3,586.67
money_plant,25.93,34.5,64.5,575.83
snake_plant,46.54,34.5,64.5,575.83
cactus,70.38,34.5,64.5,575.83
money_plant,25.9,34.5,64.3,561.67
snake_plant,46.45,34.5,64.3,561.67
cactus,70.47,34.5,64.3,561.67
money_plant,25.9,34.6,64.3,548.33
snake_plant,46.45,34.6,64.3,548.33
cactus,70.68,34.6,64.3,548.33
money_plant,25.48,34.6,64.1,550.83
snake_plant,46.51,34.6,64.1,550.83
cactus,70.41,34.6,64.1,550.83
money_plant,25.72,34.7,64.1,527.5
snake_plant,46.26,34.7,64.1,527.5
cactus,70.68,34.7,64.1,527.5
money_plant,25.66,34.7,63.4,531.67
snake_plant,46.42,34.7,63.4,531.67
cactus,70.68,34.7,63.4,531.67
money_plant,25.63,34.7,63.2,529.17
snake_plant,46.42,34.7,63.2,529.17
cactus,70.38,34.7,63.2,529.17
money_plant,25.99,34.6,62.1,501.67
snake_plant,50.11,34.6,62.1,501.67
cactus,70.53,34.6,62.1,501.67
money_plant,25.75,34.6,63.6,492.5
snake_plant,50.02,34.6,63.6,492.5
cactus,70.47,34.6,63.6,492.5
money_plant,25.9,34.7,63.7,494.17
snake_plant,46.2,34.7,63.7,494.17
cactus,70.56,34.7,63.7,494.17
money_plant,23.14,34.7,62.7,508.33
snake_plant,46.01,34.7,62.7,508.33
cactus,70.65,34.7,62.7,508.33
money_plant,25.78,34.7,63.6,515.0
snake_plant,46.48,34.7,63.6,515.0
cactus,70.77,34.7,63.6,515.0
money_plant,26.13,34.7,63.7,518.33
snake_plant,45.48,34.7,63.7,518.33
cactus,70.68,34.7,63.7,518.33
money_plant,25.84,34.7,63.3,532.5
snake_plant,46.45,34.7,63.3,532.5
cactus,70.9,34.7,63.3,532.5
money_plant,25.39,34.7,63.5,524.17
snake_plant,46.35,34.7,63.5,524.17
cactus,70.44,34.7,63.5,524.17
money_plant,25.48,34.7,63.8,540.83
snake_plant,46.17,34.7,63.8,540.83
cactus,70.68,34.7,63.8,540.83
money_plant,25.78,34.6,63.8,522.5
snake_plant,46.35,34.6,63.8,522.5
cactus,70.68,34.6,63.8,522.5
money_plant,25.72,34.6,63.8,560.83
snake_plant,46.23,34.6,63.8,560.83
cactus,70.74,34.6,63.8,560.83
money_plant,25.54,34.6,63.9,548.33
snake_plant,46.04,34.6,63.9,548.33
cactus,70.8,34.6,63.9,548.33
money_plant,25.75,34.6,64.0,560.0
snake_plant,46.04,34.6,64.0,560.0
cactus,70.17,34.6,64.0,560.0
money_plant,25.72,34.7,63.9,572.5
snake_plant,46.98,34.7,63.9,572.5
cactus,71.29,34.7,63.9,572.5
money_plant,25.75,34.7,63.6,603.33
snake_plant,46.35,34.7,63.6,603.33
cactus,71.02,34.7,63.6,603.33
money_plant,25.84,34.7,64.1,602.5
snake_plant,46.13,34.7,64.1,602.5
cactus,70.8,34.7,64.1,602.5
money_plant,25.78,34.8,64.0,619.17
snake_plant,46.23,34.8,64.0,619.17
cactus,70.71,34.8,64.0,619.17
money_plant,25.54,34.7,63.9,629.17
snake_plant,45.95,34.7,63.9,629.17
cactus,70.77,34.7,63.9,629.17
money_plant,25.6,34.7,63.8,596.67
snake_plant,46.26,34.7,63.8,596.67
cactus,70.77,34.7,63.8,596.67
money_plant,25.6,34.7,63.5,613.33
snake_plant,46.04,34.7,63.5,613.33
cactus,70.9,34.7,63.5,613.33
money_plant,25.66,34.6,63.8,621.67
snake_plant,46.01,34.6,63.8,621.67
cactus,70.47,34.6,63.8,621.67
money_plant,25.72,34.7,64.0,626.67
snake_plant,46.1,34.7,64.0,626.67
cactus,70.53,34.7,64.0,626.67
money_plant,25.54,34.7,63.7,590.0
snake_plant,46.04,34.7,63.7,590.0
cactus,70.86,34.7,63.7,590.0
money_plant,25.96,34.7,63.5,612.5
snake_plant,45.7,34.7,63.5,612.5
cactus,70.93,34.7,63.5,612.5
money_plant,25.57,34.6,63.5,632.5
snake_plant,45.7,34.6,63.5,632.5
cactus,70.86,34.6,63.5,632.5
money_plant,25.84,34.6,63.2,653.33
snake_plant,45.7,34.6,63.2,653.33
cactus,70.86,34.6,63.2,653.33
money_plant,25.48,34.5,63.3,648.33
snake_plant,45.85,34.5,63.3,648.33
cactus,71.62,34.5,63.3,648.33
money_plant,25.51,34.6,63.8,630.83
snake_plant,45.73,34.6,63.8,630.83
cactus,70.68,34.6,63.8,630.83
money_plant,25.84,34.6,63.5,615.0
snake_plant,45.98,34.6,63.5,615.0
cactus,70.9,34.6,63.5,615.0
money_plant,26.04,34.6,63.5,605.0
snake_plant,46.01,34.6,63.5,605.0
cactus,70.71,34.6,63.5,605.0
money_plant,25.75,34.5,63.9,589.17
snake_plant,45.7,34.5,63.9,589.17
cactus,70.83,34.5,63.9,589.17
money_plant,25.87,34.5,63.7,594.17
snake_plant,45.7,34.5,63.7,594.17
cactus,70.86,34.5,63.7,594.17
money_plant,25.66,34.5,63.0,590.83
snake_plant,45.85,34.5,63.0,590.83
cactus,70.77,34.5,63.0,590.83
money_plant,25.84,34.5,63.6,608.33
snake_plant,45.32,34.5,63.6,608.33
cactus,70.71,34.5,63.6,608.33
money_plant,25.72,34.4,63.5,607.5
snake_plant,45.51,34.4,63.5,607.5
cactus,70.71,34.4,63.5,607.5
money_plant,25.87,34.4,63.9,592.5
snake_plant,45.57,34.4,63.9,592.5
cactus,70.65,34.4,63.9,592.5
money_plant,24.86,34.3,63.9,580.0
snake_plant,45.54,34.3,63.9,580.0
cactus,70.65,34.3,63.9,580.0
money_plant,25.42,34.3,63.8,565.0
snake_plant,45.85,34.3,63.8,565.0
cactus,70.65,34.3,63.8,565.0
money_plant,25.63,34.4,63.9,561.67
snake_plant,45.45,34.4,63.9,561.67
cactus,70.71,34.4,63.9,561.67
money_plant,25.72,34.4,63.9,547.5
snake_plant,45.57,34.4,63.9,547.5
cactus,70.9,34.4,63.9,547.5
money_plant,25.63,34.4,63.7,540.0
snake_plant,45.32,34.4,63.7,540.0
cactus,70.83,34.4,63.7,540.0
money_plant,25.66,34.4,63.9,520.83
snake_plant,45.45,34.4,63.9,520.83
cactus,70.8,34.4,63.9,520.83
money_plant,25.6,34.4,63.9,500.0
snake_plant,45.48,34.4,63.9,500.0
cactus,70.65,34.4,63.9,500.0
money_plant,25.69,34.3,63.9,488.33
snake_plant,45.38,34.3,63.9,488.33
cactus,70.68,34.3,63.9,488.33
money_plant,25.54,34.3,63.7,458.33
snake_plant,45.51,34.3,63.7,458.33
cactus,70.86,34.3,63.7,458.33
money_plant,25.45,34.2,64.3,435.0
snake_plant,44.63,34.2,64.3,435.0
cactus,70.71,34.2,64.3,435.0
money_plant,25.54,34.3,63.7,452.5
snake_plant,45.2,34.3,63.7,452.5
cactus,70.71,34.3,63.7,452.5
money_plant,25.75,34.2,64.4,424.17
snake_plant,45.45,34.2,64.4,424.17
cactus,70.9,34.2,64.4,424.17
money_plant,25.75,34.2,64.3,425.0
snake_plant,45.29,34.2,64.3,425.0
cactus,70.8,34.2,64.3,425.0
money_plant,25.54,34.1,64.0,430.0
snake_plant,45.2,34.1,64.0,430.0
cactus,70.86,34.1,64.0,430.0
money_plant,25.51,34.0,64.3,410.83
snake_plant,44.95,34.0,64.3,410.83
cactus,70.9,34.0,64.3,410.83
money_plant,25.66,34.1,64.6,396.67
snake_plant,45.26,34.1,64.6,396.67
cactus,70.83,34.1,64.6,396.67
money_plant,25.54,34.0,64.5,398.33
snake_plant,45.16,34.0,64.5,398.33
cactus,70.86,34.0,64.5,398.33
money_plant,25.66,34.0,64.2,387.5
snake_plant,45.51,34.0,64.2,387.5
cactus,70.8,34.0,64.2,387.5
money_plant,25.48,33.9,64.8,398.33
snake_plant,45.32,33.9,64.8,398.33
cactus,70.71,33.9,64.8,398.33
money_plant,25.45,33.9,65.1,416.67
snake_plant,45.26,33.9,65.1,416.67
cactus,69.92,33.9,65.1,416.67
money_plant,25.19,34.0,64.1,433.33
snake_plant,44.91,34.0,64.1,433.33
cactus,70.83,34.0,64.1,433.33
money_plant,25.54,33.9,64.4,440.83
snake_plant,45.13,33.9,64.4,440.83
cactus,70.9,33.9,64.4,440.83
money_plant,25.6,33.9,64.1,472.5
snake_plant,45.13,33.9,64.1,472.5
cactus,70.77,33.9,64.1,472.5
money_plant,25.27,33.8,64.5,455.83
snake_plant,44.85,33.8,64.5,455.83
cactus,70.77,33.8,64.5,455.83
money_plant,25.42,33.9,64.7,451.67
snake_plant,45.26,33.9,64.7,451.67
cactus,70.8,33.9,64.7,451.67
money_plant,25.36,33.8,64.4,435.83
snake_plant,44.95,33.8,64.4,435.83
cactus,70.83,33.8,64.4,435.83
money_plant,25.72,33.9,64.7,434.17
snake_plant,44.85,33.9,64.7,434.17
cactus,70.8,33.9,64.7,434.17
money_plant,25.42,33.9,64.3,435.0
snake_plant,45.1,33.9,64.3,435.0
cactus,70.83,33.9,64.3,435.0
money_plant,25.24,33.9,64.8,420.83
snake_plant,44.88,33.9,64.8,420.83
cactus,70.96,33.9,64.8,420.83
money_plant,25.6,33.9,64.3,410.83
snake_plant,44.69,33.9,64.3,410.83
cactus,70.83,33.9,64.3,410.83
money_plant,25.27,33.9,64.6,397.5
snake_plant,44.95,33.9,64.6,397.5
cactus,70.77,33.9,64.6,397.5
money_plant,26.01,33.9,64.6,384.17
snake_plant,44.69,33.9,64.6,384.17
cactus,70.71,33.9,64.6,384.17
money_plant,25.57,33.9,64.2,360.83
snake_plant,44.85,33.9,64.2,360.83
cactus,70.8,33.9,64.2,360.83
money_plant,25.48,33.9,64.5,352.5
snake_plant,44.73,33.9,64.5,352.5
cactus,70.8,33.9,64.5,352.5
money_plant,25.24,33.8,64.7,337.5
snake_plant,44.54,33.8,64.7,337.5
cactus,70.93,33.8,64.7,337.5
money_plant,25.21,33.8,64.7,322.5
snake_plant,44.69,33.8,64.7,322.5
cactus,70.9,33.8,64.7,322.5
money_plant,25.39,33.7,64.7,315.0
snake_plant,44.76,33.7,64.7,315.0
cactus,70.83,33.7,64.7,315.0
money_plant,25.42,33.6,64.9,296.67
snake_plant,44.85,33.6,64.9,296.67
cactus,70.83,33.6,64.9,296.67
money_plant,25.39,33.6,65.0,291.67
snake_plant,44.66,33.6,65.0,291.67
cactus,70.68,33.6,65.0,291.67
money_plant,25.19,33.6,65.0,279.17
snake_plant,43.51,33.6,65.0,279.17
cactus,70.86,33.6,65.0,279.17
money_plant,25.27,33.6,64.8,264.17
snake_plant,44.54,33.6,64.8,264.17
cactus,70.8,33.6,64.8,264.17
money_plant,25.63,33.6,64.6,252.5
snake_plant,44.54,33.6,64.6,252.5
cactus,70.71,33.6,64.6,252.5
money_plant,25.36,33.5,64.9,243.33
snake_plant,44.51,33.5,64.9,243.33
cactus,70.77,33.5,64.9,243.33
money_plant,25.24,33.5,65.0,233.33
snake_plant,44.48,33.5,65.0,233.33
cactus,70.65,33.5,65.0,233.33
money_plant,25.1,33.4,64.9,221.67
snake_plant,44.69,33.4,64.9,221.67
cactus,70.65,33.4,64.9,221.67
money_plant,25.1,33.4,64.8,206.67
snake_plant,44.48,33.4,64.8,206.67
cactus,70.47,33.4,64.8,206.67
money_plant,25.72,33.3,64.9,188.33
snake_plant,44.19,33.3,64.9,188.33
cactus,70.44,33.3,64.9,188.33
money_plant,28.8,33.3,65.3,186.67
snake_plant,44.44,33.3,65.3,186.67
cactus,70.74,33.3,65.3,186.67
money_plant,25.54,33.3,65.5,185.83
snake_plant,44.38,33.3,65.5,185.83
cactus,70.53,33.3,65.5,185.83
money_plant,25.16,33.3,65.5,179.17
snake_plant,44.32,33.3,65.5,179.17
cactus,70.29,33.3,65.5,179.17
money_plant,25.19,33.2,65.5,175.83
snake_plant,44.16,33.2,65.5,175.83
cactus,70.47,33.2,65.5,175.83
money_plant,25.19,33.2,65.4,165.83
snake_plant,45.29,33.2,65.4,165.83
cactus,70.5,33.2,65.4,165.83
money_plant,25.39,33.2,65.5,155.0
snake_plant,44.32,33.2,65.5,155.0
cactus,70.5,33.2,65.5,155.0
money_plant,25.1,33.1,65.6,146.67
snake_plant,44.19,33.1,65.6,146.67
cactus,70.53,33.1,65.6,146.67
money_plant,25.16,33.1,65.9,142.5
snake_plant,44.38,33.1,65.9,142.5
cactus,70.41,33.1,65.9,142.5
money_plant,25.42,33.1,65.7,134.17
snake_plant,44.23,33.1,65.7,134.17
cactus,70.38,33.1,65.7,134.17
money_plant,24.8,33.1,65.9,128.33
snake_plant,44.13,33.1,65.9,128.33
cactus,70.56,33.1,65.9,128.33
money_plant,25.51,33.1,65.9,126.67
snake_plant,44.23,33.1,65.9,126.67
cactus,70.38,33.1,65.9,126.67
money_plant,25.39,33.0,65.9,119.17
snake_plant,43.85,33.0,65.9,119.17
cactus,70.38,33.0,65.9,119.17
money_plant,25.19,33.1,65.9,112.5
snake_plant,44.04,33.1,65.9,112.5
cactus,70.29,33.1,65.9,112.5
money_plant,25.19,33.0,65.7,107.5
snake_plant,44.19,33.0,65.7,107.5
cactus,70.38,33.0,65.7,107.5
money_plant,25.07,33.0,65.7,102.5
snake_plant,43.72,33.0,65.7,102.5
cactus,70.38,33.0,65.7,102.5
money_plant,25.36,32.9,65.8,102.5
snake_plant,44.13,32.9,65.8,102.5
cactus,70.38,32.9,65.8,102.5
money_plant,25.1,32.9,66.1,100.83
snake_plant,43.88,32.9,66.1,100.83
cactus,70.38,32.9,66.1,100.83
money_plant,25.24,32.9,65.4,99.17
snake_plant,44.04,32.9,65.4,99.17
cactus,70.38,32.9,65.4,99.17
money_plant,25.54,32.8,66.0,95.83
snake_plant,44.04,32.8,66.0,95.83
cactus,70.38,32.8,66.0,95.83
money_plant,25.1,32.8,66.3,95.0
snake_plant,43.94,32.8,66.3,95.0
cactus,70.38,32.8,66.3,95.0
money_plant,25.36,32.7,65.8,90.83
snake_plant,43.88,32.7,65.8,90.83
cactus,70.38,32.7,65.8,90.83
money_plant,25.16,32.7,65.5,85.0
snake_plant,43.76,32.7,65.5,85.0
cactus,70.32,32.7,65.5,85.0
money_plant,25.04,32.7,66.2,62.5
snake_plant,43.69,32.7,66.2,62.5
cactus,70.35,32.7,66.2,62.5
money_plant,25.19,32.6,66.0,43.33
snake_plant,43.94,32.6,66.0,43.33
cactus,70.38,32.6,66.0,43.33
money_plant,25.19,32.6,66.4,34.17
snake_plant,43.35,32.6,66.4,34.17
cactus,70.32,32.6,66.4,34.17
money_plant,25.84,32.5,66.4,31.67
snake_plant,43.54,32.5,66.4,31.67
cactus,70.23,32.5,66.4,31.67
money_plant,25.13,32.4,66.4,36.67
snake_plant,43.88,32.4,66.4,36.67
cactus,70.11,32.4,66.4,36.67
money_plant,25.21,32.4,66.9,45.0
snake_plant,43.69,32.4,66.9,45.0
cactus,70.29,32.4,66.9,45.0
money_plant,25.27,32.4,67.0,46.67
snake_plant,43.82,32.4,67.0,46.67
cactus,70.35,32.4,67.0,46.67
money_plant,25.21,32.5,67.0,48.33
snake_plant,43.82,32.5,67.0,48.33
cactus,70.26,32.5,67.0,48.33
money_plant,25.1,32.4,67.1,51.67
snake_plant,43.54,32.4,67.1,51.67
cactus,70.23,32.4,67.1,51.67
money_plant,25.16,32.4,67.0,57.5
snake_plant,43.69,32.4,67.0,57.5
cactus,70.71,32.4,67.0,57.5
money_plant,25.19,32.5,67.2,60.0
snake_plant,43.57,32.5,67.2,60.0
cactus,70.17,32.5,67.2,60.0
money_plant,25.21,32.4,66.9,60.0
snake_plant,43.54,32.4,66.9,60.0
cactus,70.32,32.4,66.9,60.0
money_plant,25.16,32.4,67.1,60.0
snake_plant,43.54,32.4,67.1,60.0
cactus,70.17,32.4,67.1,60.0
money_plant,24.44,32.3,67.4,58.33
snake_plant,43.51,32.3,67.4,58.33
cactus,70.11,32.3,67.4,58.33
money_plant,24.71,32.3,67.3,57.5
snake_plant,43.54,32.3,67.3,57.5
cactus,70.08,32.3,67.3,57.5
money_plant,25.19,32.4,67.1,51.67
cactus,70.08,32.4,67.1,51.67
money_plant,25.1,32.3,67.1,50.0
snake_plant,43.6,32.3,67.1,50.0
cactus,70.23,32.3,67.1,50.0
money_plant,24.98,32.3,67.4,45.83
snake_plant,43.47,32.3,67.4,45.83
cactus,69.98,32.3,67.4,45.83
money_plant,27.5,32.3,68.0,44.17
snake_plant,43.26,32.3,68.0,44.17
cactus,70.38,32.3,68.0,44.17
money_plant,25.1,32.4,67.1,44.17
snake_plant,43.54,32.4,67.1,44.17
cactus,70.26,32.4,67.1,44.17
money_plant,25.07,32.4,67.9,45.83
snake_plant,43.57,32.4,67.9,45.83
cactus,70.17,32.4,67.9,45.83
money_plant,24.77,32.4,67.1,46.67
snake_plant,43.54,32.4,67.1,46.67
cactus,70.2,32.4,67.1,46.67
money_plant,25.1,32.4,68.1,45.83
snake_plant,43.35,32.4,68.1,45.83
cactus,70.08,32.4,68.1,45.83
money_plant,28.39,32.4,67.4,42.5
snake_plant,43.13,32.4,67.4,42.5
cactus,70.05,32.4,67.4,42.5
money_plant,25.13,32.4,67.3,36.67
snake_plant,43.72,32.4,67.3,36.67
cactus,70.05,32.4,67.3,36.67
money_plant,28.74,32.3,67.9,29.17
snake_plant,43.35,32.3,67.9,29.17
cactus,70.29,32.3,67.9,29.17
money_plant,25.07,32.4,68.2,5.83
snake_plant,43.35,32.4,68.2,5.83
cactus,69.95,32.4,68.2,5.83
money_plant,24.95,32.4,68.2,3.33
snake_plant,41.69,32.4,68.2,3.33
cactus,70.05,32.4,68.2,3.33
money_plant,24.65,32.4,68.2,1.67
snake_plant,43.22,32.4,68.2,1.67
cactus,69.98,32.4,68.2,1.67
money_plant,24.89,32.4,68.2,57.5
snake_plant,43.07,32.4,68.2,57.5
cactus,69.98,32.4,68.2,57.5
money_plant,25.01,32.6,68.0,57.5
snake_plant,43.35,32.6,68.0,57.5
cactus,69.95,32.6,68.0,57.5
money_plant,25.04,32.8,65.8,57.5
snake_plant,42.16,32.8,65.8,57.5
cactus,70.2,32.8,65.8,57.5
money_plant,25.24,32.7,65.2,57.5
snake_plant,42.88,32.7,65.2,57.5
cactus,69.95,32.7,65.2,57.5
money_plant,25.1,32.7,64.7,57.5
snake_plant,43.13,32.7,64.7,57.5
cactus,70.17,32.7,64.7,57.5
money_plant,24.92,32.7,63.6,57.5
snake_plant,42.94,32.7,63.6,57.5
cactus,70.32,32.7,63.6,57.5
money_plant,25.1,32.7,64.0,57.5
snake_plant,43.0,32.7,64.0,57.5
cactus,70.17,32.7,64.0,57.5
money_plant,25.13,32.7,63.1,57.5
snake_plant,42.72,32.7,63.1,57.5
cactus,69.74,32.7,63.1,57.5
money_plant,25.1,32.7,64.1,57.5
snake_plant,43.16,32.7,64.1,57.5
cactus,70.05,32.7,64.1,57.5
money_plant,26.49,32.8,63.8,57.5
snake_plant,42.85,32.8,63.8,57.5
cactus,69.92,32.8,63.8,57.5
money_plant,25.1,32.7,61.9,57.5
snake_plant,43.19,32.7,61.9,57.5
cactus,69.92,32.7,61.9,57.5
money_plant,25.07,32.7,62.8,57.5
snake_plant,42.97,32.7,62.8,57.5
cactus,69.95,32.7,62.8,57.5
money_plant,25.04,32.7,62.9,57.5
snake_plant,42.97,32.7,62.9,57.5
cactus,69.95,32.7,62.9,57.5
money_plant,24.89,32.7,62.7,57.5
snake_plant,42.54,32.7,62.7,57.5
cactus,70.02,32.7,62.7,57.5
money_plant,24.77,32.7,62.5,57.5
snake_plant,43.44,32.7,62.5,57.5
cactus,69.89,32.7,62.5,57.5
money_plant,25.1,32.8,61.4,57.5
snake_plant,42.66,32.8,61.4,57.5
cactus,69.86,32.8,61.4,57.5
money_plant,24.92,32.7,60.4,57.5
snake_plant,42.75,32.7,60.4,57.5
cactus,70.38,32.7,60.4,57.5
money_plant,24.89,32.6,60.4,57.5
snake_plant,42.54,32.6,60.4,57.5
cactus,69.95,32.6,60.4,57.5
money_plant,25.1,32.6,60.9,57.5
snake_plant,43.07,32.6,60.9,57.5
cactus,69.92,32.6,60.9,57.5
money_plant,24.59,32.5,61.0,57.5
snake_plant,42.54,32.5,61.0,57.5
cactus,69.83,32.5,61.0,57.5
money_plant,24.68,32.6,61.3,57.5
snake_plant,42.47,32.6,61.3,57.5
cactus,69.8,32.6,61.3,57.5
money_plant,24.89,32.6,60.9,56.67
snake_plant,42.32,32.6,60.9,56.67
cactus,69.89,32.6,60.9,56.67
money_plant,25.45,32.6,59.9,57.5
snake_plant,42.6,32.6,59.9,57.5
cactus,69.92,32.6,59.9,57.5
money_plant,24.65,32.5,60.3,57.5
snake_plant,42.5,32.5,60.3,57.5
cactus,69.89,32.5,60.3,57.5
money_plant,24.77,32.5,60.4,57.5
snake_plant,42.47,32.5,60.4,57.5
cactus,69.86,32.5,60.4,57.5
money_plant,25.1,32.5,60.2,57.5
snake_plant,42.44,32.5,60.2,57.5
cactus,69.8,32.5,60.2,57.5
money_plant,24.8,32.4,60.4,57.5
snake_plant,42.03,32.4,60.4,57.5
cactus,69.86,32.4,60.4,57.5
money_plant,27.56,32.5,60.7,57.5
snake_plant,42.5,32.5,60.7,57.5
cactus,69.86,32.5,60.7,57.5
money_plant,25.1,32.5,61.0,57.5
snake_plant,42.44,32.5,61.0,57.5
cactus,69.74,32.5,61.0,57.5
money_plant,55.38,32.5,61.4,56.67
snake_plant,41.22,32.5,61.4,56.67
cactus,69.5,32.5,61.4,56.67
money_plant,50.55,32.5,61.2,56.67
snake_plant,41.85,32.5,61.2,56.67
cactus,69.56,32.5,61.2,56.67
money_plant,56.33,32.5,60.5,57.5
snake_plant,42.07,32.5,60.5,57.5
cactus,69.59,32.5,60.5,57.5
money_plant,67.08,32.5,60.7,56.67
snake_plant,41.94,32.5,60.7,56.67
cactus,69.71,32.5,60.7,56.67
money_plant,65.27,32.4,60.7,57.5
snake_plant,41.85,32.4,60.7,57.5
cactus,69.47,32.4,60.7,57.5
money_plant,64.0,32.4,61.0,56.67
snake_plant,41.82,32.4,61.0,56.67
cactus,69.47,32.4,61.0,56.67
money_plant,62.93,32.4,61.5,57.5
snake_plant,41.97,32.4,61.5,57.5
cactus,69.41,32.4,61.5,57.5
money_plant,60.24,32.4,61.7,57.5
snake_plant,41.63,32.4,61.7,57.5
cactus,69.44,32.4,61.7,57.5
money_plant,60.47,32.5,61.6,57.5
snake_plant,41.72,32.5,61.6,57.5
cactus,69.38,32.5,61.6,57.5
money_plant,60.68,32.5,61.3,57.5
snake_plant,41.0,32.5,61.3,57.5
cactus,69.35,32.5,61.3,57.5
money_plant,61.01,32.5,61.2,57.5
snake_plant,41.19,32.5,61.2,57.5
cactus,69.41,32.5,61.2,57.5
money_plant,60.15,32.5,61.1,57.5
snake_plant,41.19,32.5,61.1,57.5
cactus,69.5,32.5,61.1,57.5
money_plant,59.53,32.5,61.1,57.5
snake_plant,41.41,32.5,61.1,57.5
cactus,69.44,32.5,61.1,57.5
money_plant,59.26,32.5,61.6,57.5
snake_plant,41.1,32.5,61.6,57.5
cactus,69.41,32.5,61.6,57.5
money_plant,58.64,32.5,61.7,56.67
snake_plant,41.13,32.5,61.7,56.67
cactus,69.44,32.5,61.7,56.67
money_plant,57.87,32.5,61.5,57.5
snake_plant,41.44,32.5,61.5,57.5
cactus,69.41,32.5,61.5,57.5
money_plant,57.54,32.5,61.2,57.5
snake_plant,40.75,32.5,61.2,57.5
cactus,69.5,32.5,61.2,57.5
money_plant,56.86,32.5,61.4,57.5
snake_plant,41.16,32.5,61.4,57.5
cactus,69.44,32.5,61.4,57.5
money_plant,54.93,32.4,61.4,57.5
snake_plant,41.06,32.4,61.4,57.5
cactus,69.41,32.4,61.4,57.5
money_plant,56.21,32.4,61.5,56.67
snake_plant,41.13,32.4,61.5,56.67
cactus,69.41,32.4,61.5,56.67
money_plant,55.44,32.4,61.7,56.67
snake_plant,41.25,32.4,61.7,56.67
cactus,69.47,32.4,61.7,56.67
money_plant,55.11,32.5,61.6,57.5
snake_plant,41.22,32.5,61.6,57.5
cactus,69.44,32.5,61.6,57.5
money_plant,54.16,32.6,61.6,57.5
snake_plant,41.53,32.6,61.6,57.5
cactus,69.38,32.6,61.6,57.5
money_plant,53.75,32.5,61.5,57.5
snake_plant,41.35,32.5,61.5,57.5
cactus,69.38,32.5,61.5,57.5
money_plant,53.01,32.5,61.6,57.5
snake_plant,41.19,32.5,61.6,57.5
money_plant,52.59,32.5,61.5,57.5
snake_plant,41.5,32.5,61.5,57.5
cactus,69.47,32.5,61.5,57.5
money_plant,52.41,32.5,61.5,57.5
snake_plant,41.19,32.5,61.5,57.5
cactus,69.07,32.5,61.5,57.5
money_plant,52.33,32.5,61.7,57.5
snake_plant,41.38,32.5,61.7,57.5
cactus,69.38,32.5,61.7,57.5
money_plant,51.44,32.4,60.8,56.67
snake_plant,40.97,32.4,60.8,56.67
cactus,69.41,32.4,60.8,56.67
money_plant,51.02,32.4,61.1,57.5
snake_plant,41.5,32.4,61.1,57.5
cactus,69.41,32.4,61.1,57.5
money_plant,49.72,32.3,61.4,56.67
snake_plant,41.35,32.3,61.4,56.67
cactus,69.2,32.3,61.4,56.67
money_plant,50.28,32.3,61.4,57.5
snake_plant,41.53,32.3,61.4,57.5
cactus,69.59,32.3,61.4,57.5
money_plant,50.28,32.3,60.4,56.67
snake_plant,41.19,32.3,60.4,56.67
cactus,69.41,32.3,60.4,56.67
money_plant,49.72,32.2,60.7,56.67
snake_plant,41.38,32.2,60.7,56.67
cactus,69.41,32.2,60.7,56.67
money_plant,49.48,32.1,60.3,56.67
snake_plant,41.31,32.1,60.3,56.67
cactus,69.68,32.1,60.3,56.67
money_plant,49.13,32.1,61.2,56.67
snake_plant,41.06,32.1,61.2,56.67
cactus,69.14,32.1,61.2,56.67
money_plant,48.77,32.1,60.6,56.67
snake_plant,41.31,32.1,60.6,56.67
cactus,69.07,32.1,60.6,56.67
money_plant,48.77,32.0,61.4,56.67
snake_plant,41.35,32.0,61.4,56.67
cactus,69.2,32.0,61.4,56.67
money_plant,48.39,32.1,61.3,56.67
snake_plant,41.5,32.1,61.3,56.67
cactus,69.35,32.1,61.3,56.67
money_plant,48.24,32.2,61.4,56.67
snake_plant,41.35,32.2,61.4,56.67
cactus,69.1,32.2,61.4,56.67
money_plant,47.91,32.2,61.3,56.67
snake_plant,41.22,32.2,61.3,56.67
cactus,69.41,32.2,61.3,56.67
money_plant,47.91,32.2,60.9,56.67
snake_plant,41.19,32.2,60.9,56.67
cactus,69.01,32.2,60.9,56.67
money_plant,47.67,32.2,61.2,56.67
snake_plant,40.81,32.2,61.2,56.67
cactus,69.23,32.2,61.2,56.67
money_plant,47.35,32.2,61.5,57.5
snake_plant,41.19,32.2,61.5,57.5
cactus,69.2,32.2,61.5,57.5
money_plant,47.17,32.2,61.6,56.67
snake_plant,40.91,32.2,61.6,56.67
cactus,69.07,32.2,61.6,56.67
money_plant,46.9,32.2,61.7,56.67
snake_plant,43.76,32.2,61.7,56.67
cactus,69.41,32.2,61.7,56.67
money_plant,46.7,32.2,61.5,56.67
snake_plant,40.85,32.2,61.5,56.67
cactus,69.07,32.2,61.5,56.67
money_plant,46.7,32.2,61.7,56.67
snake_plant,41.38,32.2,61.7,56.67
cactus,69.32,32.2,61.7,56.67
money_plant,46.4,32.2,61.9,57.5
snake_plant,41.03,32.2,61.9,57.5
cactus,69.07,32.2,61.9,57.5
money_plant,46.34,32.2,61.5,56.67
snake_plant,41.22,32.2,61.5,56.67
cactus,69.38,32.2,61.5,56.67
money_plant,46.1,32.2,61.4,56.67
snake_plant,40.85,32.2,61.4,56.67
cactus,68.92,32.2,61.4,56.67
money_plant,45.96,32.2,60.3,56.67
snake_plant,40.97,32.2,60.3,56.67
cactus,69.01,32.2,60.3,56.67
money_plant,45.96,32.1,61.3,57.5
snake_plant,41.06,32.1,61.3,57.5
cactus,69.29,32.1,61.3,57.5
money_plant,45.51,32.0,60.8,56.67
snake_plant,41.06,32.0,60.8,56.67
cactus,68.98,32.0,60.8,56.67
money_plant,45.51,32.0,60.8,57.5
snake_plant,40.97,32.0,60.8,57.5
cactus,69.1,32.0,60.8,57.5
money_plant,45.63,32.0,61.8,56.67
snake_plant,40.88,32.0,61.8,56.67
cactus,68.95,32.0,61.8,56.67
money_plant,45.51,32.1,61.6,56.67
snake_plant,41.94,32.1,61.6,56.67
cactus,68.92,32.1,61.6,56.67
money_plant,44.83,32.2,61.4,57.5
snake_plant,41.06,32.2,61.4,57.5
cactus,68.89,32.2,61.4,57.5
money_plant,44.71,32.2,61.5,57.5
snake_plant,40.72,32.2,61.5,57.5
cactus,68.95,32.2,61.5,57.5
money_plant,45.51,32.1,60.8,57.5
snake_plant,40.69,32.1,60.8,57.5
cactus,68.83,32.1,60.8,57.5
money_plant,44.36,32.1,61.3,57.5
snake_plant,41.0,32.1,61.3,57.5
cactus,68.8,32.1,61.3,57.5
money_plant,44.5,32.2,61.6,57.5
snake_plant,40.85,32.2,61.6,57.5
cactus,68.83,32.2,61.6,57.5
money_plant,44.21,32.1,61.4,57.5
snake_plant,40.88,32.1,61.4,57.5
cactus,68.95,32.1,61.4,57.5
money_plant,44.39,32.1,61.5,57.5
snake_plant,40.81,32.1,61.5,57.5
cactus,68.89,32.1,61.5,57.5
money_plant,44.06,32.1,61.0,57.5
snake_plant,40.85,32.1,61.0,57.5
cactus,68.8,32.1,61.0,57.5
money_plant,43.53,32.1,61.5,57.5
snake_plant,40.56,32.1,61.5,57.5
cactus,68.74,32.1,61.5,57.5
money_plant,43.59,32.1,60.8,57.5
snake_plant,40.94,32.1,60.8,57.5
cactus,68.47,32.1,60.8,57.5
money_plant,43.76,32.1,61.1,57.5
snake_plant,41.0,32.1,61.1,57.5
cactus,68.89,32.1,61.1,57.5
money_plant,43.5,32.1,60.6,57.5
snake_plant,40.63,32.1,60.6,57.5
cactus,68.89,32.1,60.6,57.5
money_plant,43.14,32.0,61.0,57.5
snake_plant,40.69,32.0,61.0,57.5
cactus,68.83,32.0,61.0,57.5
money_plant,43.05,31.9,60.8,57.5
snake_plant,40.53,31.9,60.8,57.5
cactus,68.62,31.9,60.8,57.5
money_plant,43.14,31.9,60.8,57.5
cactus,68.65,31.9,60.8,57.5
money_plant,42.84,31.8,61.0,57.5
snake_plant,40.66,31.8,61.0,57.5
cactus,68.65,31.8,61.0,57.5
money_plant,42.67,31.8,61.2,57.5
snake_plant,40.47,31.8,61.2,57.5
cactus,68.74,31.8,61.2,57.5
money_plant,42.7,31.8,61.5,57.5
snake_plant,40.44,31.8,61.5,57.5
cactus,68.74,31.8,61.5,57.5
money_plant,42.7,31.8,61.3,57.5
snake_plant,40.88,31.8,61.3,57.5
cactus,68.83,31.8,61.3,57.5
money_plant,42.67,31.8,61.4,57.5
snake_plant,40.31,31.8,61.4,57.5
cactus,68.56,31.8,61.4,57.5
money_plant,42.43,31.7,61.0,57.5
snake_plant,40.56,31.7,61.0,57.5
cactus,68.74,31.7,61.0,57.5
money_plant,41.87,31.7,61.5,57.5
snake_plant,40.5,31.7,61.5,57.5
cactus,68.62,31.7,61.5,57.5
money_plant,42.19,31.6,61.7,57.5
snake_plant,40.53,31.6,61.7,57.5
cactus,68.74,31.6,61.7,57.5
money_plant,41.99,31.7,61.1,57.5
snake_plant,40.63,31.7,61.1,57.5
cactus,68.65,31.7,61.1,57.5
money_plant,41.27,31.6,61.5,57.5
snake_plant,40.47,31.6,61.5,57.5
cactus,68.65,31.6,61.5,57.5
money_plant,41.1,31.7,61.9,57.5
snake_plant,40.53,31.7,61.9,57.5
cactus,68.59,31.7,61.9,57.5
money_plant,41.16,31.7,61.5,57.5
snake_plant,40.53,31.7,61.5,57.5
cactus,68.53,31.7,61.5,57.5
money_plant,41.04,31.7,61.9,57.5
snake_plant,40.5,31.7,61.9,57.5
cactus,68.5,31.7,61.9,57.5
money_plant,40.59,31.8,61.5,57.5
snake_plant,40.47,31.8,61.5,57.5
cactus,68.62,31.8,61.5,57.5
money_plant,40.71,31.8,61.3,57.5
snake_plant,40.19,31.8,61.3,57.5
cactus,68.44,31.8,61.3,57.5
money_plant,40.68,31.9,61.5,57.5
snake_plant,40.75,31.9,61.5,57.5
cactus,68.59,31.9,61.5,57.5
money_plant,40.65,31.9,61.7,57.5
snake_plant,40.44,31.9,61.7,57.5
cactus,68.44,31.9,61.7,57.5
money_plant,40.36,31.9,61.2,57.5
snake_plant,40.44,31.9,61.2,57.5
cactus,68.56,31.9,61.2,57.5
money_plant,38.22,31.9,61.3,57.5
snake_plant,40.53,31.9,61.3,57.5
cactus,68.41,31.9,61.3,57.5
money_plant,40.36,32.0,61.2,57.5
snake_plant,40.22,32.0,61.2,57.5
cactus,68.59,32.0,61.2,57.5
money_plant,40.27,32.1,61.3,57.5
snake_plant,40.72,32.1,61.3,57.5
cactus,68.5,32.1,61.3,57.5
money_plant,40.18,32.0,61.5,57.5
snake_plant,40.34,32.0,61.5,57.5
cactus,68.47,32.0,61.5,57.5
money_plant,40.15,32.1,61.5,57.5
snake_plant,40.34,32.1,61.5,57.5
cactus,68.62,32.1,61.5,57.5
money_plant,39.73,32.1,61.7,57.5
snake_plant,40.31,32.1,61.7,57.5
cactus,68.59,32.1,61.7,57.5
money_plant,39.76,32.1,62.0,57.5
snake_plant,40.31,32.1,62.0,57.5
cactus,68.47,32.1,62.0,57.5
money_plant,39.41,32.1,61.8,57.5
snake_plant,40.09,32.1,61.8,57.5
cactus,68.25,32.1,61.8,57.5
money_plant,39.64,32.2,62.2,56.67
snake_plant,40.59,32.2,62.2,56.67
cactus,68.74,32.2,62.2,56.67
money_plant,39.61,32.1,62.7,57.5
snake_plant,40.53,32.1,62.7,57.5
cactus,68.53,32.1,62.7,57.5
money_plant,39.41,32.2,63.1,57.5
snake_plant,40.44,32.2,63.1,57.5
cactus,68.59,32.2,63.1,57.5
money_plant,39.32,32.2,63.1,57.5
snake_plant,40.41,32.2,63.1,57.5
cactus,68.68,32.2,63.1,57.5
money_plant,39.23,32.2,63.1,57.5
snake_plant,40.16,32.2,63.1,57.5
cactus,68.56,32.2,63.1,57.5
money_plant,39.02,32.3,63.2,57.5
snake_plant,40.06,32.3,63.2,57.5
cactus,68.59,32.3,63.2,57.5
money_plant,39.29,32.3,63.3,57.5
snake_plant,40.13,32.3,63.3,57.5
cactus,68.5,32.3,63.3,57.5
money_plant,38.81,32.3,63.3,57.5
snake_plant,40.16,32.3,63.3,57.5
cactus,68.04,32.3,63.3,57.5
money_plant,38.64,32.3,63.6,57.5
snake_plant,40.13,32.3,63.6,57.5
cactus,68.44,32.3,63.6,57.5
money_plant,38.76,32.3,63.4,57.5
snake_plant,40.31,32.3,63.4,57.5
cactus,68.47,32.3,63.4,57.5
money_plant,38.55,32.3,63.6,57.5
snake_plant,40.06,32.3,63.6,57.5
money_plant,38.55,32.3,63.7,57.5
snake_plant,40.22,32.3,63.7,57.5
cactus,68.47,32.3,63.7,57.5
money_plant,38.37,32.3,63.7,57.5
snake_plant,40.31,32.3,63.7,57.5
cactus,68.5,32.3,63.7,57.5
money_plant,38.37,32.3,63.8,57.5
snake_plant,40.16,32.3,63.8,57.5
cactus,68.53,32.3,63.8,57.5
money_plant,38.37,32.3,63.6,57.5
snake_plant,40.19,32.3,63.6,57.5
cactus,68.56,32.3,63.6,57.5
money_plant,38.37,32.3,63.5,57.5
snake_plant,40.53,32.3,63.5,57.5
cactus,68.38,32.3,63.5,57.5
money_plant,37.72,32.3,63.6,57.5
snake_plant,40.38,32.3,63.6,57.5
money_plant,37.93,32.3,63.7,57.5
snake_plant,40.28,32.3,63.7,57.5
cactus,68.44,32.3,63.7,57.5
money_plant,37.93,32.3,63.8,57.5
snake_plant,40.0,32.3,63.8,57.5
cactus,68.44,32.3,63.8,57.5
money_plant,37.9,32.3,63.7,57.5
snake_plant,40.03,32.3,63.7,57.5
cactus,68.35,32.3,63.7,57.5
money_plant,38.22,32.3,63.9,57.5
snake_plant,40.13,32.3,63.9,57.5
cactus,68.41,32.3,63.9,57.5
snake_plant,39.94,32.3,63.7,57.5
money_plant,37.81,32.3,63.5,57.5
snake_plant,40.47,32.3,63.5,57.5
cactus,68.5,32.3,63.5,57.5
money_plant,37.63,32.2,63.8,57.5
snake_plant,40.31,32.2,63.8,57.5
cactus,68.35,32.2,63.8,57.5
money_plant,37.81,32.2,63.8,57.5
snake_plant,40.22,32.2,63.8,57.5
cactus,68.44,32.2,63.8,57.5
money_plant,37.6,32.2,63.1,57.5
snake_plant,39.75,32.2,63.1,57.5
cactus,68.32,32.2,63.1,57.5
money_plant,37.42,32.1,63.1,57.5
snake_plant,40.16,32.1,63.1,57.5
cactus,68.83,32.1,63.1,57.5
money_plant,37.04,32.0,63.0,57.5
snake_plant,39.72,32.0,63.0,57.5
cactus,68.35,32.0,63.0,57.5
money_plant,37.13,32.0,63.5,57.5
snake_plant,40.03,32.0,63.5,57.5
cactus,68.56,32.0,63.5,57.5
money_plant,37.42,31.9,64.2,57.5
snake_plant,39.87,31.9,64.2,57.5
cactus,68.41,31.9,64.2,57.5
money_plant,37.36,32.0,63.3,57.5
snake_plant,40.31,32.0,63.3,57.5
cactus,68.29,32.0,63.3,57.5
money_plant,37.42,32.0,63.5,57.5
snake_plant,39.72,32.0,63.5,57.5
cactus,68.35,32.0,63.5,57.5
money_plant,37.01,32.0,64.0,57.5
snake_plant,40.16,32.0,64.0,57.5
cactus,68.41,32.0,64.0,57.5
money_plant,36.95,31.9,64.0,57.5
snake_plant,40.03,31.9,64.0,57.5
cactus,68.22,31.9,64.0,57.5
money_plant,36.59,32.0,63.5,57.5
snake_plant,39.84,32.0,63.5,57.5
money_plant,36.92,31.9,62.6,57.5
snake_plant,40.59,31.9,62.6,57.5
cactus,68.16,31.9,62.6,57.5
money_plant,36.62,31.9,63.5,57.5
snake_plant,39.97,31.9,63.5,57.5
cactus,67.92,31.9,63.5,57.5
money_plant,37.1,31.9,63.4,57.5
snake_plant,40.13,31.9,63.4,57.5
cactus,68.16,31.9,63.4,57.5
money_plant,36.74,32.0,62.8,57.5
snake_plant,40.03,32.0,62.8,57.5
cactus,68.1,32.0,62.8,57.5
money_plant,36.77,31.9,63.3,57.5
snake_plant,39.94,31.9,63.3,57.5
cactus,68.22,31.9,63.3,57.5
money_plant,36.68,32.0,63.3,57.5
snake_plant,39.75,32.0,63.3,57.5
cactus,68.38,32.0,63.3,57.5
money_plant,36.74,32.0,63.2,57.5
snake_plant,39.87,32.0,63.2,57.5
cactus,68.1,32.0,63.2,57.5
money_plant,36.65,32.0,63.3,57.5
snake_plant,40.06,32.0,63.3,57.5
cactus,68.25,32.0,63.3,57.5
money_plant,36.98,32.0,63.5,57.5
snake_plant,39.97,32.0,63.5,57.5
cactus,68.22,32.0,63.5,57.5
money_plant,36.56,32.0,63.4,57.5
snake_plant,39.84,32.0,63.4,57.5
cactus,68.16,32.0,63.4,57.5
money_plant,36.77,32.0,63.4,56.67
snake_plant,39.97,32.0,63.4,56.67
cactus,68.07,32.0,63.4,56.67
money_plant,36.47,32.1,63.4,57.5
snake_plant,39.87,32.1,63.4,57.5
cactus,68.01,32.1,63.4,57.5
money_plant,36.62,32.1,63.6,57.5
snake_plant,39.94,32.1,63.6,57.5
cactus,68.16,32.1,63.6,57.5
money_plant,36.0,32.1,63.8,57.5
snake_plant,39.56,32.1,63.8,57.5
cactus,68.04,32.1,63.8,57.5
money_plant,39.64,32.1,63.7,57.5
snake_plant,39.53,32.1,63.7,57.5
cactus,68.01,32.1,63.7,57.5
money_plant,35.85,32.1,63.7,57.5
cactus,67.98,32.1,63.7,57.5
money_plant,36.47,32.2,63.7,57.5
snake_plant,39.47,32.2,63.7,57.5
cactus,68.22,32.2,63.7,57.5
money_plant,36.41,32.1,63.8,57.5
cactus,68.25,32.1,63.8,57.5
money_plant,36.18,32.1,63.8,57.5
snake_plant,39.53,32.1,63.8,57.5
cactus,67.95,32.1,63.8,57.5
money_plant,36.3,32.1,63.8,57.5
snake_plant,39.5,32.1,63.8,57.5
cactus,68.32,32.1,63.8,57.5
money_plant,36.27,32.1,63.9,57.5
snake_plant,39.69,32.1,63.9,57.5
cactus,67.95,32.1,63.9,57.5
money_plant,35.94,32.1,63.7,57.5
snake_plant,39.87,32.1,63.7,57.5
cactus,68.1,32.1,63.7,57.5
money_plant,36.3,32.1,63.9,57.5
snake_plant,39.15,32.1,63.9,57.5
money_plant,36.15,32.2,63.9,57.5
snake_plant,39.44,32.2,63.9,57.5
cactus,68.01,32.2,63.9,57.5
money_plant,35.73,32.2,63.9,57.5
snake_plant,39.15,32.2,63.9,57.5
cactus,68.04,32.2,63.9,57.5
money_plant,36.09,32.2,63.9,57.5
snake_plant,39.25,32.2,63.9,57.5
cactus,68.5,32.2,63.9,57.5
money_plant,35.82,32.2,63.8,57.5
snake_plant,39.22,32.2,63.8,57.5
cactus,67.95,32.2,63.8,57.5
money_plant,35.91,32.2,63.8,57.5
snake_plant,39.47,32.2,63.8,57.5
cactus,67.92,32.2,63.8,57.5
money_plant,35.29,32.2,63.8,57.5
snake_plant,39.09,32.2,63.8,57.5
snake_plant,39.03,32.2,63.9,57.5
cactus,67.98,32.2,63.9,57.5
money_plant,35.79,32.2,63.7,57.5
snake_plant,39.09,32.2,63.7,57.5
cactus,68.13,32.2,63.7,57.5
money_plant,35.32,32.1,63.7,57.5
snake_plant,39.0,32.1,63.7,57.5
cactus,67.86,32.1,63.7,57.5
money_plant,35.82,32.2,63.7,57.5
snake_plant,39.22,32.2,63.7,57.5
cactus,67.95,32.2,63.7,57.5
money_plant,35.59,32.2,63.7,57.5
cactus,67.92,32.2,63.7,57.5
money_plant,35.08,32.2,63.6,57.5
snake_plant,39.06,32.2,63.6,57.5
cactus,67.8,32.2,63.6,57.5
money_plant,35.64,32.2,63.5,57.5
snake_plant,39.31,32.2,63.5,57.5
cactus,67.98,32.2,63.5,57.5
money_plant,35.44,32.2,63.6,57.5
snake_plant,39.15,32.2,63.6,57.5
cactus,67.86,32.2,63.6,57.5
money_plant,35.7,32.2,63.4,57.5
snake_plant,39.19,32.2,63.4,57.5
cactus,67.89,32.2,63.4,57.5
money_plant,35.53,32.2,63.4,57.5
snake_plant,39.25,32.2,63.4,57.5
cactus,67.83,32.2,63.4,57.5
money_plant,35.5,32.1,63.4,57.5
snake_plant,39.06,32.1,63.4,57.5
cactus,67.86,32.1,63.4,57.5
money_plant,35.44,32.1,63.4,57.5
snake_plant,38.87,32.1,63.4,57.5
money_plant,35.88,32.2,63.3,57.5
snake_plant,38.9,32.2,63.3,57.5
cactus,67.74,32.2,63.3,57.5
money_plant,32.27,32.2,63.3,57.5
snake_plant,38.94,32.2,63.3,57.5
cactus,67.59,32.2,63.3,57.5
money_plant,35.44,32.1,63.3,57.5
snake_plant,39.0,32.1,63.3,57.5
cactus,67.89,32.1,63.3,57.5
money_plant,35.26,32.1,63.3,57.5
snake_plant,39.03,32.1,63.3,57.5
cactus,67.77,32.1,63.3,57.5
money_plant,34.99,32.1,63.4,57.5
cactus,67.68,32.1,63.4,57.5
money_plant,35.32,32.1,63.2,57.5
snake_plant,38.94,32.1,63.2,57.5
cactus,67.68,32.1,63.2,57.5
money_plant,35.2,32.2,63.5,57.5
snake_plant,38.69,32.2,63.5,57.5
cactus,67.83,32.2,63.5,57.5
money_plant,35.2,32.2,63.4,57.5
snake_plant,38.59,32.2,63.4,57.5
cactus,67.62,32.2,63.4,57.5
money_plant,35.08,32.1,63.3,57.5
snake_plant,39.06,32.1,63.3,57.5
money_plant,35.05,32.1,63.4,57.5
snake_plant,38.56,32.1,63.4,57.5
cactus,67.65,32.1,63.4,57.5
money_plant,36.89,32.1,63.4,57.5
snake_plant,38.69,32.1,63.4,57.5
cactus,67.56,32.1,63.4,57.5
money_plant,34.9,32.1,63.2,57.5
snake_plant,38.5,32.1,63.2,57.5
cactus,67.65,32.1,63.2,57.5
money_plant,35.02,32.1,63.2,57.5
snake_plant,38.53,32.1,63.2,57.5
cactus,67.59,32.1,63.2,57.5
money_plant,35.02,32.1,63.3,57.5
snake_plant,38.87,32.1,63.3,57.5
cactus,67.44,32.1,63.3,57.5
money_plant,34.99,32.1,63.1,57.5
snake_plant,39.0,32.1,63.1,57.5
cactus,67.62,32.1,63.1,57.5
money_plant,34.93,32.1,63.1,57.5
snake_plant,38.69,32.1,63.1,57.5
cactus,67.53,32.1,63.1,57.5
money_plant,34.9,32.1,63.2,56.67
snake_plant,38.72,32.1,63.2,56.67
cactus,67.56,32.1,63.2,56.67
money_plant,35.23,32.1,63.3,56.67
snake_plant,38.72,32.1,63.3,56.67
cactus,67.56,32.1,63.3,56.67
money_plant,33.3,32.1,63.3,57.5
snake_plant,38.62,32.1,63.3,57.5
cactus,67.47,32.1,63.3,57.5
money_plant,34.84,32.2,63.1,57.5
snake_plant,38.5,32.2,63.1,57.5
cactus,67.56,32.2,63.1,57.5
money_plant,34.58,32.2,62.9,57.5
snake_plant,38.69,32.2,62.9,57.5
cactus,68.32,32.2,62.9,57.5
money_plant,34.58,32.2,62.7,57.5
snake_plant,38.81,32.2,62.7,57.5
cactus,67.53,32.2,62.7,57.5
money_plant,34.79,32.1,62.7,57.5
snake_plant,38.72,32.1,62.7,57.5
cactus,67.56,32.1,62.7,57.5
money_plant,34.28,32.1,62.7,57.5
snake_plant,38.62,32.1,62.7,57.5
cactus,67.62,32.1,62.7,57.5
money_plant,34.49,32.1,62.8,56.67
snake_plant,38.81,32.1,62.8,56.67
cactus,67.8,32.1,62.8,56.67
money_plant,34.13,32.1,62.5,57.5
snake_plant,38.62,32.1,62.5,57.5
cactus,67.5,32.1,62.5,57.5
money_plant,34.1,32.1,62.6,57.5
snake_plant,39.22,32.1,62.6,57.5
cactus,67.5,32.1,62.6,57.5
money_plant,34.22,32.1,62.5,57.5
snake_plant,38.94,32.1,62.5,57.5
cactus,67.47,32.1,62.5,57.5
money_plant,34.25,32.0,62.6,57.5
snake_plant,38.62,32.0,62.6,57.5
cactus,67.62,32.0,62.6,57.5
money_plant,34.07,32.1,62.6,56.67
snake_plant,38.69,32.1,62.6,56.67
cactus,67.8,32.1,62.6,56.67
money_plant,34.04,32.0,62.9,57.5
snake_plant,38.72,32.0,62.9,57.5
cactus,68.95,32.0,62.9,57.5
money_plant,34.07,32.0,63.0,57.5
snake_plant,42.54,32.0,63.0,57.5
cactus,67.59,32.0,63.0,57.5
money_plant,34.1,32.0,63.0,57.5
snake_plant,38.94,32.0,63.0,57.5
cactus,67.62,32.0,63.0,57.5
money_plant,33.9,32.0,62.8,57.5
snake_plant,39.0,32.0,62.8,57.5
cactus,67.83,32.0,62.8,57.5
money_plant,34.01,32.0,62.9,57.5
snake_plant,39.03,32.0,62.9,57.5
cactus,67.74,32.0,62.9,57.5
money_plant,33.75,32.0,63.1,57.5
snake_plant,39.09,32.0,63.1,57.5
cactus,67.62,32.0,63.1,57.5
money_plant,33.96,32.0,63.0,57.5
snake_plant,38.9,32.0,63.0,57.5
money_plant,33.69,32.0,63.2,57.5
snake_plant,39.06,32.0,63.2,57.5
cactus,67.5,32.0,63.2,57.5
money_plant,33.99,32.0,63.0,57.5
snake_plant,39.12,32.0,63.0,57.5
cactus,67.8,32.0,63.0,57.5
money_plant,34.1,32.0,63.1,56.67
snake_plant,38.9,32.0,63.1,56.67
cactus,67.77,32.0,63.1,56.67
money_plant,34.1,31.9,63.5,56.67
snake_plant,38.87,31.9,63.5,56.67
cactus,68.04,31.9,63.5,56.67
money_plant,33.63,31.9,63.7,56.67
snake_plant,39.06,31.9,63.7,56.67
cactus,67.74,31.9,63.7,56.67
money_plant,34.04,31.9,63.7,57.5
snake_plant,39.09,31.9,63.7,57.5
cactus,67.74,31.9,63.7,57.5
money_plant,34.16,31.9,64.1,57.5
snake_plant,38.84,31.9,64.1,57.5
cactus,67.5,31.9,64.1,57.5
money_plant,33.63,31.8,63.9,56.67
snake_plant,38.75,31.8,63.9,56.67
cactus,67.56,31.8,63.9,56.67
money_plant,33.75,31.8,64.2,56.67
snake_plant,39.06,31.8,64.2,56.67
cactus,67.74,31.8,64.2,56.67
money_plant,33.78,31.8,64.0,57.5
snake_plant,38.62,31.8,64.0,57.5
cactus,67.56,31.8,64.0,57.5
money_plant,33.72,31.8,64.1,57.5
snake_plant,38.87,31.8,64.1,57.5
cactus,67.41,31.8,64.1,57.5
money_plant,33.78,31.8,64.3,57.5
snake_plant,38.65,31.8,64.3,57.5
cactus,67.62,31.8,64.3,57.5
money_plant,33.54,31.8,64.3,57.5
snake_plant,38.62,31.8,64.3,57.5
cactus,67.74,31.8,64.3,57.5
money_plant,33.6,31.8,64.6,56.67
snake_plant,38.59,31.8,64.6,56.67
cactus,67.65,31.8,64.6,56.67
money_plant,33.66,31.8,64.6,56.67
snake_plant,38.53,31.8,64.6,56.67
cactus,67.74,31.8,64.6,56.67
money_plant,33.63,31.8,64.5,56.67
snake_plant,38.87,31.8,64.5,56.67
cactus,67.59,31.8,64.5,56.67
money_plant,33.54,31.8,64.6,57.5
snake_plant,38.75,31.8,64.6,57.5
cactus,67.65,31.8,64.6,57.5
money_plant,33.75,31.8,64.4,56.67
snake_plant,38.53,31.8,64.4,56.67
cactus,67.68,31.8,64.4,56.67
money_plant,33.69,31.8,64.4,57.5
snake_plant,38.56,31.8,64.4,57.5
cactus,67.71,31.8,64.4,57.5
money_plant,33.45,31.8,64.6,56.67
cactus,67.47,31.8,64.6,56.67
cactus,67.5,31.8,64.6,56.67
money_plant,35.05,31.8,64.4,56.67
snake_plant,38.5,31.8,64.4,56.67
cactus,67.56,31.8,64.4,56.67
money_plant,33.45,31.8,64.5,56.67
snake_plant,38.53,31.8,64.5,56.67
cactus,67.5,31.8,64.5,56.67
money_plant,33.48,31.8,64.3,56.67
snake_plant,38.31,31.8,64.3,56.67
cactus,68.1,31.8,64.3,56.67
money_plant,33.57,31.8,64.3,56.67
snake_plant,38.56,31.8,64.3,56.67
cactus,67.5,31.8,64.3,56.67
money_plant,33.57,31.8,64.1,56.67
snake_plant,38.53,31.8,64.1,56.67
cactus,67.47,31.8,64.1,56.67
snake_plant,39.56,31.8,64.3,57.5
cactus,67.47,31.8,64.3,57.5
money_plant,33.63,31.8,64.3,56.67
snake_plant,38.53,31.8,64.3,56.67
money_plant,33.27,31.9,64.1,56.67
snake_plant,38.47,31.9,64.1,56.67
cactus,67.5,31.9,64.1,56.67
money_plant,33.6,31.9,64.1,56.67
snake_plant,38.53,31.9,64.1,56.67
cactus,67.59,31.9,64.1,56.67
money_plant,33.57,31.9,63.6,56.67
snake_plant,38.62,31.9,63.6,56.67
cactus,67.5,31.9,63.6,56.67
money_plant,33.48,31.8,64.2,56.67
snake_plant,38.53,31.8,64.2,56.67
cactus,67.47,31.8,64.2,56.67
money_plant,33.33,31.8,64.0,56.67
snake_plant,38.34,31.8,64.0,56.67
cactus,67.62,31.8,64.0,56.67
money_plant,33.63,31.8,64.1,57.5
snake_plant,38.56,31.8,64.1,57.5
cactus,67.47,31.8,64.1,57.5
money_plant,33.48,31.8,64.1,56.67
snake_plant,38.62,31.8,64.1,56.67
cactus,67.56,31.8,64.1,56.67
money_plant,33.3,31.8,64.3,56.67
snake_plant,38.44,31.8,64.3,56.67
cactus,67.47,31.8,64.3,56.67
money_plant,33.3,31.8,63.9,56.67
snake_plant,38.5,31.8,63.9,56.67
cactus,67.5,31.8,63.9,56.67
money_plant,33.27,31.8,64.2,56.67
snake_plant,37.56,31.8,64.2,56.67
cactus,67.56,31.8,64.2,56.67
money_plant,33.45,31.8,64.0,57.5
snake_plant,38.53,31.8,64.0,57.5
cactus,67.5,31.8,64.0,57.5
money_plant,33.19,31.8,64.3,56.67
snake_plant,38.5,31.8,64.3,56.67
money_plant,33.19,31.7,64.2,57.5
snake_plant,38.53,31.7,64.2,57.5
cactus,66.71,31.7,64.2,57.5
money_plant,33.48,31.7,64.6,56.67
snake_plant,38.5,31.7,64.6,56.67
cactus,67.56,31.7,64.6,56.67
money_plant,33.07,31.7,64.5,56.67
snake_plant,38.22,31.7,64.5,56.67
cactus,67.44,31.7,64.5,56.67
money_plant,33.3,31.7,64.8,56.67
snake_plant,38.37,31.7,64.8,56.67
cactus,67.44,31.7,64.8,56.67
money_plant,33.16,31.7,64.7,56.67
snake_plant,38.06,31.7,64.7,56.67
cactus,67.41,31.7,64.7,56.67
money_plant,33.21,31.8,64.7,56.67
snake_plant,38.69,31.8,64.7,56.67
cactus,67.47,31.8,64.7,56.67
money_plant,33.19,31.8,64.7,56.67
snake_plant,38.47,31.8,64.7,56.67
cactus,67.5,31.8,64.7,56.67
money_plant,33.42,31.8,64.7,56.67
snake_plant,38.44,31.8,64.7,56.67
cactus,67.44,31.8,64.7,56.67
money_plant,33.01,31.8,64.7,56.67
snake_plant,38.31,31.8,64.7,56.67
cactus,67.62,31.8,64.7,56.67
money_plant,33.07,31.8,64.7,56.67
snake_plant,37.87,31.8,64.7,56.67
cactus,67.16,31.8,64.7,56.67
money_plant,33.33,31.8,64.4,57.5
snake_plant,38.12,31.8,64.4,57.5
cactus,67.47,31.8,64.4,57.5
money_plant,33.01,31.8,64.6,56.67
snake_plant,38.31,31.8,64.6,56.67
money_plant,33.21,31.8,64.6,56.67
snake_plant,38.22,31.8,64.6,56.67
cactus,67.53,31.8,64.6,56.67
money_plant,33.19,31.8,64.6,56.67
snake_plant,38.34,31.8,64.6,56.67
cactus,66.34,31.8,64.6,56.67
money_plant,33.19,31.8,64.4,56.67
snake_plant,38.06,31.8,64.4,56.67
cactus,67.37,31.8,64.4,56.67
money_plant,32.95,31.8,64.5,56.67
snake_plant,38.03,31.8,64.5,56.67
cactus,67.53,31.8,64.5,56.67
money_plant,33.3,31.8,64.7,56.67
snake_plant,38.25,31.8,64.7,56.67
money_plant,33.1,31.8,64.7,56.67
money_plant,32.98,31.8,64.7,56.67
snake_plant,38.5,31.8,64.7,56.67
money_plant,32.68,31.8,64.6,56.67
snake_plant,38.12,31.8,64.6,56.67
cactus,67.44,31.8,64.6,56.67
money_plant,32.8,31.8,64.7,56.67
cactus,67.37,31.8,64.7,56.67
money_plant,33.07,31.8,64.8,56.67
snake_plant,38.0,31.8,64.8,56.67
cactus,67.37,31.8,64.8,56.67
money_plant,32.83,31.8,64.7,56.67
snake_plant,38.34,31.8,64.7,56.67
cactus,67.31,31.8,64.7,56.67
money_plant,32.98,31.8,64.6,56.67
money_plant,33.07,31.8,64.5,56.67
snake_plant,38.44,31.8,64.5,56.67
cactus,66.95,31.8,64.5,56.67
money_plant,33.36,31.8,64.5,56.67
cactus,67.44,31.8,64.5,56.67
money_plant,32.86,31.8,64.7,56.67
snake_plant,38.06,31.8,64.7,56.67
money_plant,32.71,31.8,64.6,56.67
snake_plant,38.06,31.8,64.6,56.67
money_plant,32.83,31.8,64.6,56.67
cactus,67.22,31.8,64.6,56.67
money_plant,32.77,31.8,64.7,56.67
snake_plant,38.09,31.8,64.7,56.67
money_plant,32.83,31.8,64.8,56.67
snake_plant,38.37,31.8,64.8,56.67
money_plant,32.77,31.8,64.6,56.67
snake_plant,38.18,31.8,64.6,56.67
money_plant,32.59,31.8,64.6,56.67
cactus,66.16,31.8,64.6,56.67
snake_plant,37.97,31.8,64.7,56.67
cactus,67.41,31.8,64.7,56.67
money_plant,32.71,31.8,64.7,56.67
snake_plant,37.68,31.8,64.7,56.67
cactus,67.53,31.8,64.7,56.67
money_plant,32.74,31.8,64.8,56.67
snake_plant,38.09,31.8,64.8,56.67
snake_plant,38.12,31.8,64.7,56.67
money_plant,32.71,31.8,64.8,56.67
cactus,67.47,31.8,64.8,56.67
money_plant,32.53,31.8,65.0,56.67
snake_plant,38.15,31.8,65.0,56.67
cactus,67.41,31.8,65.0,56.67
money_plant,32.62,31.8,64.8,56.67
snake_plant,38.22,31.8,64.8,56.67
cactus,67.56,31.8,64.8,56.67
money_plant,32.39,31.8,64.9,56.67
snake_plant,38.09,31.8,64.9,56.67
cactus,67.34,31.8,64.9,56.67
money_plant,32.68,31.8,65.0,56.67
snake_plant,38.44,31.8,65.0,56.67
money_plant,32.62,31.8,65.0,56.67
snake_plant,38.12,31.8,65.0,56.67
cactus,67.31,31.8,65.0,56.67
snake_plant,38.03,31.8,64.9,56.67
cactus,67.16,31.8,64.9,56.67
money_plant,32.5,31.8,65.1,56.67
snake_plant,37.81,31.8,65.1,56.67
cactus,67.44,31.8,65.1,56.67
money_plant,32.62,31.8,65.1,56.67
snake_plant,38.25,31.8,65.1,56.67
cactus,67.47,31.8,65.1,56.67
money_plant,32.5,31.8,65.0,56.67
snake_plant,38.31,31.8,65.0,56.67
cactus,67.44,31.8,65.0,56.67
money_plant,32.47,31.8,64.9,56.67
snake_plant,37.93,31.8,64.9,56.67
cactus,67.47,31.8,64.9,56.67
money_plant,32.53,31.8,65.1,56.67
snake_plant,38.06,31.8,65.1,56.67
cactus,67.41,31.8,65.1,56.67
money_plant,32.3,31.8,65.1,56.67
snake_plant,38.09,31.8,65.1,56.67
snake_plant,38.09,31.8,65.0,56.67
cactus,67.47,31.8,65.0,56.67
money_plant,32.41,31.8,65.1,56.67
snake_plant,38.0,31.8,65.1,56.67
money_plant,32.21,31.8,65.3,56.67
snake_plant,38.12,31.8,65.3,56.67
cactus,67.47,31.8,65.3,56.67
money_plant,32.3,31.7,65.2,56.67
snake_plant,37.93,31.7,65.2,56.67
cactus,67.37,31.7,65.2,56.67
money_plant,31.73,31.8,65.3,56.67
snake_plant,38.09,31.8,65.3,56.67
money_plant,32.36,31.8,65.2,56.67
snake_plant,38.5,31.8,65.2,56.67
cactus,67.37,31.8,65.2,56.67
money_plant,32.47,31.8,65.2,56.67
snake_plant,38.09,31.8,65.2,56.67
cactus,67.53,31.8,65.2,56.67
money_plant,32.24,31.8,65.2,56.67
snake_plant,37.84,31.8,65.2,56.67
cactus,67.47,31.8,65.2,56.67
money_plant,32.5,31.7,65.2,56.67
snake_plant,38.0,31.7,65.2,56.67
cactus,67.41,31.7,65.2,56.67
money_plant,32.24,31.7,65.2,56.67
snake_plant,37.87,31.7,65.2,56.67
cactus,67.47,31.7,65.2,56.67
money_plant,32.15,31.7,65.2,56.67
snake_plant,38.31,31.7,65.2,56.67
money_plant,32.06,31.6,65.6,56.67
snake_plant,37.84,31.6,65.6,56.67
cactus,67.37,31.6,65.6,56.67
money_plant,32.12,31.5,65.6,56.67
snake_plant,37.75,31.5,65.6,56.67
cactus,67.37,31.5,65.6,56.67
money_plant,32.18,31.5,65.8,56.67
snake_plant,37.87,31.5,65.8,56.67
cactus,67.37,31.5,65.8,56.67
money_plant,32.36,31.5,66.0,56.67
snake_plant,38.03,31.5,66.0,56.67
cactus,67.31,31.5,66.0,56.67
money_plant,32.12,31.4,66.1,56.67
snake_plant,39.22,31.4,66.1,56.67
cactus,67.41,31.4,66.1,56.67
money_plant,32.24,31.4,65.8,56.67
snake_plant,37.68,31.4,65.8,56.67
cactus,67.5,31.4,65.8,56.67
money_plant,32.09,31.4,66.1,56.67
snake_plant,37.68,31.4,66.1,56.67
cactus,67.31,31.4,66.1,56.67
money_plant,31.97,31.4,66.4,56.67
snake_plant,37.93,31.4,66.4,56.67
cactus,67.25,31.4,66.4,56.67
money_plant,32.0,31.4,66.5,56.67
snake_plant,37.75,31.4,66.5,56.67
cactus,67.31,31.4,66.5,56.67
money_plant,32.0,31.5,66.3,56.67
snake_plant,37.84,31.5,66.3,56.67
cactus,67.13,31.5,66.3,56.67
money_plant,32.12,31.5,66.0,56.67
snake_plant,37.72,31.5,66.0,56.67
cactus,67.25,31.5,66.0,56.67
money_plant,32.27,31.5,65.9,56.67
snake_plant,38.03,31.5,65.9,56.67
cactus,67.16,31.5,65.9,56.67
money_plant,32.06,31.6,65.8,56.67
snake_plant,37.81,31.6,65.8,56.67
cactus,67.22,31.6,65.8,56.67
money_plant,32.12,31.6,65.9,56.67
snake_plant,37.43,31.6,65.9,56.67
cactus,67.01,31.6,65.9,56.67
money_plant,32.41,31.6,65.9,56.67
snake_plant,37.65,31.6,65.9,56.67
cactus,67.19,31.6,65.9,56.67
money_plant,32.21,31.6,65.8,56.67
snake_plant,37.62,31.6,65.8,56.67
cactus,67.01,31.6,65.8,56.67
snake_plant,37.59,31.6,65.9,56.67
cactus,67.1,31.6,65.9,56.67
money_plant,32.24,31.7,65.8,56.67
snake_plant,37.75,31.7,65.8,56.67
cactus,67.1,31.7,65.8,56.67
money_plant,32.18,31.7,65.8,56.67
snake_plant,37.93,31.7,65.8,56.67
cactus,67.31,31.7,65.8,56.67
money_plant,32.18,31.6,65.7,56.67
snake_plant,37.87,31.6,65.7,56.67
cactus,67.07,31.6,65.7,56.67
money_plant,32.24,31.7,65.7,56.67
snake_plant,37.62,31.7,65.7,56.67
cactus,67.16,31.7,65.7,56.67
snake_plant,37.72,31.7,65.7,56.67
cactus,67.19,31.7,65.7,56.67
money_plant,32.21,31.6,65.7,56.67
snake_plant,37.81,31.6,65.7,56.67
snake_plant,38.12,31.7,65.7,56.67
cactus,67.13,31.7,65.7,56.67
money_plant,32.41,31.7,65.7,56.67
snake_plant,37.56,31.7,65.7,56.67
cactus,67.25,31.7,65.7,56.67
money_plant,32.15,31.6,65.7,56.67
snake_plant,37.56,31.6,65.7,56.67
cactus,67.04,31.6,65.7,56.67
money_plant,31.88,31.6,65.9,56.67
snake_plant,37.68,31.6,65.9,56.67
cactus,66.95,31.6,65.9,56.67
money_plant,32.03,31.7,65.8,56.67
snake_plant,37.62,31.7,65.8,56.67
cactus,66.89,31.7,65.8,56.67
money_plant,32.0,31.6,65.8,56.67
snake_plant,37.9,31.6,65.8,56.67
money_plant,32.68,31.7,65.9,56.67
snake_plant,37.72,31.7,65.9,56.67
cactus,66.92,31.7,65.9,56.67
money_plant,32.95,31.7,65.9,56.67
snake_plant,37.53,31.7,65.9,56.67
cactus,67.01,31.7,65.9,56.67
money_plant,32.86,31.7,65.8,56.67
snake_plant,37.56,31.7,65.8,56.67
cactus,67.16,31.7,65.8,56.67
money_plant,32.47,31.7,65.9,56.67
snake_plant,37.65,31.7,65.9,56.67
cactus,67.04,31.7,65.9,56.67
money_plant,31.97,31.7,65.8,56.67
snake_plant,37.53,31.7,65.8,56.67
cactus,66.92,31.7,65.8,56.67
money_plant,32.21,31.7,65.9,56.67
snake_plant,37.62,31.7,65.9,56.67
cactus,66.95,31.7,65.9,56.67
snake_plant,37.5,31.6,65.8,56.67
money_plant,31.91,31.7,65.7,56.67
cactus,66.95,31.7,65.7,56.67
money_plant,32.62,31.6,66.0,56.67
snake_plant,37.53,31.6,66.0,56.67
cactus,66.95,31.6,66.0,56.67
money_plant,32.21,31.6,66.0,56.67
snake_plant,37.4,31.6,66.0,56.67
money_plant,32.12,31.6,66.0,56.67
cactus,66.92,31.6,66.0,56.67
money_plant,32.15,31.6,65.9,56.67
snake_plant,37.62,31.6,65.9,56.67
cactus,67.07,31.6,65.9,56.67
money_plant,32.12,31.6,66.1,56.67
snake_plant,37.5,31.6,66.1,56.67
cactus,66.86,31.6,66.1,56.67
money_plant,31.88,31.6,66.2,56.67
snake_plant,37.53,31.6,66.2,56.67
cactus,67.04,31.6,66.2,56.67
money_plant,31.91,31.6,66.1,56.67
snake_plant,37.53,31.6,66.1,56.67
cactus,66.77,31.6,66.1,56.67
money_plant,32.86,31.6,66.2,56.67
snake_plant,36.62,31.6,66.2,56.67
cactus,66.89,31.6,66.2,56.67
money_plant,33.13,31.6,66.2,56.67
cactus,66.8,31.6,66.2,56.67
money_plant,33.01,31.6,66.2,56.67
snake_plant,37.65,31.6,66.2,56.67
money_plant,32.53,31.6,66.2,56.67
cactus,66.53,31.6,66.2,56.67
money_plant,32.21,31.6,66.3,56.67
snake_plant,37.53,31.6,66.3,56.67
cactus,66.77,31.6,66.3,56.67
money_plant,32.15,31.6,66.2,56.67
snake_plant,37.37,31.6,66.2,56.67
cactus,66.59,31.6,66.2,56.67
money_plant,32.06,31.6,66.1,56.67
cactus,66.53,31.6,66.1,56.67
money_plant,31.79,31.6,66.2,56.67
snake_plant,37.72,31.6,66.2,56.67
money_plant,32.24,31.6,66.3,56.67
cactus,66.46,31.6,66.3,56.67
money_plant,31.59,31.6,66.1,56.67
snake_plant,37.43,31.6,66.1,56.67
cactus,66.49,31.6,66.1,56.67
money_plant,31.73,31.6,66.2,56.67
cactus,65.52,31.6,66.2,56.67
money_plant,31.79,31.6,66.5,55.83
snake_plant,37.56,31.6,66.5,55.83
cactus,66.28,31.6,66.5,55.83
money_plant,31.73,31.6,66.7,56.67
snake_plant,37.56,31.6,66.7,56.67
cactus,66.31,31.6,66.7,56.67
money_plant,31.79,31.6,66.6,56.67
snake_plant,37.5,31.6,66.6,56.67
cactus,66.28,31.6,66.6,56.67
money_plant,31.79,31.5,66.5,56.67
snake_plant,37.5,31.5,66.5,56.67
cactus,66.22,31.5,66.5,56.67
snake_plant,37.53,31.6,66.7,56.67
money_plant,31.73,31.6,66.6,56.67
snake_plant,37.43,31.6,66.6,56.67
cactus,66.19,31.6,66.6,56.67
money_plant,31.5,31.5,66.7,56.67
snake_plant,38.4,31.5,66.7,56.67
cactus,66.22,31.5,66.7,56.67
money_plant,31.59,31.6,66.5,56.67
snake_plant,37.31,31.6,66.5,56.67
cactus,66.07,31.6,66.5,56.67
money_plant,32.18,31.6,66.7,56.67
snake_plant,37.18,31.6,66.7,56.67
cactus,66.22,31.6,66.7,56.67
money_plant,31.56,31.6,66.6,56.67
snake_plant,37.4,31.6,66.6,56.67
money_plant,31.41,31.5,66.4,56.67
snake_plant,37.37,31.5,66.4,56.67
cactus,66.19,31.5,66.4,56.67
money_plant,31.67,31.6,66.7,56.67
snake_plant,37.43,31.6,66.7,56.67
cactus,66.34,31.6,66.7,56.67
money_plant,31.56,31.6,66.5,56.67
snake_plant,37.46,31.6,66.5,56.67
cactus,66.22,31.6,66.5,56.67
snake_plant,37.25,31.6,66.6,56.67
cactus,65.92,31.6,66.6,56.67
money_plant,31.59,31.6,66.6,56.67
snake_plant,37.06,31.6,66.6,56.67
cactus,66.16,31.6,66.6,56.67
cactus,66.31,31.6,66.5,56.67
money_plant,30.87,31.6,66.6,56.67
snake_plant,37.31,31.6,66.6,56.67
cactus,66.13,31.6,66.6,56.67
money_plant,31.41,31.6,66.5,56.67
snake_plant,37.25,31.6,66.5,56.67
money_plant,31.59,31.5,66.5,56.67
cactus,66.1,31.5,66.5,56.67
money_plant,31.41,31.5,67.0,56.67
snake_plant,37.18,31.5,67.0,56.67
cactus,66.04,31.5,67.0,56.67
money_plant,31.35,31.5,66.8,56.67
snake_plant,37.09,31.5,66.8,56.67
cactus,66.1,31.5,66.8,56.67
money_plant,31.47,31.5,66.6,56.67
snake_plant,37.03,31.5,66.6,56.67
cactus,66.1,31.5,66.6,56.67
money_plant,31.47,31.5,66.8,56.67
snake_plant,37.46,31.5,66.8,56.67
cactus,66.01,31.5,66.8,56.67
money_plant,31.64,31.6,66.8,56.67
snake_plant,37.31,31.6,66.8,56.67
cactus,65.71,31.6,66.8,56.67
money_plant,31.53,31.5,66.8,56.67
snake_plant,37.15,31.5,66.8,56.67
cactus,65.98,31.5,66.8,56.67
money_plant,31.35,31.6,66.7,56.67
snake_plant,37.03,31.6,66.7,56.67
money_plant,31.32,31.6,66.7,56.67
snake_plant,37.25,31.6,66.7,56.67
cactus,66.01,31.6,66.7,56.67
money_plant,31.53,31.6,66.9,56.67
snake_plant,37.21,31.6,66.9,56.67
cactus,66.01,31.6,66.9,56.67
money_plant,31.05,31.6,66.8,56.67
snake_plant,36.49,31.6,66.8,56.67
cactus,65.8,31.6,66.8,56.67
money_plant,31.11,31.6,66.7,56.67
snake_plant,36.96,31.6,66.7,56.67
cactus,65.92,31.6,66.7,56.67
money_plant,31.26,31.5,66.9,56.67
snake_plant,37.09,31.5,66.9,56.67
cactus,66.01,31.5,66.9,56.67
money_plant,30.96,31.6,66.7,56.67
money_plant,31.29,31.5,66.8,56.67
cactus,65.95,31.5,66.8,56.67
money_plant,31.29,31.6,66.9,56.67
snake_plant,36.81,31.6,66.9,56.67
money_plant,31.41,31.6,66.9,56.67
snake_plant,37.15,31.6,66.9,56.67
cactus,66.1,31.6,66.9,56.67
money_plant,31.05,31.6,66.7,56.67
cactus,65.89,31.6,66.7,56.67
money_plant,31.26,31.6,67.1,0.0
snake_plant,37.25,31.6,67.1,0.0
cactus,65.95,31.6,67.1,0.0
money_plant,31.11,31.6,67.0,0.0
snake_plant,37.0,31.6,67.0,0.0
cactus,65.95,31.6,67.0,0.0
money_plant,31.08,31.7,67.1,0.0
snake_plant,37.18,31.7,67.1,0.0
cactus,66.01,31.7,67.1,0.0
money_plant,31.17,31.7,66.6,0.0
snake_plant,37.25,31.7,66.6,0.0
cactus,66.07,31.7,66.6,0.0
money_plant,31.47,31.7,66.3,0.0
snake_plant,36.93,31.7,66.3,0.0
cactus,66.07,31.7,66.3,0.0
money_plant,31.26,31.7,66.2,0.0
snake_plant,37.12,31.7,66.2,0.0
cactus,66.01,31.7,66.2,0.0
money_plant,31.26,31.7,66.3,0.0
snake_plant,37.06,31.7,66.3,0.0
cactus,65.92,31.7,66.3,0.0
money_plant,31.23,31.7,66.3,0.0
snake_plant,36.87,31.7,66.3,0.0
cactus,65.55,31.7,66.3,0.0
money_plant,30.96,31.7,66.3,0.0
snake_plant,37.0,31.7,66.3,0.0
money_plant,31.05,31.7,66.4,0.0
snake_plant,37.03,31.7,66.4,0.0
cactus,66.19,31.7,66.4,0.0
money_plant,31.14,31.7,66.4,0.0
snake_plant,36.9,31.7,66.4,0.0
cactus,66.1,31.7,66.4,0.0
money_plant,30.84,31.7,66.5,0.0
snake_plant,37.0,31.7,66.5,0.0
cactus,66.01,31.7,66.5,0.0
money_plant,31.64,31.6,66.2,0.0
snake_plant,36.87,31.6,66.2,0.0
cactus,66.13,31.6,66.2,0.0
money_plant,31.41,31.7,66.3,0.0
cactus,66.19,31.7,66.3,0.0
money_plant,31.2,31.6,66.3,0.0
snake_plant,37.15,31.6,66.3,0.0
cactus,66.01,31.6,66.3,0.0
money_plant,31.32,31.6,66.7,0.0
snake_plant,37.18,31.6,66.7,0.0
cactus,66.16,31.6,66.7,0.0
money_plant,31.05,31.6,66.6,0.0
snake_plant,36.93,31.6,66.6,0.0
cactus,66.1,31.6,66.6,0.0
money_plant,31.11,31.6,66.5,0.0
snake_plant,36.71,31.6,66.5,0.0
cactus,66.1,31.6,66.5,0.0
money_plant,31.23,31.6,66.5,0.0
snake_plant,37.12,31.6,66.5,0.0
cactus,66.22,31.6,66.5,0.0
money_plant,31.17,31.6,66.7,0.0
snake_plant,37.06,31.6,66.7,0.0
cactus,66.1,31.6,66.7,0.0
cactus,65.92,31.6,66.5,0.0
money_plant,30.99,31.6,66.6,0.0
snake_plant,37.53,31.6,66.6,0.0
cactus,66.22,31.6,66.6,0.0
money_plant,30.96,31.6,66.7,0.0
snake_plant,37.12,31.6,66.7,0.0
cactus,65.74,31.6,66.7,0.0
money_plant,31.08,31.5,66.7,0.0
snake_plant,37.06,31.5,66.7,0.0
cactus,66.1,31.5,66.7,0.0
money_plant,31.08,31.6,66.7,0.0
snake_plant,37.21,31.6,66.7,0.0
cactus,66.22,31.6,66.7,0.0
money_plant,31.14,31.6,67.0,0.0
snake_plant,37.12,31.6,67.0,0.0
cactus,66.16,31.6,67.0,0.0
money_plant,30.99,31.6,66.9,0.0
snake_plant,37.09,31.6,66.9,0.0
cactus,66.22,31.6,66.9,0.0
money_plant,31.17,31.5,66.6,0.0
snake_plant,37.0,31.5,66.6,0.0
cactus,66.19,31.5,66.6,0.0
money_plant,31.17,31.6,66.5,0.0
cactus,66.16,31.6,66.5,0.0
money_plant,31.2,31.5,66.7,0.0
snake_plant,37.09,31.5,66.7,0.0
cactus,66.16,31.5,66.7,0.0
money_plant,30.96,31.5,66.7,0.0
snake_plant,36.81,31.5,66.7,0.0
cactus,66.22,31.5,66.7,0.0
money_plant,31.05,31.6,66.8,0.0
snake_plant,37.18,31.6,66.8,0.0
cactus,65.92,31.6,66.8,0.0
money_plant,31.32,31.6,66.9,0.0
snake_plant,36.84,31.6,66.9,0.0
cactus,66.16,31.6,66.9,0.0
money_plant,30.84,31.5,66.8,0.0
snake_plant,36.71,31.5,66.8,0.0
cactus,66.13,31.5,66.8,0.0
money_plant,31.2,31.6,66.8,0.0
snake_plant,36.68,31.6,66.8,0.0
cactus,66.1,31.6,66.8,0.0
money_plant,30.96,31.5,66.9,0.0
snake_plant,37.0,31.5,66.9,0.0
cactus,66.1,31.5,66.9,0.0
money_plant,31.17,31.5,67.0,0.0
snake_plant,36.84,31.5,67.0,0.0
cactus,66.01,31.5,67.0,0.0
money_plant,31.29,31.4,67.0,0.0
snake_plant,37.0,31.4,67.0,0.0
cactus,65.34,31.4,67.0,0.0
money_plant,30.81,31.4,67.0,0.0
snake_plant,36.68,31.4,67.0,0.0
cactus,66.13,31.4,67.0,0.0
money_plant,32.59,31.4,67.2,0.0
snake_plant,37.0,31.4,67.2,0.0
cactus,66.07,31.4,67.2,0.0
money_plant,31.23,31.3,67.3,0.0
snake_plant,36.74,31.3,67.3,0.0
cactus,66.01,31.3,67.3,0.0
money_plant,31.23,31.3,67.6,0.0
snake_plant,36.84,31.3,67.6,0.0
cactus,65.95,31.3,67.6,0.0
money_plant,30.96,31.2,67.4,0.0
snake_plant,36.71,31.2,67.4,0.0
cactus,65.98,31.2,67.4,0.0
money_plant,31.17,31.2,67.6,0.0
snake_plant,36.84,31.2,67.6,0.0
cactus,65.92,31.2,67.6,0.0
money_plant,30.79,31.1,67.7,0.0
snake_plant,37.0,31.1,67.7,0.0
cactus,65.92,31.1,67.7,0.0
money_plant,31.23,31.1,67.7,0.0
snake_plant,37.03,31.1,67.7,0.0
cactus,65.86,31.1,67.7,0.0
money_plant,31.08,31.0,67.8,0.0
snake_plant,36.81,31.0,67.8,0.0
cactus,65.86,31.0,67.8,0.0
money_plant,31.41,31.0,67.8,0.0
snake_plant,36.93,31.0,67.8,0.0
cactus,65.68,31.0,67.8,0.0
money_plant,30.93,31.0,68.0,0.0
snake_plant,36.56,31.0,68.0,0.0
cactus,66.1,31.0,68.0,0.0
money_plant,30.87,31.0,68.0,0.0
snake_plant,39.47,31.0,68.0,0.0
cactus,65.64,31.0,68.0,0.0
money_plant,30.99,30.9,68.2,0.0
snake_plant,36.56,30.9,68.2,0.0
cactus,65.74,30.9,68.2,0.0
money_plant,30.81,30.9,68.1,0.0
snake_plant,37.0,30.9,68.1,0.0
cactus,65.64,30.9,68.1,0.0
money_plant,30.79,30.9,68.1,0.0
snake_plant,36.81,30.9,68.1,0.0
cactus,65.61,30.9,68.1,0.0
snake_plant,36.62,30.9,68.1,0.0
cactus,65.8,30.9,68.1,0.0
money_plant,30.87,31.0,68.1,0.0
snake_plant,36.74,31.0,68.1,0.0
cactus,65.74,31.0,68.1,0.0
money_plant,30.99,31.0,68.1,0.0
snake_plant,36.96,31.0,68.1,0.0
cactus,65.68,31.0,68.1,0.0
money_plant,30.79,31.0,68.0,0.0
snake_plant,36.68,31.0,68.0,0.0
cactus,66.46,31.0,68.0,0.0
snake_plant,36.84,31.0,68.1,0.0
cactus,64.73,31.0,68.1,0.0
money_plant,31.32,31.0,68.0,0.0
money_plant,31.11,31.0,68.1,0.0
snake_plant,37.0,31.0,68.1,0.0
cactus,65.55,31.0,68.1,0.0
money_plant,30.81,31.0,68.2,0.0
snake_plant,40.09,31.0,68.2,0.0
cactus,65.68,31.0,68.2,0.0
money_plant,30.96,31.1,67.8,0.0
snake_plant,36.34,31.1,67.8,0.0
cactus,65.58,31.1,67.8,0.0
money_plant,30.79,31.1,68.1,0.0
snake_plant,36.56,31.1,68.1,0.0
cactus,65.52,31.1,68.1,0.0
money_plant,30.7,31.1,67.9,0.0
snake_plant,36.43,31.1,67.9,0.0
cactus,67.25,31.1,67.9,0.0
money_plant,30.64,31.1,68.2,0.0
snake_plant,36.53,31.1,68.2,0.0
cactus,65.49,31.1,68.2,0.0
money_plant,30.79,31.1,68.0,0.0
snake_plant,39.81,31.1,68.0,0.0
cactus,65.49,31.1,68.0,0.0
snake_plant,36.62,31.1,68.0,0.0
cactus,65.46,31.1,68.0,0.0
money_plant,30.93,31.1,68.1,0.0
snake_plant,37.87,31.1,68.1,0.0
cactus,65.68,31.1,68.1,0.0
money_plant,30.52,31.2,67.9,0.0
snake_plant,36.56,31.2,67.9,0.0
cactus,65.95,31.2,67.9,0.0
money_plant,30.73,31.2,67.9,0.0
snake_plant,36.65,31.2,67.9,0.0
cactus,65.52,31.2,67.9,0.0
money_plant,30.81,31.2,67.9,0.0
snake_plant,36.34,31.2,67.9,0.0
money_plant,30.79,31.2,68.0,0.0
snake_plant,36.56,31.2,68.0,0.0
cactus,65.55,31.2,68.0,0.0
money_plant,30.7,31.2,67.7,0.0
snake_plant,36.49,31.2,67.7,0.0
cactus,65.52,31.2,67.7,0.0
money_plant,30.61,31.2,67.7,0.0
snake_plant,36.4,31.2,67.7,0.0
money_plant,30.61,31.2,67.8,0.0
snake_plant,36.53,31.2,67.8,0.0
cactus,65.52,31.2,67.8,0.0
money_plant,31.35,31.2,67.8,0.0
snake_plant,36.34,31.2,67.8,0.0
money_plant,30.58,31.2,67.8,0.0
snake_plant,36.4,31.2,67.8,0.0
cactus,65.46,31.2,67.8,0.0
money_plant,30.76,31.2,68.0,0.0
snake_plant,36.53,31.2,68.0,0.0
cactus,65.64,31.2,68.0,0.0
snake_plant,36.24,31.1,68.2,0.0
cactus,65.52,31.1,68.2,0.0
money_plant,30.81,31.1,68.2,0.0
money_plant,31.05,31.0,68.0,0.0
snake_plant,36.43,31.0,68.0,0.0
cactus,65.46,31.0,68.0,0.0
money_plant,30.43,31.1,68.2,0.0
snake_plant,36.15,31.1,68.2,0.0
money_plant,30.34,31.1,68.0,0.0
snake_plant,36.43,31.1,68.0,0.0
cactus,65.37,31.1,68.0,0.0
money_plant,30.73,31.1,68.2,0.0
money_plant,30.7,31.1,68.3,0.0
snake_plant,36.53,31.1,68.3,0.0
cactus,65.52,31.1,68.3,0.0
money_plant,30.34,31.2,68.1,0.0
snake_plant,36.37,31.2,68.1,0.0
cactus,65.52,31.2,68.1,0.0
money_plant,30.7,31.2,68.0,0.0
cactus,65.19,31.2,68.0,0.0
money_plant,30.37,31.2,68.1,0.0
snake_plant,36.4,31.2,68.1,0.0
cactus,65.43,31.2,68.1,0.0
money_plant,30.49,31.1,68.1,0.0
snake_plant,35.71,31.1,68.1,0.0
cactus,65.49,31.1,68.1,0.0
money_plant,30.55,31.1,68.3,0.0
cactus,65.46,31.1,68.3,0.0
money_plant,30.34,31.2,68.2,0.0
snake_plant,36.03,31.2,68.2,0.0
cactus,65.52,31.2,68.2,0.0
money_plant,30.7,31.1,68.2,0.0
snake_plant,36.34,31.1,68.2,0.0
cactus,65.19,31.1,68.2,0.0
money_plant,30.4,31.2,68.2,0.0
snake_plant,36.31,31.2,68.2,0.0
snake_plant,36.24,31.1,68.3,0.0
cactus,65.4,31.1,68.3,0.0
snake_plant,36.09,31.2,68.2,0.0
cactus,65.49,31.2,68.2,0.0
money_plant,30.4,31.1,68.0,0.0
cactus,65.71,31.1,68.0,0.0
money_plant,29.81,31.2,68.1,0.0
snake_plant,36.53,31.2,68.1,0.0
money_plant,30.58,31.2,68.1,0.0
snake_plant,36.43,31.2,68.1,0.0
money_plant,30.73,31.1,68.1,0.0
snake_plant,36.68,31.1,68.1,0.0
snake_plant,36.53,31.2,68.2,0.0
snake_plant,36.18,31.2,67.9,0.0
cactus,65.55,31.2,67.9,0.0
money_plant,30.7,31.1,68.1,0.0
snake_plant,36.53,31.1,68.1,0.0
money_plant,29.99,31.3,67.9,0.0
snake_plant,36.53,31.3,67.9,0.0
cactus,65.92,31.3,67.9,0.0
cactus,65.55,31.1,68.1,0.0
money_plant,29.87,31.2,68.0,0.0
snake_plant,36.65,31.2,68.0,0.0
cactus,65.43,31.2,68.0,0.0
money_plant,30.34,31.2,68.0,0.0
snake_plant,36.62,31.2,68.1,0.0
cactus,65.55,31.2,68.1,0.0
snake_plant,39.37,31.2,68.1,0.0
money_plant,30.01,31.2,68.1,0.0
snake_plant,36.56,31.2,68.1,0.0
cactus,66.07,31.2,68.1,0.0
money_plant,29.84,31.1,68.1,0.0
snake_plant,36.49,31.1,68.1,0.0
snake_plant,36.37,31.2,68.0,0.0
cactus,65.52,31.2,68.0,0.0
cactus,65.49,31.2,68.1,0.0
cactus,64.73,31.2,68.1,0.0
money_plant,29.93,31.2,68.2,0.0
cactus,65.68,31.2,68.2,0.0
snake_plant,36.46,31.2,68.1,0.0
cactus,65.74,31.2,68.1,0.0
snake_plant,34.37,31.2,68.0,0.0
cactus,65.68,31.2,68.0,0.0
money_plant,30.46,31.2,68.2,0.0
snake_plant,36.56,31.2,68.2,0.0
cactus,65.71,31.2,68.2,0.0
money_plant,30.34,31.1,68.2,0.0
snake_plant,36.56,31.1,68.2,0.0
cactus,65.68,31.1,68.2,0.0
money_plant,29.99,31.1,68.1,0.0
snake_plant,36.21,31.1,68.1,0.0
money_plant,30.4,31.1,68.4,0.0
snake_plant,36.31,31.1,68.4,0.0
cactus,67.37,31.1,68.4,0.0
money_plant,30.34,31.2,68.3,0.0
snake_plant,36.37,31.2,68.3,0.0
cactus,65.52,31.2,68.3,0.0
money_plant,29.84,31.1,68.3,0.0
snake_plant,36.37,31.1,68.3,0.0
cactus,65.55,31.1,68.3,0.0
money_plant,30.34,31.1,68.5,0.0
snake_plant,36.43,31.1,68.5,0.0
cactus,65.61,31.1,68.5,0.0
money_plant,29.9,31.2,68.2,0.0
snake_plant,37.31,31.2,68.2,0.0
cactus,65.61,31.2,68.2,0.0
snake_plant,35.52,31.2,68.3,0.0
cactus,65.71,31.2,68.3,0.0
money_plant,30.34,31.1,68.4,0.0
cactus,65.68,31.1,68.4,0.0
money_plant,29.81,31.1,68.3,0.0
snake_plant,36.18,31.1,68.3,0.0
cactus,65.83,31.1,68.3,0.0
money_plant,30.34,31.1,68.3,0.0
snake_plant,35.59,31.1,68.3,0.0
money_plant,29.93,31.1,68.2,0.0
snake_plant,36.18,31.1,68.2,0.0
money_plant,29.16,31.1,68.2,0.0
snake_plant,36.31,31.1,68.2,0.0
cactus,65.55,31.1,68.2,0.0
money_plant,29.87,31.1,68.4,0.0
snake_plant,36.18,31.1,68.4,0.0
cactus,65.64,31.1,68.4,0.0
money_plant,29.9,31.1,68.3,0.0
snake_plant,36.06,31.1,68.3,0.0
cactus,65.68,31.1,68.3,0.0
snake_plant,35.87,31.2,68.3,0.0
cactus,65.43,31.2,68.3,0.0
money_plant,30.01,31.2,68.4,0.0
snake_plant,36.06,31.2,68.4,0.0
cactus,65.61,31.2,68.4,0.0
money_plant,29.84,31.1,68.4,0.0
snake_plant,36.4,31.1,68.4,0.0
cactus,65.61,31.1,68.4,0.0
snake_plant,36.09,31.1,68.4,0.0
cactus,65.52,31.1,68.4,0.0
snake_plant,36.12,31.1,68.3,0.0
money_plant,31.35,31.1,68.5,0.0
snake_plant,36.06,31.1,68.5,0.0
cactus,65.8,31.1,68.5,0.0
money_plant,29.84,31.1,68.2,0.0
snake_plant,36.03,31.1,68.2,0.0
cactus,65.58,31.1,68.2,0.0
snake_plant,36.24,31.1,68.4,0.0
cactus,65.55,31.1,68.4,0.0
money_plant,29.24,31.1,68.3,0.0
snake_plant,32.64,31.1,68.3,0.0
cactus,65.64,31.1,68.3,0.0
money_plant,29.84,31.1,68.5,0.0
snake_plant,36.03,31.1,68.5,0.0
money_plant,29.75,31.1,68.3,0.0
snake_plant,35.93,31.1,68.3,0.0
cactus,66.01,31.1,68.3,0.0
money_plant,30.46,31.1,68.4,0.0
money_plant,30.37,31.1,68.3,0.0
cactus,65.74,31.1,68.3,0.0
snake_plant,35.93,31.1,68.4,0.0
money_plant,29.78,31.0,68.4,0.0
snake_plant,35.87,31.0,68.4,0.0
cactus,65.68,31.0,68.4,0.0
money_plant,30.01,31.0,68.4,0.0
snake_plant,36.03,31.0,68.4,0.0
money_plant,29.9,31.0,68.4,0.0
snake_plant,35.81,31.0,68.4,0.0
cactus,65.64,31.0,68.4,0.0
money_plant,30.1,31.0,68.5,0.0
snake_plant,35.99,31.0,68.5,0.0
cactus,65.58,31.0,68.5,0.0
snake_plant,35.56,31.1,68.5,0.0
cactus,65.74,31.1,68.5,0.0
money_plant,29.93,31.1,68.4,0.0
snake_plant,35.81,31.1,68.4,0.0
money_plant,29.84,31.0,68.6,0.0
snake_plant,36.06,31.0,68.6,0.0
cactus,65.64,31.0,68.6,0.0
money_plant,29.66,31.0,68.5,0.0
snake_plant,35.56,31.0,68.5,0.0
cactus,65.68,31.0,68.5,0.0
money_plant,29.87,31.0,68.3,0.0
snake_plant,35.62,31.0,68.3,0.0
cactus,65.74,31.0,68.3,0.0
money_plant,30.49,31.0,68.6,0.0
snake_plant,35.81,31.0,68.6,0.0
cactus,65.52,31.0,68.6,0.0
money_plant,29.9,31.0,68.7,0.0
snake_plant,35.52,31.0,68.7,0.0
cactus,65.55,31.0,68.7,0.0
money_plant,30.58,31.0,68.6,0.0
snake_plant,35.93,31.0,68.6,0.0
cactus,65.95,31.0,68.6,0.0
snake_plant,35.52,31.0,68.4,0.0
cactus,65.58,31.0,68.4,0.0
cactus,65.98,31.0,68.4,0.0
snake_plant,35.99,31.0,68.6,0.0
cactus,65.58,31.0,68.6,0.0
money_plant,35.53,31.0,68.4,0.0
snake_plant,35.77,31.0,68.4,0.0
cactus,65.74,31.0,68.4,0.0
money_plant,29.75,31.0,68.7,0.0
snake_plant,35.59,31.0,68.7,0.0
cactus,65.64,31.0,68.7,0.0
money_plant,29.84,31.0,68.4,0.0
snake_plant,35.71,31.0,68.4,0.0
cactus,65.61,31.0,68.4,0.0
money_plant,29.57,31.0,68.5,0.0
snake_plant,35.52,31.0,68.5,0.0
cactus,65.74,31.0,68.5,0.0
money_plant,29.81,31.0,68.4,0.0
money_plant,29.87,31.0,68.6,0.0
snake_plant,35.74,31.0,68.6,0.0
cactus,65.71,31.0,68.6,0.0
money_plant,29.87,31.0,68.7,0.0
cactus,65.8,31.0,68.7,0.0
money_plant,29.75,31.0,68.6,0.0
snake_plant,35.49,31.0,68.6,0.0
snake_plant,35.52,31.0,68.6,0.0
cactus,65.37,31.0,68.6,0.0
money_plant,29.54,31.0,68.6,0.0
snake_plant,35.43,31.0,68.6,0.0
cactus,65.86,31.0,68.6,0.0
money_plant,29.78,31.0,68.5,0.0
snake_plant,35.05,31.0,68.5,0.0
cactus,65.98,31.0,68.5,0.0
money_plant,29.66,31.0,68.4,0.0
snake_plant,35.43,31.0,68.4,0.0
cactus,65.92,31.0,68.4,0.0
money_plant,27.94,31.0,68.6,0.0
snake_plant,35.4,31.0,68.6,0.0
cactus,65.89,31.0,68.6,0.0
money_plant,29.66,31.0,68.6,0.0
money_plant,29.69,30.9,68.6,0.0
snake_plant,35.49,30.9,68.6,0.0
cactus,65.92,30.9,68.6,0.0
money_plant,29.57,31.0,68.7,0.0
snake_plant,35.31,31.0,68.7,0.0
cactus,65.89,31.0,68.7,0.0
money_plant,29.3,31.0,68.6,0.0
snake_plant,35.46,31.0,68.6,0.0
cactus,66.01,31.0,68.6,0.0
money_plant,29.57,30.9,68.6,0.0
snake_plant,35.52,30.9,68.6,0.0
cactus,67.65,30.9,68.6,0.0
money_plant,29.16,31.0,68.7,0.0
snake_plant,35.65,31.0,68.7,0.0
cactus,66.07,31.0,68.7,0.0
money_plant,29.81,31.0,68.6,0.0
snake_plant,35.34,31.0,68.6,0.0
cactus,67.47,31.0,68.6,0.0
money_plant,29.51,30.9,68.6,0.0
cactus,65.89,30.9,68.6,0.0
money_plant,29.45,31.0,68.5,0.0
snake_plant,34.93,31.0,68.5,0.0
cactus,65.95,31.0,68.5,0.0
money_plant,29.51,30.9,68.7,0.0
snake_plant,35.49,30.9,68.7,0.0
cactus,66.01,30.9,68.7,0.0
snake_plant,35.24,30.9,68.7,0.0
cactus,65.92,30.9,68.7,0.0
money_plant,29.81,30.9,68.8,0.0
snake_plant,35.37,30.9,68.8,0.0
cactus,65.92,30.9,68.8,0.0
money_plant,29.75,30.9,68.6,0.0
snake_plant,35.24,30.9,68.6,0.0
cactus,65.86,30.9,68.6,0.0
money_plant,29.66,30.9,68.8,0.0
snake_plant,35.43,30.9,68.8,0.0
cactus,65.8,30.9,68.8,0.0
money_plant,29.69,30.9,68.7,0.0
money_plant,29.75,30.9,68.8,0.0
snake_plant,35.87,30.9,68.8,0.0
cactus,65.52,30.9,68.8,0.0
money_plant,29.48,30.9,68.7,0.0
snake_plant,35.34,30.9,68.7,0.0
money_plant,29.27,31.0,68.8,0.0
snake_plant,35.43,31.0,68.8,0.0
cactus,65.92,31.0,68.8,0.0
money_plant,29.57,30.9,68.8,0.0
snake_plant,35.09,30.9,68.8,0.0
money_plant,29.45,30.9,68.7,0.0
snake_plant,35.09,30.9,68.7,0.0
cactus,65.83,30.9,68.7,0.0
money_plant,29.36,30.9,68.7,0.0
snake_plant,35.31,30.9,68.7,0.0
money_plant,29.54,30.9,68.8,0.0
snake_plant,36.03,30.9,68.8,0.0
money_plant,27.5,30.9,68.9,0.0
snake_plant,35.34,30.9,68.9,0.0
cactus,65.98,30.9,68.9,0.0
money_plant,29.51,30.9,68.9,0.0
snake_plant,35.52,30.9,68.9,0.0
cactus,65.86,30.9,68.9,0.0
money_plant,29.66,30.8,68.9,0.0
snake_plant,35.52,30.8,68.9,0.0
cactus,65.98,30.8,68.9,0.0
money_plant,29.42,30.9,68.9,0.0
snake_plant,35.15,30.9,68.9,0.0
cactus,65.95,30.9,68.9,0.0
money_plant,29.45,30.8,68.8,0.0
snake_plant,35.21,30.8,68.8,0.0
cactus,65.86,30.8,68.8,0.0
money_plant,29.93,30.9,69.0,0.0
snake_plant,35.31,30.9,69.0,0.0
cactus,65.8,30.9,69.0,0.0
money_plant,29.3,30.9,69.0,0.0
snake_plant,35.21,30.9,69.0,0.0
cactus,65.95,30.9,69.0,0.0
money_plant,29.69,30.9,68.8,0.0
snake_plant,34.87,30.9,68.8,0.0
cactus,66.01,30.9,68.8,0.0
money_plant,29.75,30.8,69.0,0.0
snake_plant,35.31,30.8,69.0,0.0
cactus,66.1,30.8,69.0,0.0
money_plant,29.39,30.8,69.1,0.0
snake_plant,35.05,30.8,69.1,0.0
cactus,65.07,30.8,69.1,0.0
money_plant,29.57,30.8,69.0,0.0
snake_plant,35.18,30.8,69.0,0.0
cactus,65.95,30.8,69.0,0.0
money_plant,26.7,30.9,69.1,0.0
snake_plant,35.43,30.9,69.1,0.0
cactus,65.8,30.9,69.1,0.0
money_plant,29.66,30.8,69.2,0.0
snake_plant,35.37,30.8,69.2,0.0
cactus,65.89,30.8,69.2,0.0
money_plant,29.42,30.9,69.0,0.0
snake_plant,34.84,30.9,69.0,0.0
money_plant,29.27,30.9,69.1,0.0
snake_plant,34.68,30.9,69.1,0.0
cactus,65.92,30.9,69.1,0.0
snake_plant,35.18,30.9,69.0,0.0
cactus,65.71,30.9,69.0,0.0
money_plant,29.45,30.9,69.2,0.0
snake_plant,35.05,30.9,69.2,0.0
cactus,65.83,30.9,69.2,0.0
money_plant,29.39,30.9,69.0,0.0
cactus,65.83,30.9,69.0,0.0
money_plant,29.45,30.9,69.0,0.0
snake_plant,34.8,30.9,69.0,0.0
cactus,65.58,30.9,69.0,0.0
money_plant,29.63,30.9,69.0,0.0
snake_plant,34.93,30.9,69.0,0.0
cactus,65.74,30.9,69.0,0.0
money_plant,29.66,30.9,69.0,0.0
snake_plant,34.37,30.9,69.0,0.0
money_plant,29.45,30.9,69.1,0.0
snake_plant,35.37,30.9,69.1,0.0
cactus,65.95,30.9,69.1,0.0
money_plant,29.39,30.9,69.1,0.0
snake_plant,34.9,30.9,69.1,0.0
cactus,66.68,30.9,69.1,0.0
money_plant,29.51,30.9,69.0,0.0
snake_plant,35.02,30.9,69.0,0.0
cactus,65.98,30.9,69.0,0.0
money_plant,29.27,30.9,68.9,0.0
snake_plant,34.8,30.9,68.9,0.0
money_plant,29.39,30.9,68.8,0.0
snake_plant,34.71,30.9,68.8,0.0
money_plant,25.13,30.9,68.9,0.0
snake_plant,35.02,30.9,68.9,0.0
money_plant,29.45,30.9,68.9,0.0
snake_plant,35.09,30.9,68.9,0.0
cactus,65.89,30.9,68.9,0.0
money_plant,29.16,30.9,69.0,0.0
snake_plant,35.09,30.9,69.0,0.0
money_plant,29.33,30.8,69.3,0.0
snake_plant,34.87,30.8,69.3,0.0
cactus,65.8,30.8,69.3,0.0
money_plant,29.36,30.8,69.1,0.0
snake_plant,34.99,30.8,69.1,0.0
cactus,65.52,30.8,69.1,0.0
snake_plant,34.99,30.9,69.1,0.0
cactus,65.52,30.9,69.1,0.0
money_plant,29.19,30.9,69.1,0.0
money_plant,29.33,30.9,69.1,0.0
snake_plant,34.33,30.9,69.1,0.0
snake_plant,34.87,30.9,68.9,0.0
money_plant,29.63,30.9,69.1,0.0
money_plant,29.3,30.9,68.9,0.0
snake_plant,34.71,30.9,68.9,0.0
cactus,66.8,30.9,68.9,0.0
money_plant,28.89,30.9,69.1,0.0
snake_plant,34.71,30.9,69.1,0.0
cactus,65.86,30.9,69.1,0.0
snake_plant,34.9,30.9,68.9,0.0
cactus,66.01,30.9,68.9,0.0
money_plant,29.19,30.8,69.1,0.0
snake_plant,34.74,30.8,69.1,0.0
cactus,65.86,30.8,69.1,0.0
snake_plant,34.87,30.9,69.1,0.0
cactus,65.68,30.9,69.1,0.0
cactus,66.04,30.9,69.0,0.0
snake_plant,34.84,30.8,69.1,0.0
cactus,65.8,30.8,69.1,0.0
money_plant,29.04,30.9,69.2,0.0
snake_plant,34.68,30.9,69.2,0.0
cactus,65.74,30.9,69.2,0.0
money_plant,29.24,30.8,69.1,0.0
snake_plant,34.8,30.8,69.1,0.0
cactus,65.83,30.8,69.1,0.0
snake_plant,35.09,30.9,69.1,0.0
cactus,65.64,30.9,69.1,0.0
money_plant,29.21,30.8,69.1,0.0
snake_plant,34.71,30.8,69.1,0.0
cactus,65.71,30.8,69.1,0.0
money_plant,29.07,30.8,69.3,0.0
snake_plant,34.84,30.8,69.3,0.0
cactus,65.86,30.8,69.3,0.0
money_plant,29.24,30.8,69.0,0.0
snake_plant,34.55,30.8,69.0,0.0
cactus,65.58,30.8,69.0,0.0
money_plant,29.21,30.8,69.0,0.0
cactus,65.71,30.8,69.0,0.0
money_plant,29.21,30.8,69.2,0.0
snake_plant,34.84,30.8,69.2,0.0
cactus,65.52,30.8,69.2,0.0
money_plant,28.83,30.8,69.1,0.0
snake_plant,34.77,30.8,69.1,0.0
cactus,65.55,30.8,69.1,0.0
money_plant,25.96,30.8,69.3,0.0
snake_plant,34.59,30.8,69.3,0.0
cactus,65.52,30.8,69.3,0.0
money_plant,28.95,30.8,69.2,0.0
snake_plant,34.87,30.8,69.2,0.0
cactus,65.68,30.8,69.2,0.0
money_plant,28.89,30.8,69.1,0.0
snake_plant,34.87,30.8,69.1,0.0
money_plant,29.19,30.8,69.2,0.0
snake_plant,34.49,30.8,69.2,0.0
money_plant,29.16,30.8,69.3,0.0
snake_plant,34.71,30.8,69.3,0.0
money_plant,29.07,30.8,69.2,0.0
snake_plant,34.43,30.8,69.2,0.0
snake_plant,34.99,30.8,69.2,0.0
snake_plant,34.68,30.8,69.2,0.0
cactus,65.61,30.8,69.2,0.0
money_plant,29.04,30.8,69.2,0.0
snake_plant,34.62,30.8,69.2,0.0
money_plant,29.21,30.8,69.3,0.0
snake_plant,34.52,30.8,69.3,0.0
money_plant,29.04,30.8,69.3,0.0
cactus,65.58,30.8,69.3,0.0
money_plant,28.89,30.8,69.3,0.0
snake_plant,33.08,30.8,69.3,0.0
cactus,65.61,30.8,69.3,0.0
money_plant,29.16,30.8,69.2,0.0
snake_plant,34.55,30.8,69.2,0.0
money_plant,28.98,30.8,69.3,0.0
money_plant,28.98,30.8,69.5,0.0
snake_plant,34.65,30.8,69.5,0.0
cactus,66.53,30.8,69.5,0.0
money_plant,28.95,30.8,69.5,0.0
snake_plant,34.99,30.8,69.5,0.0
cactus,65.52,30.8,69.5,0.0
money_plant,28.95,30.8,69.3,0.0
cactus,65.49,30.8,69.3,0.0
money_plant,28.92,30.8,69.5,0.0
snake_plant,34.62,30.8,69.5,0.0
cactus,64.95,30.8,69.5,0.0
cactus,64.34,30.8,69.5,0.0
money_plant,28.92,30.8,69.4,0.0
snake_plant,34.33,30.8,69.4,0.0
cactus,65.52,30.8,69.4,0.0
money_plant,29.04,30.8,69.4,0.0
snake_plant,34.65,30.8,69.4,0.0
money_plant,28.89,30.8,69.5,0.0
snake_plant,34.52,30.8,69.5,0.0
money_plant,29.1,30.8,69.4,0.0
snake_plant,34.59,30.8,69.4,0.0
cactus,65.49,30.8,69.4,0.0
money_plant,28.74,30.8,69.3,0.0
snake_plant,34.49,30.8,69.3,0.0
money_plant,29.16,30.7,69.4,0.0
snake_plant,34.52,30.7,69.4,0.0
cactus,65.37,30.7,69.4,0.0
money_plant,28.89,30.7,69.6,0.0
snake_plant,34.55,30.7,69.6,0.0
cactus,65.37,30.7,69.6,0.0
money_plant,28.95,30.7,69.6,0.0
snake_plant,34.52,30.7,69.6,0.0
cactus,65.61,30.7,69.6,0.0
money_plant,29.07,30.8,69.5,0.0
snake_plant,34.43,30.8,69.5,0.0
cactus,65.37,30.8,69.5,0.0
money_plant,28.74,30.8,69.8,0.0
snake_plant,34.49,30.8,69.8,0.0
cactus,65.31,30.8,69.8,0.0
money_plant,28.98,30.8,69.6,0.0
snake_plant,34.62,30.8,69.6,0.0
cactus,65.31,30.8,69.6,0.0
money_plant,28.92,30.8,69.3,0.0
snake_plant,35.02,30.8,69.3,0.0
cactus,65.34,30.8,69.3,0.0
money_plant,28.71,30.8,69.5,0.0
snake_plant,34.37,30.8,69.5,0.0
cactus,65.19,30.8,69.5,0.0
money_plant,29.1,30.7,69.4,0.0
snake_plant,34.49,30.7,69.4,0.0
cactus,65.19,30.7,69.4,0.0
snake_plant,34.55,30.8,69.4,0.0
cactus,65.13,30.8,69.4,0.0
money_plant,29.21,30.8,69.5,0.0
snake_plant,34.55,30.8,69.5,0.0
cactus,64.86,30.8,69.5,0.0
snake_plant,34.3,30.8,69.5,0.0
money_plant,29.04,30.7,69.5,0.0
snake_plant,34.21,30.7,69.5,0.0
cactus,65.43,30.7,69.5,0.0
money_plant,28.92,30.8,69.6,0.0
snake_plant,34.05,30.8,69.6,0.0
cactus,65.34,30.8,69.6,0.0
money_plant,28.33,30.8,69.5,0.0
money_plant,28.89,30.8,70.1,0.0
snake_plant,34.18,30.8,70.1,0.0
cactus,65.31,30.8,70.1,0.0
money_plant,28.92,30.8,69.7,0.0
snake_plant,34.52,30.8,69.7,0.0
cactus,65.43,30.8,69.7,0.0
snake_plant,34.43,30.8,69.6,0.0
cactus,65.07,30.8,69.6,0.0
money_plant,28.92,30.7,69.4,0.0
snake_plant,34.05,30.7,69.4,0.0
cactus,65.13,30.7,69.4,0.0
money_plant,28.89,30.8,69.6,0.0
snake_plant,34.21,30.8,69.6,0.0
cactus,65.1,30.8,69.6,0.0
money_plant,28.74,30.7,69.4,0.0
snake_plant,34.37,30.7,69.4,0.0
snake_plant,34.52,30.7,69.5,0.0
cactus,65.13,30.7,69.5,0.0
money_plant,28.89,30.7,69.8,0.0
snake_plant,34.46,30.7,69.8,0.0
cactus,65.07,30.7,69.8,0.0
snake_plant,34.24,30.8,69.5,0.0
cactus,65.1,30.8,69.5,0.0
money_plant,28.86,30.7,69.5,0.0
cactus,64.98,30.7,69.5,0.0
money_plant,28.68,30.7,69.8,0.0
snake_plant,34.21,30.7,69.8,0.0
cactus,65.01,30.7,69.8,0.0
money_plant,28.98,30.7,69.7,0.0
snake_plant,37.31,30.7,69.7,0.0
cactus,65.04,30.7,69.7,0.0
money_plant,28.56,30.7,69.6,0.0
snake_plant,34.3,30.7,69.6,0.0
cactus,65.01,30.7,69.6,0.0
money_plant,28.59,30.7,69.5,0.0
snake_plant,34.18,30.7,69.5,0.0
money_plant,28.74,30.7,69.6,0.0
snake_plant,34.08,30.7,69.6,0.0
cactus,65.04,30.7,69.6,0.0
money_plant,28.77,30.7,69.7,0.0
snake_plant,34.21,30.7,69.7,0.0
cactus,64.95,30.7,69.7,0.0
money_plant,28.89,30.7,69.9,0.0
snake_plant,34.12,30.7,69.9,0.0
cactus,64.98,30.7,69.9,0.0
money_plant,28.83,30.7,69.8,0.0
snake_plant,34.08,30.7,69.8,0.0
cactus,64.98,30.7,69.8,0.0
money_plant,28.8,30.7,69.8,0.0
snake_plant,33.99,30.7,69.8,0.0
cactus,64.95,30.7,69.8,0.0
snake_plant,34.52,30.7,69.8,0.0
money_plant,28.89,30.7,69.7,0.0
snake_plant,33.55,30.7,69.7,0.0
cactus,65.01,30.7,69.7,0.0
money_plant,28.71,30.7,69.8,0.0
snake_plant,34.12,30.7,69.8,0.0
money_plant,28.41,30.7,70.1,0.83
snake_plant,33.68,30.7,70.1,0.83
cactus,64.95,30.7,70.1,0.83
money_plant,28.62,30.7,70.0,0.83
snake_plant,33.65,30.7,70.0,0.83
cactus,65.07,30.7,70.0,0.83
money_plant,28.39,30.7,70.1,58.33
snake_plant,33.87,30.7,70.1,58.33
cactus,64.89,30.7,70.1,58.33
money_plant,30.4,30.7,71.3,197.5
snake_plant,33.68,30.7,71.3,197.5
cactus,65.13,30.7,71.3,197.5
money_plant,29.51,30.2,73.2,220.83
snake_plant,33.18,30.2,73.2,220.83
cactus,64.92,30.2,73.2,220.83
money_plant,29.36,29.7,74.2,235.0
snake_plant,33.68,29.7,74.2,235.0
cactus,65.07,29.7,74.2,235.0
money_plant,29.19,29.4,76.0,250.83
snake_plant,33.52,29.4,76.0,250.83
cactus,64.89,29.4,76.0,250.83
money_plant,29.33,29.1,77.1,252.5
snake_plant,33.8,29.1,77.1,252.5
cactus,65.16,29.1,77.1,252.5
money_plant,29.57,28.9,77.5,250.0
snake_plant,33.62,28.9,77.5,250.0
cactus,65.13,28.9,77.5,250.0
money_plant,29.04,28.7,78.0,235.83
snake_plant,33.58,28.7,78.0,235.83
cactus,65.04,28.7,78.0,235.83
money_plant,29.19,28.7,78.3,235.0
snake_plant,33.52,28.7,78.3,235.0
cactus,65.8,28.7,78.3,235.0
money_plant,29.57,28.6,78.9,233.33
snake_plant,33.71,28.6,78.9,233.33
cactus,65.07,28.6,78.9,233.33
money_plant,29.33,28.6,78.9,279.17
snake_plant,33.52,28.6,78.9,279.17
cactus,65.01,28.6,78.9,279.17
money_plant,29.16,28.4,79.4,325.0
snake_plant,33.52,28.4,79.4,325.0
cactus,64.83,28.4,79.4,325.0
money_plant,29.16,28.3,80.0,353.33
snake_plant,33.05,28.3,80.0,353.33
cactus,64.86,28.3,80.0,353.33
money_plant,28.95,28.2,80.5,366.67
snake_plant,33.05,28.2,80.5,366.67
cactus,64.83,28.2,80.5,366.67
money_plant,29.07,28.2,80.7,382.5
snake_plant,33.52,28.2,80.7,382.5
cactus,64.76,28.2,80.7,382.5
money_plant,29.1,28.2,80.9,397.5
snake_plant,33.33,28.2,80.9,397.5
cactus,64.83,28.2,80.9,397.5
money_plant,29.04,28.2,80.7,409.17
snake_plant,33.15,28.2,80.7,409.17
cactus,64.95,28.2,80.7,409.17
money_plant,28.83,28.3,80.4,427.5
snake_plant,33.43,28.3,80.4,427.5
cactus,64.8,28.3,80.4,427.5
money_plant,29.04,28.4,79.7,434.17
snake_plant,33.21,28.4,79.7,434.17
cactus,64.89,28.4,79.7,434.17
money_plant,28.8,28.5,80.0,440.0
snake_plant,33.15,28.5,80.0,440.0
cactus,64.58,28.5,80.0,440.0
money_plant,29.07,28.5,79.9,447.5
snake_plant,33.49,28.5,79.9,447.5
cactus,64.86,28.5,79.9,447.5
money_plant,28.92,28.6,79.5,455.83
snake_plant,30.86,28.6,79.5,455.83
cactus,64.76,28.6,79.5,455.83
money_plant,28.68,28.7,79.2,452.5
snake_plant,32.8,28.7,79.2,452.5
cactus,65.07,28.7,79.2,452.5
money_plant,28.83,28.7,78.4,469.17
snake_plant,33.11,28.7,78.4,469.17
cactus,64.64,28.7,78.4,469.17
money_plant,28.68,28.8,78.6,465.83
snake_plant,32.93,28.8,78.6,465.83
cactus,64.89,28.8,78.6,465.83
money_plant,29.21,28.7,78.6,464.17
snake_plant,32.9,28.7,78.6,464.17
cactus,64.58,28.7,78.6,464.17
money_plant,28.68,28.7,78.6,465.83
snake_plant,32.93,28.7,78.6,465.83
cactus,64.58,28.7,78.6,465.83
money_plant,28.86,28.8,79.0,469.17
snake_plant,33.55,28.8,79.0,469.17
cactus,64.55,28.8,79.0,469.17
money_plant,28.56,28.8,78.5,477.5
snake_plant,32.86,28.8,78.5,477.5
cactus,64.67,28.8,78.5,477.5
money_plant,28.68,28.8,78.5,484.17
snake_plant,33.24,28.8,78.5,484.17
cactus,64.58,28.8,78.5,484.17
money_plant,28.77,28.9,78.3,490.0
snake_plant,33.11,28.9,78.3,490.0
cactus,65.34,28.9,78.3,490.0
money_plant,28.62,29.0,78.2,504.17
snake_plant,32.96,29.0,78.2,504.17
cactus,64.49,29.0,78.2,504.17
money_plant,28.71,29.0,78.5,519.17
snake_plant,32.83,29.0,78.5,519.17
cactus,64.43,29.0,78.5,519.17
money_plant,28.68,29.0,78.3,538.33
snake_plant,33.33,29.0,78.3,538.33
cactus,64.46,29.0,78.3,538.33
money_plant,28.59,28.9,78.4,550.83
snake_plant,32.9,28.9,78.4,550.83
cactus,64.52,28.9,78.4,550.83
money_plant,28.68,29.0,78.4,560.83
snake_plant,33.08,29.0,78.4,560.83
cactus,64.46,29.0,78.4,560.83
money_plant,28.41,29.1,78.2,583.33
snake_plant,33.05,29.1,78.2,583.33
cactus,64.43,29.1,78.2,583.33
money_plant,28.71,29.2,78.0,629.17
snake_plant,32.8,29.2,78.0,629.17
cactus,64.4,29.2,78.0,629.17
money_plant,28.15,29.2,77.6,627.5
snake_plant,32.93,29.2,77.6,627.5
cactus,64.4,29.2,77.6,627.5
money_plant,28.56,29.3,77.7,610.0
snake_plant,33.02,29.3,77.7,610.0
cactus,64.22,29.3,77.7,610.0
money_plant,28.74,29.3,76.9,619.17
snake_plant,33.02,29.3,76.9,619.17
cactus,64.4,29.3,76.9,619.17
money_plant,28.21,29.4,77.3,634.17
snake_plant,32.96,29.4,77.3,634.17
cactus,64.34,29.4,77.3,634.17
money_plant,28.47,29.3,77.6,667.5
snake_plant,32.99,29.3,77.6,667.5
cactus,64.37,29.3,77.6,667.5
money_plant,28.68,29.3,77.9,720.83
snake_plant,33.05,29.3,77.9,720.83
cactus,64.46,29.3,77.9,720.83
money_plant,28.68,29.3,77.6,759.17
snake_plant,32.77,29.3,77.6,759.17
cactus,64.25,29.3,77.6,759.17
money_plant,28.44,29.3,77.5,794.17
snake_plant,33.05,29.3,77.5,794.17
cactus,64.31,29.3,77.5,794.17
money_plant,28.74,29.5,76.8,820.83
snake_plant,32.9,29.5,76.8,820.83
cactus,64.07,29.5,76.8,820.83
money_plant,28.5,29.5,77.0,839.17
snake_plant,32.83,29.5,77.0,839.17
cactus,64.07,29.5,77.0,839.17
money_plant,28.41,29.5,76.9,870.83
snake_plant,32.77,29.5,76.9,870.83
cactus,64.1,29.5,76.9,870.83
money_plant,28.47,29.6,76.5,920.0
snake_plant,32.83,29.6,76.5,920.0
cactus,64.19,29.6,76.5,920.0
money_plant,28.62,29.7,76.9,956.67
snake_plant,32.99,29.7,76.9,956.67
cactus,64.13,29.7,76.9,956.67
money_plant,28.56,29.8,76.7,982.5
snake_plant,32.8,29.8,76.7,982.5
cactus,64.16,29.8,76.7,982.5
money_plant,28.53,29.8,76.4,1021.67
snake_plant,32.86,29.8,76.4,1021.67
cactus,64.25,29.8,76.4,1021.67
money_plant,28.41,29.8,75.8,1121.67
snake_plant,32.86,29.8,75.8,1121.67
cactus,64.43,29.8,75.8,1121.67
money_plant,28.41,29.9,75.6,1155.0
snake_plant,32.71,29.9,75.6,1155.0
cactus,64.1,29.9,75.6,1155.0
money_plant,28.36,30.0,75.4,1098.33
snake_plant,32.77,30.0,75.4,1098.33
cactus,64.16,30.0,75.4,1098.33
money_plant,28.3,30.1,75.4,850.0
snake_plant,32.68,30.1,75.4,850.0
cactus,64.13,30.1,75.4,850.0
money_plant,28.8,30.1,75.1,734.17
snake_plant,33.05,30.1,75.1,734.17
cactus,64.1,30.1,75.1,734.17
money_plant,28.44,30.2,74.7,656.67
snake_plant,32.68,30.2,74.7,656.67
cactus,63.22,30.2,74.7,656.67
money_plant,28.33,30.2,75.5,762.5
snake_plant,33.18,30.2,75.5,762.5
cactus,64.16,30.2,75.5,762.5
money_plant,28.27,30.1,75.5,895.0
snake_plant,32.71,30.1,75.5,895.0
cactus,64.16,30.1,75.5,895.0
money_plant,28.15,30.0,75.6,1063.33
snake_plant,32.93,30.0,75.6,1063.33
cactus,64.13,30.0,75.6,1063.33
money_plant,28.41,29.9,75.6,1140.83
snake_plant,32.8,29.9,75.6,1140.83
cactus,64.16,29.9,75.6,1140.83
money_plant,28.41,29.9,76.0,1308.33
snake_plant,32.68,29.9,76.0,1308.33
cactus,64.1,29.9,76.0,1308.33
money_plant,28.33,30.0,75.8,1228.33
snake_plant,32.83,30.0,75.8,1228.33
cactus,64.22,30.0,75.8,1228.33
money_plant,28.3,30.1,75.7,2207.5
snake_plant,32.52,30.1,75.7,2207.5
cactus,64.07,30.1,75.7,2207.5
money_plant,27.53,30.2,75.0,3369.17
snake_plant,32.61,30.2,75.0,3369.17
cactus,64.43,30.2,75.0,3369.17
money_plant,28.5,30.2,76.3,2674.17
snake_plant,32.74,30.2,76.3,2674.17
cactus,64.07,30.2,76.3,2674.17
money_plant,28.12,30.3,75.3,964.17
snake_plant,32.8,30.3,75.3,964.17
cactus,64.1,30.3,75.3,964.17
money_plant,28.3,30.2,75.0,989.17
snake_plant,32.68,30.2,75.0,989.17
cactus,64.07,30.2,75.0,989.17
money_plant,26.99,30.1,75.4,1026.67
snake_plant,32.8,30.1,75.4,1026.67
cactus,64.13,30.1,75.4,1026.67
money_plant,28.09,30.2,75.7,1908.33
snake_plant,33.02,30.2,75.7,1908.33
cactus,64.34,30.2,75.7,1908.33
money_plant,28.3,30.4,74.8,1532.5
snake_plant,32.52,30.4,74.8,1532.5
cactus,64.01,30.4,74.8,1532.5
money_plant,28.33,30.6,74.3,1542.5
snake_plant,32.58,30.6,74.3,1542.5
cactus,64.1,30.6,74.3,1542.5
money_plant,28.41,30.8,73.7,1513.33
snake_plant,32.68,30.8,73.7,1513.33
cactus,64.19,30.8,73.7,1513.33
money_plant,28.47,31.0,72.4,1801.67
snake_plant,32.9,31.0,72.4,1801.67
cactus,64.19,31.0,72.4,1801.67
money_plant,29.07,30.9,72.7,1782.5
snake_plant,32.61,30.9,72.7,1782.5
cactus,64.07,30.9,72.7,1782.5
money_plant,28.21,30.9,73.3,1650.83
snake_plant,32.71,30.9,73.3,1650.83
cactus,64.1,30.9,73.3,1650.83
money_plant,28.3,31.0,73.2,1632.5
snake_plant,32.61,31.0,73.2,1632.5
cactus,63.98,31.0,73.2,1632.5
money_plant,28.21,31.4,72.9,1774.17
snake_plant,32.9,31.4,72.9,1774.17
cactus,64.16,31.4,72.9,1774.17
money_plant,28.12,31.9,71.6,1971.67
snake_plant,32.8,31.9,71.6,1971.67
cactus,64.1,31.9,71.6,1971.67
money_plant,28.21,32.2,70.1,1902.5
snake_plant,32.68,32.2,70.1,1902.5
cactus,64.07,32.2,70.1,1902.5
money_plant,28.15,32.5,69.5,2084.17
snake_plant,32.52,32.5,69.5,2084.17
cactus,64.19,32.5,69.5,2084.17
money_plant,27.76,32.5,68.7,1990.0
snake_plant,32.74,32.5,68.7,1990.0
cactus,64.34,32.5,68.7,1990.0
money_plant,28.39,32.5,69.3,1850.0
snake_plant,29.51,32.5,69.3,1850.0
cactus,64.25,32.5,69.3,1850.0
money_plant,28.41,32.6,68.8,3025.83
snake_plant,32.71,32.6,68.8,3025.83
cactus,64.22,32.6,68.8,3025.83
money_plant,28.27,32.8,68.1,3922.5
snake_plant,32.86,32.8,68.1,3922.5
cactus,64.34,32.8,68.1,3922.5
money_plant,28.24,32.9,69.0,5765.0
snake_plant,32.83,32.9,69.0,5765.0
cactus,64.46,32.9,69.0,5765.0
money_plant,28.41,32.9,68.7,1155.0
snake_plant,32.8,32.9,68.7,1155.0
cactus,64.25,32.9,68.7,1155.0
money_plant,28.12,32.6,69.0,1997.5
snake_plant,32.58,32.6,69.0,1997.5
cactus,64.46,32.6,69.0,1997.5
money_plant,28.15,32.8,69.3,14715.0
snake_plant,32.86,32.8,69.3,14715.0
cactus,64.49,32.8,69.3,14715.0
money_plant,28.39,33.1,68.0,5101.67
snake_plant,32.52,33.1,68.0,5101.67
cactus,64.52,33.1,68.0,5101.67
money_plant,28.44,32.9,68.1,2952.5
snake_plant,32.71,32.9,68.1,2952.5
cactus,60.24,32.9,68.1,2952.5
money_plant,28.12,33.2,68.0,16167.5
snake_plant,32.61,33.2,68.0,16167.5
cactus,64.52,33.2,68.0,16167.5
money_plant,28.44,33.4,67.8,16959.17
snake_plant,32.68,33.4,67.8,16959.17
cactus,64.52,33.4,67.8,16959.17
money_plant,28.15,33.7,66.7,15931.67
snake_plant,32.93,33.7,66.7,15931.67
cactus,64.52,33.7,66.7,15931.67
money_plant,28.33,34.0,65.7,17330.0
snake_plant,32.83,34.0,65.7,17330.0
cactus,64.34,34.0,65.7,17330.0
money_plant,28.27,34.0,65.0,17301.67
snake_plant,32.71,34.0,65.0,17301.67
cactus,64.55,34.0,65.0,17301.67
money_plant,29.16,33.8,65.7,17149.17
snake_plant,32.58,33.8,65.7,17149.17
cactus,64.64,33.8,65.7,17149.17
money_plant,28.39,34.1,65.7,17265.0
snake_plant,32.68,34.1,65.7,17265.0
cactus,64.58,34.1,65.7,17265.0
money_plant,28.47,34.3,65.1,13792.5
snake_plant,33.18,34.3,65.1,13792.5
cactus,64.73,34.3,65.1,13792.5
money_plant,28.39,34.1,65.2,4430.0
snake_plant,32.86,34.1,65.2,4430.0
cactus,64.7,34.1,65.2,4430.0
money_plant,27.94,34.0,65.7,17692.5
snake_plant,32.8,34.0,65.7,17692.5
cactus,64.86,34.0,65.7,17692.5
money_plant,28.41,33.9,65.3,1810.83
snake_plant,32.96,33.9,65.3,1810.83
cactus,64.83,33.9,65.3,1810.83
money_plant,28.39,33.5,66.6,1695.83
snake_plant,33.15,33.5,66.6,1695.83
cactus,65.04,33.5,66.6,1695.83
money_plant,28.39,33.4,66.6,2389.17
snake_plant,33.11,33.4,66.6,2389.17
cactus,65.01,33.4,66.6,2389.17
money_plant,28.41,33.3,66.9,3093.33
snake_plant,32.83,33.3,66.9,3093.33
cactus,65.04,33.3,66.9,3093.33
money_plant,28.89,33.3,67.3,2758.33
snake_plant,32.93,33.3,67.3,2758.33
cactus,65.01,33.3,67.3,2758.33
money_plant,28.53,33.4,66.9,2920.0
snake_plant,33.02,33.4,66.9,2920.0
cactus,64.49,33.4,66.9,2920.0
money_plant,28.5,33.3,66.7,3102.5
snake_plant,32.86,33.3,66.7,3102.5
cactus,65.07,33.3,66.7,3102.5
money_plant,28.5,33.0,67.7,1093.33
snake_plant,33.05,33.0,67.7,1093.33
cactus,65.07,33.0,67.7,1093.33
money_plant,28.71,32.7,67.9,718.33
snake_plant,32.99,32.7,67.9,718.33
cactus,65.01,32.7,67.9,718.33
money_plant,28.44,32.6,68.3,783.33
snake_plant,32.77,32.6,68.3,783.33
cactus,65.19,32.6,68.3,783.33
money_plant,28.47,32.5,68.8,928.33
snake_plant,32.68,32.5,68.8,928.33
cactus,65.1,32.5,68.8,928.33
money_plant,28.62,32.3,69.7,1296.67
snake_plant,32.83,32.3,69.7,1296.67
cactus,65.07,32.3,69.7,1296.67
money_plant,28.56,32.1,70.3,12025.0
snake_plant,32.9,32.1,70.3,12025.0
cactus,65.04,32.1,70.3,12025.0
money_plant,28.41,32.2,69.8,2042.5
snake_plant,32.86,32.2,69.8,2042.5
cactus,65.07,32.2,69.8,2042.5
money_plant,28.44,31.9,70.1,5496.67
snake_plant,32.86,31.9,70.1,5496.67
cactus,65.07,31.9,70.1,5496.67
money_plant,28.71,31.7,70.5,17995.83
snake_plant,32.8,31.7,70.5,17995.83
cactus,65.01,31.7,70.5,17995.83
money_plant,28.5,32.1,70.6,25853.33
snake_plant,34.12,32.1,70.6,25853.33
cactus,64.95,32.1,70.6,25853.33
money_plant,28.56,32.7,68.9,25891.67
snake_plant,32.8,32.7,68.9,25891.67
cactus,65.1,32.7,68.9,25891.67
money_plant,28.59,33.3,68.1,26998.33
snake_plant,32.77,33.3,68.1,26998.33
cactus,64.86,33.3,68.1,26998.33
money_plant,28.41,33.5,66.3,6254.17
snake_plant,32.52,33.5,66.3,6254.17
cactus,64.83,33.5,66.3,6254.17
money_plant,28.39,33.2,67.1,1427.5
snake_plant,32.9,33.2,67.1,1427.5
cactus,64.95,33.2,67.1,1427.5
money_plant,28.47,32.9,67.7,815.83
snake_plant,32.86,32.9,67.7,815.83
cactus,64.98,32.9,67.7,815.83
money_plant,28.56,32.9,67.9,600.83
snake_plant,32.68,32.9,67.9,600.83
cactus,64.98,32.9,67.9,600.83
money_plant,28.53,32.7,68.6,450.0
snake_plant,32.52,32.7,68.6,450.0
cactus,64.95,32.7,68.6,450.0
money_plant,28.68,32.4,69.3,386.67
snake_plant,32.68,32.4,69.3,386.67
cactus,64.95,32.4,69.3,386.67
money_plant,28.89,32.1,69.9,372.5
snake_plant,32.64,32.1,69.9,372.5
cactus,65.07,32.1,69.9,372.5
money_plant,28.56,32.1,69.9,442.5
snake_plant,32.83,32.1,69.9,442.5
cactus,65.04,32.1,69.9,442.5
money_plant,28.62,32.0,71.0,556.67
snake_plant,32.55,32.0,71.0,556.67
cactus,65.04,32.0,71.0,556.67
money_plant,28.89,31.9,72.0,744.17
snake_plant,32.61,31.9,72.0,744.17
cactus,65.01,31.9,72.0,744.17
money_plant,28.5,31.9,71.4,902.5
snake_plant,32.46,31.9,71.4,902.5
cactus,64.86,31.9,71.4,902.5
money_plant,28.56,31.9,70.5,2957.5
snake_plant,32.61,31.9,70.5,2957.5
cactus,64.95,31.9,70.5,2957.5
money_plant,28.68,32.1,70.0,4905.83
snake_plant,32.55,32.1,70.0,4905.83
cactus,65.04,32.1,70.0,4905.83
money_plant,28.53,32.3,69.7,4216.67
snake_plant,32.55,32.3,69.7,4216.67
cactus,65.01,32.3,69.7,4216.67
money_plant,28.5,32.4,69.0,3275.0
snake_plant,32.58,32.4,69.0,3275.0
cactus,64.98,32.4,69.0,3275.0
money_plant,28.56,32.6,69.2,6620.0
snake_plant,32.52,32.6,69.2,6620.0
cactus,65.01,32.6,69.2,6620.0
money_plant,28.59,33.0,68.8,24448.33
snake_plant,32.52,33.0,68.8,24448.33
cactus,64.95,33.0,68.8,24448.33
money_plant,28.56,33.4,67.4,34226.66
snake_plant,32.74,33.4,67.4,34226.66
cactus,65.01,33.4,67.4,34226.66
money_plant,28.71,33.7,66.6,34677.5
snake_plant,32.83,33.7,66.6,34677.5
cactus,64.92,33.7,66.6,34677.5
money_plant,28.8,33.9,65.9,34625.83
snake_plant,33.18,33.9,65.9,34625.83
cactus,65.31,33.9,65.9,34625.83
money_plant,28.74,34.1,65.2,32990.83
snake_plant,32.61,34.1,65.2,32990.83
cactus,65.22,34.1,65.2,32990.83
money_plant,28.8,34.2,64.8,19650.83
snake_plant,32.93,34.2,64.8,19650.83
cactus,65.22,34.2,64.8,19650.83
money_plant,28.74,34.2,64.6,2738.33
snake_plant,32.9,34.2,64.6,2738.33
cactus,65.43,34.2,64.6,2738.33
money_plant,28.92,34.3,64.5,2466.67
snake_plant,32.96,34.3,64.5,2466.67
cactus,65.4,34.3,64.5,2466.67
money_plant,28.8,34.2,64.5,2392.5
snake_plant,32.58,34.2,64.5,2392.5
cactus,65.52,34.2,64.5,2392.5
money_plant,28.89,34.1,64.7,2682.5
snake_plant,32.68,34.1,64.7,2682.5
cactus,65.71,34.1,64.7,2682.5
money_plant,28.71,34.0,64.4,1609.17
snake_plant,32.71,34.0,64.4,1609.17
cactus,67.41,34.0,64.4,1609.17
money_plant,28.95,33.8,64.7,825.0
snake_plant,32.68,33.8,64.7,825.0
cactus,65.61,33.8,64.7,825.0
money_plant,28.8,33.6,65.5,681.67
snake_plant,32.68,33.6,65.5,681.67
cactus,65.52,33.6,65.5,681.67
money_plant,28.74,33.3,66.3,631.67
snake_plant,32.55,33.3,66.3,631.67
cactus,65.58,33.3,66.3,631.67
money_plant,28.8,33.2,66.6,668.33
snake_plant,32.86,33.2,66.6,668.33
cactus,65.58,33.2,66.6,668.33
money_plant,28.74,33.1,67.2,613.33
snake_plant,32.52,33.1,67.2,613.33
cactus,65.55,33.1,67.2,613.33
money_plant,28.8,33.0,67.0,556.67
snake_plant,32.05,33.0,67.0,556.67
cactus,65.52,33.0,67.0,556.67
money_plant,28.89,32.9,67.6,535.83
snake_plant,32.52,32.9,67.6,535.83
cactus,65.52,32.9,67.6,535.83
money_plant,28.95,32.8,67.3,552.5
snake_plant,32.58,32.8,67.3,552.5
cactus,65.55,32.8,67.3,552.5
money_plant,28.89,32.8,67.4,733.33
snake_plant,32.08,32.8,67.4,733.33
cactus,65.43,32.8,67.4,733.33
money_plant,28.89,32.8,67.8,1315.0
snake_plant,32.18,32.8,67.8,1315.0
cactus,65.49,32.8,67.8,1315.0
money_plant,29.16,32.9,67.5,1550.83
snake_plant,32.52,32.9,67.5,1550.83
cactus,65.37,32.9,67.5,1550.83
money_plant,28.89,33.1,67.2,1520.83
snake_plant,32.64,33.1,67.2,1520.83
cactus,63.92,33.1,67.2,1520.83
money_plant,28.92,33.2,66.8,1477.5
snake_plant,32.52,33.2,66.8,1477.5
cactus,65.31,33.2,66.8,1477.5
money_plant,29.84,33.2,66.4,1458.33
snake_plant,32.33,33.2,66.4,1458.33
cactus,65.43,33.2,66.4,1458.33
money_plant,28.39,33.3,66.3,1461.67
snake_plant,31.11,33.3,66.3,1461.67
cactus,65.25,33.3,66.3,1461.67
money_plant,29.21,33.4,66.3,1454.17
snake_plant,32.46,33.4,66.3,1454.17
cactus,65.25,33.4,66.3,1454.17
money_plant,28.86,33.5,66.0,1460.83
snake_plant,32.3,33.5,66.0,1460.83
cactus,65.46,33.5,66.0,1460.83
money_plant,28.71,33.5,66.0,1504.17
snake_plant,32.43,33.5,66.0,1504.17
cactus,65.34,33.5,66.0,1504.17
money_plant,29.21,33.6,65.7,1399.17
snake_plant,32.61,33.6,65.7,1399.17
cactus,65.31,33.6,65.7,1399.17
money_plant,29.19,33.6,65.8,1489.17
snake_plant,32.3,33.6,65.8,1489.17
cactus,65.25,33.6,65.8,1489.17
money_plant,28.89,33.6,65.6,1297.5
snake_plant,32.05,33.6,65.6,1297.5
cactus,65.25,33.6,65.6,1297.5
money_plant,29.1,33.6,65.6,1235.83
snake_plant,32.52,33.6,65.6,1235.83
cactus,65.34,33.6,65.6,1235.83
money_plant,29.01,33.6,65.8,985.0
snake_plant,32.52,33.6,65.8,985.0
cactus,65.46,33.6,65.8,985.0
money_plant,29.27,33.4,66.1,831.67
snake_plant,32.3,33.4,66.1,831.67
cactus,65.46,33.4,66.1,831.67
money_plant,29.04,33.3,66.4,717.5
snake_plant,32.27,33.3,66.4,717.5
cactus,65.52,33.3,66.4,717.5
money_plant,28.92,33.2,66.5,645.0
snake_plant,32.49,33.2,66.5,645.0
cactus,65.37,33.2,66.5,645.0
money_plant,29.04,33.0,67.0,456.67
snake_plant,33.11,33.0,67.0,456.67
cactus,65.37,33.0,67.0,456.67
money_plant,28.27,32.8,67.2,510.0
snake_plant,32.49,32.8,67.2,510.0
cactus,65.25,32.8,67.2,510.0
money_plant,29.04,32.7,66.7,528.33
snake_plant,31.58,32.7,66.7,528.33
cactus,65.22,32.7,66.7,528.33
money_plant,29.04,32.6,66.7,379.17
snake_plant,31.67,32.6,66.7,379.17
cactus,65.19,32.6,66.7,379.17
money_plant,29.04,32.5,67.4,290.0
snake_plant,32.18,32.5,67.4,290.0
cactus,65.13,32.5,67.4,290.0
money_plant,29.01,32.4,67.3,252.5
snake_plant,32.3,32.4,67.3,252.5
cactus,65.07,32.4,67.3,252.5
money_plant,28.98,32.4,67.9,252.5
snake_plant,32.33,32.4,67.9,252.5
cactus,65.07,32.4,67.9,252.5
money_plant,29.21,32.3,67.6,261.67
snake_plant,32.08,32.3,67.6,261.67
cactus,65.16,32.3,67.6,261.67
money_plant,29.04,32.2,67.9,246.67
snake_plant,32.24,32.2,67.9,246.67
cactus,65.04,32.2,67.9,246.67
money_plant,28.83,32.2,68.1,255.83
snake_plant,32.11,32.2,68.1,255.83
cactus,65.04,32.2,68.1,255.83
money_plant,29.3,32.2,67.3,288.33
snake_plant,31.64,32.2,67.3,288.33
cactus,65.1,32.2,67.3,288.33
money_plant,29.04,32.1,67.7,357.5
snake_plant,32.05,32.1,67.7,357.5
cactus,64.83,32.1,67.7,357.5
money_plant,28.89,32.1,67.9,413.33
snake_plant,31.71,32.1,67.9,413.33
cactus,64.83,32.1,67.9,413.33
money_plant,29.07,32.1,68.2,425.0
snake_plant,32.05,32.1,68.2,425.0
cactus,64.95,32.1,68.2,425.0
money_plant,29.3,32.1,67.3,460.83
snake_plant,31.71,32.1,67.3,460.83
cactus,64.95,32.1,67.3,460.83
money_plant,29.27,32.0,68.4,474.17
snake_plant,32.05,32.0,68.4,474.17
cactus,64.86,32.0,68.4,474.17
money_plant,28.89,32.0,66.8,585.0
snake_plant,30.67,32.0,66.8,585.0
cactus,64.7,32.0,66.8,585.0
money_plant,29.24,32.1,67.8,537.5
snake_plant,31.67,32.1,67.8,537.5
cactus,64.7,32.1,67.8,537.5
money_plant,29.07,32.1,67.9,529.17
snake_plant,31.67,32.1,67.9,529.17
cactus,64.61,32.1,67.9,529.17
money_plant,29.42,32.2,67.8,620.83
snake_plant,31.49,32.2,67.8,620.83
cactus,64.67,32.2,67.8,620.83
money_plant,29.21,32.2,67.6,699.17
snake_plant,31.58,32.2,67.6,699.17
cactus,64.58,32.2,67.6,699.17
money_plant,29.07,32.3,67.4,1038.33
snake_plant,31.61,32.3,67.4,1038.33
cactus,64.7,32.3,67.4,1038.33
money_plant,29.27,32.4,67.3,1155.0
snake_plant,31.64,32.4,67.3,1155.0
cactus,64.55,32.4,67.3,1155.0
money_plant,29.21,32.5,66.5,1156.67
snake_plant,31.52,32.5,66.5,1156.67
cactus,64.58,32.5,66.5,1156.67
money_plant,29.42,32.5,66.5,1107.5
snake_plant,31.71,32.5,66.5,1107.5
cactus,64.55,32.5,66.5,1107.5
money_plant,29.16,32.6,65.9,1124.17
snake_plant,31.61,32.6,65.9,1124.17
cactus,64.58,32.6,65.9,1124.17
money_plant,29.07,32.6,66.6,1097.5
snake_plant,31.71,32.6,66.6,1097.5
cactus,64.55,32.6,66.6,1097.5
money_plant,29.16,32.6,66.4,1085.0
snake_plant,31.55,32.6,66.4,1085.0
cactus,64.55,32.6,66.4,1085.0
money_plant,29.16,32.7,66.0,1074.17
snake_plant,31.52,32.7,66.0,1074.17
cactus,64.55,32.7,66.0,1074.17
money_plant,29.27,32.8,66.2,1030.83
snake_plant,31.3,32.8,66.2,1030.83
cactus,65.07,32.8,66.2,1030.83
money_plant,29.04,32.8,65.9,1015.0
snake_plant,31.33,32.8,65.9,1015.0
cactus,64.61,32.8,65.9,1015.0
money_plant,28.95,32.8,66.1,1002.5
snake_plant,31.67,32.8,66.1,1002.5
cactus,64.49,32.8,66.1,1002.5
money_plant,28.95,32.8,66.0,976.67
snake_plant,31.61,32.8,66.0,976.67
cactus,65.86,32.8,66.0,976.67
money_plant,28.95,32.8,66.0,963.33
snake_plant,30.58,32.8,66.0,963.33
cactus,64.55,32.8,66.0,963.33
money_plant,29.3,32.9,66.0,972.5
snake_plant,31.24,32.9,66.0,972.5
cactus,64.55,32.9,66.0,972.5
money_plant,28.89,32.9,65.7,967.5
snake_plant,31.46,32.9,65.7,967.5
cactus,64.55,32.9,65.7,967.5
money_plant,29.16,32.9,65.7,914.17
snake_plant,31.17,32.9,65.7,914.17
cactus,64.49,32.9,65.7,914.17
money_plant,29.07,32.8,65.8,851.67
snake_plant,31.11,32.8,65.8,851.67
cactus,64.55,32.8,65.8,851.67
money_plant,29.1,32.8,65.8,850.83
snake_plant,31.33,32.8,65.8,850.83
cactus,64.52,32.8,65.8,850.83
money_plant,29.07,32.8,65.5,829.17
snake_plant,31.52,32.8,65.5,829.17
cactus,64.52,32.8,65.5,829.17
money_plant,29.07,32.7,65.4,715.0
snake_plant,31.46,32.7,65.4,715.0
cactus,64.52,32.7,65.4,715.0
money_plant,29.1,32.7,64.7,714.17
snake_plant,31.3,32.7,64.7,714.17
cactus,64.73,32.7,64.7,714.17
money_plant,28.18,32.6,65.6,700.83
snake_plant,31.17,32.6,65.6,700.83
cactus,64.28,32.6,65.6,700.83
money_plant,28.98,32.6,66.0,765.83
snake_plant,31.46,32.6,66.0,765.83
cactus,64.52,32.6,66.0,765.83
money_plant,28.95,32.6,65.6,984.17
snake_plant,30.3,32.6,65.6,984.17
cactus,64.34,32.6,65.6,984.17
money_plant,28.98,32.7,65.4,980.0
snake_plant,31.39,32.7,65.4,980.0
cactus,64.52,32.7,65.4,980.0
money_plant,29.16,32.8,65.5,974.17
snake_plant,31.11,32.8,65.5,974.17
cactus,64.4,32.8,65.5,974.17
money_plant,29.16,32.7,65.5,949.17
snake_plant,30.95,32.7,65.5,949.17
cactus,64.52,32.7,65.5,949.17
money_plant,29.19,32.8,65.6,948.33
snake_plant,31.33,32.8,65.6,948.33
cactus,64.4,32.8,65.6,948.33
money_plant,28.83,32.8,65.6,805.0
snake_plant,31.05,32.8,65.6,805.0
cactus,64.37,32.8,65.6,805.0
money_plant,29.3,32.7,65.1,642.5
snake_plant,30.99,32.7,65.1,642.5
cactus,64.28,32.7,65.1,642.5
money_plant,28.95,32.6,65.3,583.33
snake_plant,31.3,32.6,65.3,583.33
cactus,64.34,32.6,65.3,583.33
money_plant,29.07,32.6,65.7,545.83
snake_plant,31.3,32.6,65.7,545.83
cactus,64.34,32.6,65.7,545.83
money_plant,29.27,32.6,65.6,550.0
snake_plant,31.52,32.6,65.6,550.0
cactus,64.37,32.6,65.6,550.0
money_plant,28.95,32.6,65.8,516.67
snake_plant,30.83,32.6,65.8,516.67
cactus,64.1,32.6,65.8,516.67
money_plant,26.7,32.6,65.6,616.67
snake_plant,31.02,32.6,65.6,616.67
cactus,64.34,32.6,65.6,616.67
money_plant,29.16,32.6,65.5,748.33
snake_plant,30.92,32.6,65.5,748.33
cactus,64.34,32.6,65.5,748.33
money_plant,29.07,32.6,65.5,787.5
snake_plant,31.17,32.6,65.5,787.5
cactus,64.34,32.6,65.5,787.5
money_plant,29.16,32.7,65.5,927.5
snake_plant,30.8,32.7,65.5,927.5
cactus,64.37,32.7,65.5,927.5
money_plant,29.3,32.8,65.6,983.33
snake_plant,31.14,32.8,65.6,983.33
cactus,64.25,32.8,65.6,983.33
money_plant,29.21,32.8,65.6,1000.83
snake_plant,31.02,32.8,65.6,1000.83
cactus,64.28,32.8,65.6,1000.83
money_plant,29.16,32.8,65.4,845.83
snake_plant,30.92,32.8,65.4,845.83
cactus,64.19,32.8,65.4,845.83
money_plant,28.92,32.8,65.6,749.17
snake_plant,30.92,32.8,65.6,749.17
cactus,64.25,32.8,65.6,749.17
money_plant,28.98,32.8,65.6,605.0
snake_plant,31.02,32.8,65.6,605.0
cactus,64.16,32.8,65.6,605.0
money_plant,29.01,32.7,65.4,621.67
snake_plant,30.99,32.7,65.4,621.67
cactus,64.55,32.7,65.4,621.67
money_plant,29.07,32.7,65.7,620.83
snake_plant,31.11,32.7,65.7,620.83
cactus,64.1,32.7,65.7,620.83
money_plant,28.89,32.6,65.6,650.0
snake_plant,30.95,32.6,65.6,650.0
cactus,64.07,32.6,65.6,650.0
money_plant,29.36,32.7,65.7,690.0
snake_plant,30.99,32.7,65.7,690.0
cactus,64.22,32.7,65.7,690.0
money_plant,28.95,32.8,65.7,700.0
snake_plant,30.95,32.8,65.7,700.0
cactus,64.25,32.8,65.7,700.0
money_plant,28.89,32.8,66.2,755.83
snake_plant,30.7,32.8,66.2,755.83
cactus,64.22,32.8,66.2,755.83
money_plant,26.84,32.9,65.9,729.17
snake_plant,30.95,32.9,65.9,729.17
cactus,64.1,32.9,65.9,729.17
money_plant,28.89,32.8,66.0,775.0
snake_plant,30.7,32.8,66.0,775.0
cactus,64.07,32.8,66.0,775.0
money_plant,28.95,32.9,65.2,947.5
snake_plant,30.99,32.9,65.2,947.5
cactus,64.07,32.9,65.2,947.5
money_plant,28.86,32.9,64.5,1004.17
snake_plant,30.64,32.9,64.5,1004.17
cactus,64.1,32.9,64.5,1004.17
money_plant,29.04,33.0,65.0,1002.5
snake_plant,30.92,33.0,65.0,1002.5
cactus,64.1,33.0,65.0,1002.5
money_plant,28.92,33.1,65.0,937.5
snake_plant,30.64,33.1,65.0,937.5
cactus,64.07,33.1,65.0,937.5
money_plant,29.16,33.1,64.8,735.0
snake_plant,30.55,33.1,64.8,735.0
cactus,64.07,33.1,64.8,735.0
money_plant,28.92,33.0,63.9,707.5
snake_plant,30.61,33.0,63.9,707.5
cactus,64.1,33.0,63.9,707.5
money_plant,29.3,33.1,64.2,805.83
snake_plant,30.42,33.1,64.2,805.83
cactus,64.16,33.1,64.2,805.83
money_plant,28.89,33.1,63.4,830.83
snake_plant,30.61,33.1,63.4,830.83
cactus,64.07,33.1,63.4,830.83
money_plant,29.07,33.2,63.8,836.67
snake_plant,30.67,33.2,63.8,836.67
cactus,64.16,33.2,63.8,836.67
money_plant,29.21,33.3,64.1,797.5
snake_plant,30.52,33.3,64.1,797.5
cactus,64.37,33.3,64.1,797.5
money_plant,28.86,33.2,64.0,830.0
snake_plant,29.48,33.2,64.0,830.0
cactus,64.07,33.2,64.0,830.0
money_plant,28.89,33.2,64.5,724.17
snake_plant,30.61,33.2,64.5,724.17
cactus,64.07,33.2,64.5,724.17
money_plant,29.07,33.2,64.6,590.0
snake_plant,30.8,33.2,64.6,590.0
cactus,64.22,33.2,64.6,590.0
money_plant,29.16,33.2,64.3,525.83
snake_plant,30.36,33.2,64.3,525.83
cactus,64.1,33.2,64.3,525.83
money_plant,29.04,33.1,64.5,452.5
snake_plant,30.64,33.1,64.5,452.5
cactus,64.13,33.1,64.5,452.5
money_plant,28.92,33.1,64.5,415.0
snake_plant,30.52,33.1,64.5,415.0
cactus,64.16,33.1,64.5,415.0
money_plant,29.16,33.0,64.8,427.5
snake_plant,30.58,33.0,64.8,427.5
cactus,64.16,33.0,64.8,427.5
money_plant,29.01,33.0,64.8,459.17
snake_plant,30.42,33.0,64.8,459.17
cactus,64.07,33.0,64.8,459.17
money_plant,28.89,33.1,64.9,610.0
snake_plant,30.45,33.1,64.9,610.0
cactus,64.64,33.1,64.9,610.0
money_plant,28.92,33.1,64.7,703.33
snake_plant,30.33,33.1,64.7,703.33
cactus,64.07,33.1,64.7,703.33
money_plant,29.1,33.3,64.3,805.83
snake_plant,30.86,33.3,64.3,805.83
cactus,64.16,33.3,64.3,805.83
money_plant,28.92,33.4,63.9,832.5
snake_plant,30.33,33.4,63.9,832.5
cactus,64.16,33.4,63.9,832.5
money_plant,26.64,33.5,63.9,851.67
snake_plant,30.52,33.5,63.9,851.67
cactus,64.07,33.5,63.9,851.67
money_plant,34.61,33.6,63.6,810.83
snake_plant,30.27,33.6,63.6,810.83
cactus,64.1,33.6,63.6,810.83
money_plant,28.8,33.5,63.3,797.5
snake_plant,30.39,33.5,63.3,797.5
cactus,64.1,33.5,63.3,797.5
money_plant,28.86,33.6,63.4,711.67
snake_plant,30.02,33.6,63.4,711.67
cactus,64.07,33.6,63.4,711.67
money_plant,28.71,33.6,63.5,690.83
snake_plant,30.17,33.6,63.5,690.83
cactus,63.98,33.6,63.5,690.83
money_plant,28.98,33.6,63.2,705.0
snake_plant,30.42,33.6,63.2,705.0
cactus,64.01,33.6,63.2,705.0
money_plant,28.86,33.6,63.4,757.5
snake_plant,30.2,33.6,63.4,757.5
cactus,64.04,33.6,63.4,757.5
money_plant,28.95,33.7,63.2,848.33
snake_plant,30.3,33.7,63.2,848.33
cactus,64.16,33.7,63.2,848.33
money_plant,28.83,33.7,63.0,880.83
snake_plant,30.2,33.7,63.0,880.83
cactus,64.1,33.7,63.0,880.83
money_plant,29.04,33.7,63.1,834.17
snake_plant,30.45,33.7,63.1,834.17
cactus,64.16,33.7,63.1,834.17
money_plant,28.89,33.7,62.2,788.33
snake_plant,30.17,33.7,62.2,788.33
cactus,64.1,33.7,62.2,788.33
money_plant,28.83,33.7,62.8,735.0
snake_plant,30.42,33.7,62.8,735.0
cactus,64.13,33.7,62.8,735.0
money_plant,28.95,33.7,63.0,780.0
snake_plant,30.11,33.7,63.0,780.0
cactus,64.19,33.7,63.0,780.0
money_plant,28.89,33.8,63.0,800.83
snake_plant,30.27,33.8,63.0,800.83
cactus,64.22,33.8,63.0,800.83
money_plant,30.84,33.8,62.6,830.0
snake_plant,30.02,33.8,62.6,830.0
cactus,64.07,33.8,62.6,830.0
money_plant,28.89,33.9,62.7,835.0
snake_plant,30.2,33.9,62.7,835.0
cactus,64.58,33.9,62.7,835.0
money_plant,28.59,33.8,62.6,844.17
snake_plant,29.95,33.8,62.6,844.17
cactus,64.25,33.8,62.6,844.17
money_plant,28.8,33.7,63.1,860.83
snake_plant,30.14,33.7,63.1,860.83
cactus,64.19,33.7,63.1,860.83
money_plant,28.89,33.7,62.3,882.5
snake_plant,27.51,33.7,62.3,882.5
cactus,64.22,33.7,62.3,882.5
money_plant,28.95,33.6,63.3,889.17
snake_plant,30.11,33.6,63.3,889.17
cactus,64.34,33.6,63.3,889.17
money_plant,28.83,33.6,63.4,720.83
snake_plant,29.95,33.6,63.4,720.83
cactus,64.25,33.6,63.4,720.83
money_plant,28.41,33.5,63.6,645.0
snake_plant,30.05,33.5,63.6,645.0
cactus,64.16,33.5,63.6,645.0
money_plant,28.8,33.4,63.5,670.0
snake_plant,30.11,33.4,63.5,670.0
cactus,64.1,33.4,63.5,670.0
money_plant,28.89,33.4,63.7,682.5
snake_plant,30.17,33.4,63.7,682.5
cactus,64.1,33.4,63.7,682.5
money_plant,28.8,33.3,63.7,655.83
snake_plant,30.11,33.3,63.7,655.83
cactus,64.07,33.3,63.7,655.83
money_plant,28.89,33.3,63.8,610.0
snake_plant,30.02,33.3,63.8,610.0
cactus,64.1,33.3,63.8,610.0
money_plant,28.83,33.3,63.8,548.33
snake_plant,29.98,33.3,63.8,548.33
cactus,64.1,33.3,63.8,548.33
money_plant,28.89,33.3,63.2,496.67
snake_plant,30.33,33.3,63.2,496.67
cactus,64.04,33.3,63.2,496.67
money_plant,28.77,33.3,63.7,562.5
snake_plant,27.57,33.3,63.7,562.5
cactus,64.1,33.3,63.7,562.5
money_plant,28.83,33.4,63.6,553.33
snake_plant,29.92,33.4,63.6,553.33
cactus,63.98,33.4,63.6,553.33
money_plant,28.83,33.4,63.5,490.0
snake_plant,29.86,33.4,63.5,490.0
cactus,64.04,33.4,63.5,490.0
money_plant,28.98,33.4,63.2,529.17
snake_plant,29.8,33.4,63.2,529.17
cactus,64.04,33.4,63.2,529.17
money_plant,28.89,33.4,63.2,557.5
snake_plant,30.02,33.4,63.2,557.5
cactus,64.07,33.4,63.2,557.5
money_plant,28.95,33.4,63.4,535.0
snake_plant,30.05,33.4,63.4,535.0
cactus,63.98,33.4,63.4,535.0
money_plant,28.89,33.3,63.4,545.0
snake_plant,30.08,33.3,63.4,545.0
cactus,64.01,33.3,63.4,545.0
money_plant,29.39,33.3,62.7,569.17
snake_plant,30.49,33.3,62.7,569.17
cactus,64.07,33.3,62.7,569.17
money_plant,28.68,33.3,63.4,508.33
snake_plant,29.55,33.3,63.4,508.33
cactus,64.04,33.3,63.4,508.33
money_plant,28.83,33.3,63.4,505.83
snake_plant,29.8,33.3,63.4,505.83
cactus,64.07,33.3,63.4,505.83
money_plant,28.89,33.3,63.0,506.67
snake_plant,29.77,33.3,63.0,506.67
cactus,63.98,33.3,63.0,506.67
money_plant,28.86,33.4,62.9,560.0
snake_plant,29.92,33.4,62.9,560.0
cactus,64.07,33.4,62.9,560.0
money_plant,28.86,33.4,62.7,553.33
snake_plant,29.89,33.4,62.7,553.33
cactus,63.98,33.4,62.7,553.33
money_plant,28.74,33.5,62.7,530.83
snake_plant,29.67,33.5,62.7,530.83
cactus,63.88,33.5,62.7,530.83
money_plant,29.69,33.5,62.7,550.0
snake_plant,29.83,33.5,62.7,550.0
cactus,64.04,33.5,62.7,550.0
money_plant,28.56,33.6,62.3,592.5
snake_plant,29.55,33.6,62.3,592.5
cactus,63.98,33.6,62.3,592.5
money_plant,28.71,33.7,61.8,621.67
snake_plant,29.83,33.7,61.8,621.67
cactus,63.85,33.7,61.8,621.67
money_plant,28.83,33.8,62.0,649.17
snake_plant,29.48,33.8,62.0,649.17
cactus,63.88,33.8,62.0,649.17
money_plant,28.83,33.9,61.7,690.83
snake_plant,29.61,33.9,61.7,690.83
cactus,64.07,33.9,61.7,690.83
money_plant,28.8,33.9,61.5,600.83
snake_plant,29.55,33.9,61.5,600.83
cactus,63.95,33.9,61.5,600.83
money_plant,28.89,33.9,61.8,548.33
snake_plant,29.58,33.9,61.8,548.33
cactus,63.82,33.9,61.8,548.33
money_plant,28.83,33.8,61.5,596.67
snake_plant,29.61,33.8,61.5,596.67
cactus,64.04,33.8,61.5,596.67
money_plant,28.56,33.8,61.7,535.83
snake_plant,29.86,33.8,61.7,535.83
cactus,64.01,33.8,61.7,535.83
money_plant,28.92,33.8,61.8,626.67
snake_plant,29.67,33.8,61.8,626.67
cactus,63.98,33.8,61.8,626.67
money_plant,28.77,33.8,61.9,584.17
snake_plant,29.61,33.8,61.9,584.17
cactus,63.92,33.8,61.9,584.17
money_plant,28.5,33.7,61.6,633.33
snake_plant,29.64,33.7,61.6,633.33
cactus,63.92,33.7,61.6,633.33
money_plant,28.89,33.9,61.6,673.33
snake_plant,29.55,33.9,61.6,673.33
cactus,64.04,33.9,61.6,673.33
money_plant,28.89,33.9,61.7,630.83
snake_plant,29.55,33.9,61.7,630.83
cactus,63.92,33.9,61.7,630.83
money_plant,29.21,34.0,61.7,607.5
snake_plant,29.39,34.0,61.7,607.5
cactus,63.82,34.0,61.7,607.5
money_plant,28.89,34.0,61.5,607.5
snake_plant,29.51,34.0,61.5,607.5
cactus,63.88,34.0,61.5,607.5
money_plant,28.86,34.0,61.6,650.83
snake_plant,29.36,34.0,61.6,650.83
cactus,63.98,34.0,61.6,650.83
money_plant,28.59,34.1,61.5,684.17
snake_plant,29.08,34.1,61.5,684.17
cactus,63.85,34.1,61.5,684.17
money_plant,29.51,34.1,61.1,625.0
snake_plant,29.45,34.1,61.1,625.0
cactus,63.85,34.1,61.1,625.0
money_plant,28.53,34.0,61.2,625.0
snake_plant,29.3,34.0,61.2,625.0
cactus,65.34,34.0,61.2,625.0
money_plant,28.89,34.1,61.0,660.83
snake_plant,29.36,34.1,61.0,660.83
cactus,63.92,34.1,61.0,660.83
money_plant,28.89,34.2,61.2,688.33
snake_plant,29.39,34.2,61.2,688.33
cactus,63.85,34.2,61.2,688.33
money_plant,28.68,34.1,61.2,618.33
snake_plant,29.01,34.1,61.2,618.33
cactus,63.95,34.1,61.2,618.33
money_plant,28.74,34.1,61.4,584.17
snake_plant,29.2,34.1,61.4,584.17
cactus,63.85,34.1,61.4,584.17
money_plant,28.89,34.1,61.0,517.5
snake_plant,29.14,34.1,61.0,517.5
cactus,63.92,34.1,61.0,517.5
money_plant,28.68,34.0,61.5,544.17
snake_plant,29.08,34.0,61.5,544.17
cactus,64.01,34.0,61.5,544.17
money_plant,28.56,34.0,61.7,588.33
snake_plant,29.48,34.0,61.7,588.33
cactus,63.85,34.0,61.7,588.33
money_plant,28.68,34.1,61.3,574.17
snake_plant,29.51,34.1,61.3,574.17
cactus,63.92,34.1,61.3,574.17
money_plant,28.8,34.1,61.4,554.17
snake_plant,29.51,34.1,61.4,554.17
cactus,63.85,34.1,61.4,554.17
money_plant,28.8,34.1,61.2,548.33
snake_plant,29.3,34.1,61.2,548.33
cactus,63.92,34.1,61.2,548.33
money_plant,29.01,34.1,61.4,567.5
snake_plant,29.67,34.1,61.4,567.5
cactus,63.92,34.1,61.4,567.5
money_plant,28.68,34.2,61.1,538.33
snake_plant,29.51,34.2,61.1,538.33
cactus,63.88,34.2,61.1,538.33
money_plant,28.74,34.3,61.0,469.17
snake_plant,31.08,34.3,61.0,469.17
cactus,63.76,34.3,61.0,469.17
money_plant,28.86,34.2,60.2,388.33
snake_plant,29.17,34.2,60.2,388.33
cactus,63.79,34.2,60.2,388.33
money_plant,28.89,34.1,60.6,400.83
snake_plant,29.51,34.1,60.6,400.83
cactus,63.92,34.1,60.6,400.83
money_plant,28.83,34.1,61.1,422.5
snake_plant,29.39,34.1,61.1,422.5
cactus,63.92,34.1,61.1,422.5
money_plant,28.89,34.0,61.2,430.83
snake_plant,29.05,34.0,61.2,430.83
cactus,64.16,34.0,61.2,430.83
money_plant,28.74,34.0,61.2,439.17
snake_plant,29.01,34.0,61.2,439.17
cactus,63.76,34.0,61.2,439.17
money_plant,28.89,34.0,60.9,499.17
snake_plant,29.42,34.0,60.9,499.17
cactus,63.64,34.0,60.9,499.17
money_plant,28.77,34.0,61.3,516.67
snake_plant,28.92,34.0,61.3,516.67
cactus,63.67,34.0,61.3,516.67
money_plant,29.63,34.0,61.3,600.83
snake_plant,29.01,34.0,61.3,600.83
cactus,63.85,34.0,61.3,600.83
money_plant,28.71,34.0,61.1,573.33
snake_plant,29.05,34.0,61.1,573.33
cactus,63.98,34.0,61.1,573.33
money_plant,29.01,34.0,61.1,583.33
snake_plant,29.11,34.0,61.1,583.33
cactus,63.67,34.0,61.1,583.33
money_plant,28.83,33.9,61.4,584.17
snake_plant,30.52,33.9,61.4,584.17
cactus,63.85,33.9,61.4,584.17
money_plant,28.59,33.9,61.4,589.17
snake_plant,28.58,33.9,61.4,589.17
cactus,63.67,33.9,61.4,589.17
money_plant,28.09,33.9,61.3,574.17
snake_plant,29.08,33.9,61.3,574.17
cactus,63.88,33.9,61.3,574.17
money_plant,28.5,33.8,61.5,528.33
snake_plant,28.92,33.8,61.5,528.33
cactus,63.58,33.8,61.5,528.33
money_plant,28.5,33.8,60.8,516.67
snake_plant,29.05,33.8,60.8,516.67
cactus,63.92,33.8,60.8,516.67
money_plant,28.92,33.8,61.3,540.0
snake_plant,29.08,33.8,61.3,540.0
cactus,63.88,33.8,61.3,540.0
money_plant,28.74,33.7,61.8,510.83
snake_plant,28.67,33.7,61.8,510.83
cactus,63.76,33.7,61.8,510.83
money_plant,28.89,33.8,61.8,513.33
snake_plant,28.73,33.8,61.8,513.33
cactus,63.58,33.8,61.8,513.33
money_plant,28.62,33.8,61.6,527.5
snake_plant,28.67,33.8,61.6,527.5
cactus,63.73,33.8,61.6,527.5
money_plant,28.44,33.7,61.9,495.83
snake_plant,28.95,33.7,61.9,495.83
cactus,63.7,33.7,61.9,495.83
money_plant,28.39,33.8,61.5,557.5
snake_plant,28.79,33.8,61.5,557.5
cactus,63.76,33.8,61.5,557.5
money_plant,28.59,33.8,61.5,569.17
snake_plant,28.79,33.8,61.5,569.17
cactus,63.85,33.8,61.5,569.17
money_plant,28.86,33.9,61.2,555.0
snake_plant,28.86,33.9,61.2,555.0
cactus,63.64,33.9,61.2,555.0
money_plant,28.44,33.9,61.2,569.17
snake_plant,28.79,33.9,61.2,569.17
cactus,63.64,33.9,61.2,569.17
money_plant,28.39,33.9,61.4,637.5
snake_plant,28.29,33.9,61.4,637.5
cactus,63.73,33.9,61.4,637.5
money_plant,28.74,33.9,61.2,605.0
snake_plant,28.54,33.9,61.2,605.0
cactus,63.73,33.9,61.2,605.0
money_plant,28.8,33.9,61.2,595.83
snake_plant,28.79,33.9,61.2,595.83
cactus,63.85,33.9,61.2,595.83
money_plant,28.47,33.9,61.5,567.5
snake_plant,29.14,33.9,61.5,567.5
cactus,63.67,33.9,61.5,567.5
money_plant,28.8,33.8,61.4,565.0
snake_plant,28.54,33.8,61.4,565.0
cactus,63.73,33.8,61.4,565.0
money_plant,28.36,33.8,61.2,569.17
snake_plant,28.54,33.8,61.2,569.17
cactus,63.64,33.8,61.2,569.17
money_plant,28.44,33.8,61.6,495.83
snake_plant,28.51,33.8,61.6,495.83
cactus,63.58,33.8,61.6,495.83
money_plant,28.41,33.9,61.6,521.67
snake_plant,29.2,33.9,61.6,521.67
cactus,63.76,33.9,61.6,521.67
money_plant,28.5,34.0,61.4,525.83
snake_plant,28.67,34.0,61.4,525.83
cactus,63.79,34.0,61.4,525.83
money_plant,28.47,34.0,61.3,466.67
snake_plant,28.54,34.0,61.3,466.67
cactus,63.73,34.0,61.3,466.67
money_plant,28.27,34.0,61.5,505.0
snake_plant,28.51,34.0,61.5,505.0
cactus,63.73,34.0,61.5,505.0
money_plant,28.5,34.0,61.4,615.83
snake_plant,28.79,34.0,61.4,615.83
cactus,63.58,34.0,61.4,615.83
money_plant,28.53,34.1,61.3,667.5
snake_plant,28.42,34.1,61.3,667.5
cactus,63.95,34.1,61.3,667.5
money_plant,28.47,34.2,61.4,630.83
snake_plant,28.51,34.2,61.4,630.83
cactus,63.73,34.2,61.4,630.83
money_plant,28.41,34.2,60.9,609.17
snake_plant,28.51,34.2,60.9,609.17
cactus,63.76,34.2,60.9,609.17
money_plant,28.53,34.2,61.0,599.17
snake_plant,28.51,34.2,61.0,599.17
cactus,63.67,34.2,61.0,599.17
money_plant,28.92,34.3,60.9,570.0
snake_plant,28.61,34.3,60.9,570.0
cactus,63.67,34.3,60.9,570.0
money_plant,28.56,34.4,60.9,606.67
snake_plant,28.39,34.4,60.9,606.67
cactus,63.76,34.4,60.9,606.67
money_plant,28.62,34.4,60.7,610.0
snake_plant,28.67,34.4,60.7,610.0
cactus,63.79,34.4,60.7,610.0
money_plant,28.5,34.4,60.8,566.67
snake_plant,28.51,34.4,60.8,566.67
cactus,63.73,34.4,60.8,566.67
money_plant,28.62,34.3,60.9,559.17
snake_plant,28.58,34.3,60.9,559.17
cactus,63.67,34.3,60.9,559.17
money_plant,28.56,34.4,60.8,522.5
snake_plant,28.51,34.4,60.8,522.5
cactus,63.98,34.4,60.8,522.5
money_plant,28.56,34.4,60.7,493.33
snake_plant,28.51,34.4,60.7,493.33
cactus,63.67,34.4,60.7,493.33
money_plant,28.74,34.3,60.8,450.0
snake_plant,28.29,34.3,60.8,450.0
cactus,63.73,34.3,60.8,450.0
money_plant,28.8,34.4,60.7,415.83
snake_plant,28.51,34.4,60.7,415.83
cactus,63.73,34.4,60.7,415.83
money_plant,28.68,34.4,60.7,417.5
snake_plant,28.54,34.4,60.7,417.5
cactus,63.58,34.4,60.7,417.5
money_plant,28.59,34.4,60.6,415.0
snake_plant,28.29,34.4,60.6,415.0
cactus,63.76,34.4,60.6,415.0
money_plant,28.71,34.4,60.6,423.33
snake_plant,28.36,34.4,60.6,423.33
cactus,63.79,34.4,60.6,423.33
money_plant,28.71,34.4,60.4,441.67
snake_plant,28.42,34.4,60.4,441.67
cactus,63.73,34.4,60.4,441.67
money_plant,28.68,34.5,60.4,465.0
snake_plant,28.36,34.5,60.4,465.0
cactus,63.7,34.5,60.4,465.0
money_plant,28.56,34.4,60.5,494.17
snake_plant,28.42,34.4,60.5,494.17
cactus,63.98,34.4,60.5,494.17
money_plant,28.41,34.4,60.3,476.67
snake_plant,28.33,34.4,60.3,476.67
cactus,63.73,34.4,60.3,476.67
money_plant,28.74,34.4,60.6,438.33
snake_plant,27.95,34.4,60.6,438.33
cactus,63.76,34.4,60.6,438.33
money_plant,28.56,34.4,60.7,433.33
snake_plant,29.08,34.4,60.7,433.33
cactus,63.79,34.4,60.7,433.33
money_plant,28.44,34.4,60.6,411.67
snake_plant,28.08,34.4,60.6,411.67
cactus,63.67,34.4,60.6,411.67
money_plant,28.41,34.4,59.8,415.83
snake_plant,28.23,34.4,59.8,415.83
cactus,63.73,34.4,59.8,415.83
money_plant,28.59,34.3,60.5,410.0
snake_plant,28.7,34.3,60.5,410.0
cactus,63.73,34.3,60.5,410.0
money_plant,28.39,34.4,60.6,415.83
snake_plant,28.48,34.4,60.6,415.83
cactus,63.98,34.4,60.6,415.83
money_plant,28.74,34.4,60.6,382.5
snake_plant,28.29,34.4,60.6,382.5
cactus,63.73,34.4,60.6,382.5
money_plant,28.5,34.3,59.1,394.17
snake_plant,28.33,34.3,59.1,394.17
cactus,63.88,34.3,59.1,394.17
money_plant,28.56,34.4,59.0,391.67
snake_plant,28.04,34.4,59.0,391.67
cactus,63.64,34.4,59.0,391.67
money_plant,28.56,34.3,59.8,391.67
snake_plant,28.11,34.3,59.8,391.67
cactus,63.88,34.3,59.8,391.67
money_plant,28.44,34.4,59.7,403.33
snake_plant,28.01,34.4,59.7,403.33
cactus,63.73,34.4,59.7,403.33
money_plant,28.44,34.4,59.8,407.5
snake_plant,25.82,34.4,59.8,407.5
cactus,63.73,34.4,59.8,407.5
money_plant,28.41,34.4,59.5,375.0
snake_plant,28.08,34.4,59.5,375.0
cactus,64.16,34.4,59.5,375.0
money_plant,28.68,34.4,59.6,359.17
snake_plant,27.89,34.4,59.6,359.17
cactus,63.88,34.4,59.6,359.17
money_plant,28.59,34.3,60.1,355.83
snake_plant,28.14,34.3,60.1,355.83
cactus,63.82,34.3,60.1,355.83
money_plant,28.8,34.2,59.7,365.83
snake_plant,28.01,34.2,59.7,365.83
cactus,63.7,34.2,59.7,365.83
money_plant,28.44,34.2,60.3,376.67
snake_plant,27.98,34.2,60.3,376.67
cactus,63.73,34.2,60.3,376.67
money_plant,28.68,34.2,60.5,420.83
snake_plant,28.11,34.2,60.5,420.83
cactus,63.76,34.2,60.5,420.83
money_plant,28.62,34.2,60.7,469.17
snake_plant,27.92,34.2,60.7,469.17
cactus,63.7,34.2,60.7,469.17
money_plant,28.44,34.1,60.6,481.67
snake_plant,27.95,34.1,60.6,481.67
cactus,63.64,34.1,60.6,481.67
money_plant,28.53,34.1,60.7,475.0
snake_plant,27.89,34.1,60.7,475.0
cactus,63.13,34.1,60.7,475.0
money_plant,28.8,34.1,60.7,485.0
snake_plant,28.01,34.1,60.7,485.0
cactus,63.67,34.1,60.7,485.0
money_plant,28.56,34.0,61.3,491.67
snake_plant,27.67,34.0,61.3,491.67
cactus,63.73,34.0,61.3,491.67
money_plant,28.86,34.0,61.3,503.33
snake_plant,27.61,34.0,61.3,503.33
cactus,63.73,34.0,61.3,503.33
money_plant,28.56,34.0,61.1,528.33
snake_plant,27.61,34.0,61.1,528.33
cactus,63.79,34.0,61.1,528.33
money_plant,28.53,34.0,61.1,495.0
snake_plant,27.67,34.0,61.1,495.0
cactus,63.85,34.0,61.1,495.0
money_plant,28.8,34.0,60.5,442.5
snake_plant,27.92,34.0,60.5,442.5
cactus,64.07,34.0,60.5,442.5
money_plant,28.56,34.0,61.0,401.67
snake_plant,27.67,34.0,61.0,401.67
cactus,63.76,34.0,61.0,401.67
money_plant,28.62,33.9,61.1,386.67
snake_plant,27.79,33.9,61.1,386.67
cactus,63.82,33.9,61.1,386.67
money_plant,55.11,34.0,61.1,396.67
snake_plant,27.61,34.0,61.1,396.67
cactus,64.13,34.0,61.1,396.67
money_plant,75.85,34.0,61.3,407.5
snake_plant,27.54,34.0,61.3,407.5
cactus,63.58,34.0,61.3,407.5
money_plant,73.45,33.9,61.1,370.0
snake_plant,27.1,33.9,61.1,370.0
cactus,63.76,33.9,61.1,370.0
money_plant,72.5,33.9,61.3,340.83
snake_plant,27.36,33.9,61.3,340.83
cactus,63.79,33.9,61.3,340.83
money_plant,72.18,33.9,61.2,323.33
snake_plant,27.51,33.9,61.2,323.33
cactus,63.73,33.9,61.2,323.33
money_plant,72.18,33.9,61.3,326.67
snake_plant,26.98,33.9,61.3,326.67
cactus,63.92,33.9,61.3,326.67
money_plant,71.5,33.9,60.6,381.67
snake_plant,26.85,33.9,60.6,381.67
cactus,63.85,33.9,60.6,381.67
money_plant,70.99,34.0,60.7,394.17
snake_plant,27.17,34.0,60.7,394.17
cactus,63.85,34.0,60.7,394.17
money_plant,70.61,34.0,60.2,377.5
snake_plant,26.67,34.0,60.2,377.5
cactus,63.64,34.0,60.2,377.5
money_plant,70.61,34.0,60.1,398.33
snake_plant,26.92,34.0,60.1,398.33
cactus,64.04,34.0,60.1,398.33
money_plant,70.22,34.0,59.2,441.67
snake_plant,27.01,34.0,59.2,441.67
cactus,63.79,34.0,59.2,441.67
money_plant,70.01,34.1,59.8,410.83
snake_plant,26.67,34.1,59.8,410.83
cactus,63.88,34.1,59.8,410.83
money_plant,69.69,34.1,59.9,391.67
snake_plant,26.92,34.1,59.9,391.67
cactus,63.92,34.1,59.9,391.67
money_plant,69.48,34.1,59.8,405.83
snake_plant,26.6,34.1,59.8,405.83
cactus,63.88,34.1,59.8,405.83
money_plant,69.3,34.1,60.3,382.5
snake_plant,26.82,34.1,60.3,382.5
cactus,63.88,34.1,60.3,382.5
money_plant,73.45,34.1,60.5,410.0
snake_plant,26.57,34.1,60.5,410.0
cactus,63.85,34.1,60.5,410.0
money_plant,68.71,34.0,60.4,410.0
snake_plant,26.48,34.0,60.4,410.0
cactus,63.98,34.0,60.4,410.0
money_plant,68.59,34.0,60.4,455.83
snake_plant,27.61,34.0,60.4,455.83
cactus,63.73,34.0,60.4,455.83
money_plant,68.15,34.0,60.1,510.83
snake_plant,26.54,34.0,60.1,510.83
cactus,61.67,34.0,60.1,510.83
money_plant,68.12,34.0,60.3,478.33
snake_plant,26.51,34.0,60.3,478.33
cactus,63.76,34.0,60.3,478.33
money_plant,67.76,34.0,60.4,484.17
snake_plant,26.51,34.0,60.4,484.17
cactus,63.67,34.0,60.4,484.17
money_plant,67.67,34.0,60.4,440.0
snake_plant,26.54,34.0,60.4,440.0
cactus,63.58,34.0,60.4,440.0
money_plant,67.44,33.9,60.5,428.33
snake_plant,26.51,33.9,60.5,428.33
cactus,63.73,33.9,60.5,428.33
money_plant,67.38,33.9,60.8,396.67
snake_plant,26.48,33.9,60.8,396.67
cactus,63.98,33.9,60.8,396.67
money_plant,66.93,33.9,60.4,386.67
snake_plant,26.67,33.9,60.4,386.67
cactus,64.37,33.9,60.4,386.67
money_plant,66.81,33.9,60.1,382.5
snake_plant,26.82,33.9,60.1,382.5
cactus,63.61,33.9,60.1,382.5
money_plant,66.9,33.8,61.3,399.17
snake_plant,26.57,33.8,61.3,399.17
cactus,63.64,33.8,61.3,399.17
money_plant,66.67,33.8,60.8,438.33
snake_plant,23.85,33.8,60.8,438.33
cactus,63.73,33.8,60.8,438.33
money_plant,66.52,33.9,60.8,402.5
snake_plant,26.79,33.9,60.8,402.5
cactus,63.58,33.9,60.8,402.5
money_plant,66.28,33.8,61.0,400.0
snake_plant,26.54,33.8,61.0,400.0
cactus,63.4,33.8,61.0,400.0
money_plant,65.87,33.8,61.2,399.17
snake_plant,26.54,33.8,61.2,399.17
cactus,63.73,33.8,61.2,399.17
money_plant,65.9,33.8,60.8,386.67
snake_plant,26.48,33.8,60.8,386.67
cactus,63.73,33.8,60.8,386.67
money_plant,65.66,33.9,60.8,412.5
snake_plant,26.29,33.9,60.8,412.5
cactus,63.64,33.9,60.8,412.5
money_plant,65.72,33.9,60.7,360.0
snake_plant,26.42,33.9,60.7,360.0
cactus,63.67,33.9,60.7,360.0
money_plant,65.21,33.9,60.8,340.83
snake_plant,26.29,33.9,60.8,340.83
cactus,63.61,33.9,60.8,340.83
money_plant,65.13,34.0,60.8,304.17
snake_plant,26.45,34.0,60.8,304.17
cactus,63.61,34.0,60.8,304.17
money_plant,65.33,33.9,61.0,289.17
snake_plant,26.17,33.9,61.0,289.17
cactus,63.58,33.9,61.0,289.17
money_plant,64.71,33.9,60.8,315.83
snake_plant,26.35,33.9,60.8,315.83
cactus,63.61,33.9,60.8,315.83
money_plant,64.77,33.9,60.9,314.17
snake_plant,26.17,33.9,60.9,314.17
cactus,63.58,33.9,60.9,314.17
money_plant,64.74,33.9,61.0,303.33
snake_plant,26.23,33.9,61.0,303.33
cactus,63.55,33.9,61.0,303.33
money_plant,64.15,33.9,60.4,261.67
snake_plant,21.69,33.9,60.4,261.67
cactus,63.58,33.9,60.4,261.67
money_plant,63.97,33.8,61.1,278.33
snake_plant,30.39,33.8,61.1,278.33
cactus,63.55,33.8,61.1,278.33
money_plant,63.85,33.8,61.1,290.83
snake_plant,26.29,33.8,61.1,290.83
cactus,63.49,33.8,61.1,290.83
money_plant,63.47,33.7,60.5,310.83
snake_plant,26.45,33.7,60.5,310.83
cactus,63.49,33.7,60.5,310.83
money_plant,63.29,33.7,61.0,323.33
snake_plant,26.04,33.7,61.0,323.33
cactus,63.4,33.7,61.0,323.33
money_plant,63.41,33.7,60.8,327.5
snake_plant,26.51,33.7,60.8,327.5
cactus,63.55,33.7,60.8,327.5
money_plant,63.44,33.7,61.1,376.67
snake_plant,26.07,33.7,61.1,376.67
cactus,63.55,33.7,61.1,376.67
money_plant,62.99,33.8,60.8,385.83
snake_plant,25.7,33.8,60.8,385.83
cactus,62.94,33.8,60.8,385.83
money_plant,62.52,33.8,59.7,387.5
snake_plant,26.51,33.8,59.7,387.5
cactus,63.19,33.8,59.7,387.5
money_plant,62.76,33.9,59.4,399.17
snake_plant,25.79,33.9,59.4,399.17
cactus,63.0,33.9,59.4,399.17
money_plant,62.16,33.9,59.8,388.33
snake_plant,26.51,33.9,59.8,388.33
cactus,63.58,33.9,59.8,388.33
money_plant,62.34,33.9,59.4,354.17
snake_plant,26.29,33.9,59.4,354.17
cactus,64.04,33.9,59.4,354.17
money_plant,61.87,33.9,60.1,325.0
snake_plant,23.94,33.9,60.1,325.0
cactus,63.28,33.9,60.1,325.0
money_plant,61.72,33.9,60.1,312.5
snake_plant,26.13,33.9,60.1,312.5
cactus,63.31,33.9,60.1,312.5
money_plant,61.63,33.9,60.2,294.17
snake_plant,29.39,33.9,60.2,294.17
cactus,63.46,33.9,60.2,294.17
money_plant,61.54,33.9,60.1,296.67
snake_plant,26.07,33.9,60.1,296.67
cactus,63.52,33.9,60.1,296.67
money_plant,61.3,33.8,60.3,298.33
snake_plant,26.01,33.8,60.3,298.33
cactus,63.28,33.8,60.3,298.33
money_plant,60.71,33.8,59.5,269.17
snake_plant,25.51,33.8,59.5,269.17
cactus,63.19,33.8,59.5,269.17
money_plant,61.24,33.8,60.0,274.17
snake_plant,26.01,33.8,60.0,274.17
cactus,63.43,33.8,60.0,274.17
money_plant,61.04,33.8,60.0,260.0
snake_plant,25.88,33.8,60.0,260.0
cactus,63.43,33.8,60.0,260.0
money_plant,60.98,33.9,60.1,243.33
snake_plant,26.13,33.9,60.1,243.33
cactus,63.4,33.9,60.1,243.33
money_plant,63.14,33.8,60.2,252.5
snake_plant,25.82,33.8,60.2,252.5
cactus,63.4,33.8,60.2,252.5
money_plant,60.33,33.9,59.7,251.67
snake_plant,25.63,33.9,59.7,251.67
cactus,63.37,33.9,59.7,251.67
money_plant,60.18,33.9,60.0,259.17
snake_plant,25.76,33.9,60.0,259.17
cactus,63.31,33.9,60.0,259.17
money_plant,60.0,33.9,59.5,264.17
snake_plant,25.2,33.9,59.5,264.17
cactus,63.28,33.9,59.5,264.17
money_plant,59.76,33.9,59.1,272.5
snake_plant,25.23,33.9,59.1,272.5
cactus,63.49,33.9,59.1,272.5
money_plant,59.44,33.9,59.7,260.83
snake_plant,25.67,33.9,59.7,260.83
cactus,63.25,33.9,59.7,260.83
money_plant,59.23,33.9,60.1,229.17
snake_plant,25.6,33.9,60.1,229.17
cactus,63.37,33.9,60.1,229.17
money_plant,59.17,33.9,60.2,255.0
snake_plant,25.51,33.9,60.2,255.0
cactus,63.31,33.9,60.2,255.0
money_plant,58.81,33.9,60.2,263.33
snake_plant,25.54,33.9,60.2,263.33
cactus,63.25,33.9,60.2,263.33
money_plant,59.14,33.8,60.6,265.0
snake_plant,25.48,33.8,60.6,265.0
cactus,63.37,33.8,60.6,265.0
money_plant,58.76,33.9,60.4,260.83
snake_plant,26.17,33.9,60.4,260.83
cactus,63.4,33.9,60.4,260.83
money_plant,58.49,33.8,60.5,250.0
snake_plant,25.57,33.8,60.5,250.0
cactus,63.22,33.8,60.5,250.0
money_plant,58.25,33.8,59.3,245.83
snake_plant,25.6,33.8,59.3,245.83
cactus,63.49,33.8,59.3,245.83
money_plant,58.22,33.8,60.6,230.83
snake_plant,25.79,33.8,60.6,230.83
cactus,63.49,33.8,60.6,230.83
money_plant,58.46,33.8,60.4,245.0
snake_plant,25.51,33.8,60.4,245.0
cactus,63.43,33.8,60.4,245.0
money_plant,58.07,33.8,60.0,236.67
snake_plant,25.51,33.8,60.0,236.67
cactus,63.19,33.8,60.0,236.67
money_plant,57.78,33.8,60.8,262.5
snake_plant,25.57,33.8,60.8,262.5
cactus,63.37,33.8,60.8,262.5
money_plant,57.6,33.8,60.5,255.0
snake_plant,25.51,33.8,60.5,255.0
cactus,63.25,33.8,60.5,255.0
money_plant,57.69,33.8,60.4,265.0
snake_plant,25.51,33.8,60.4,265.0
cactus,63.37,33.8,60.4,265.0
money_plant,57.33,33.9,60.5,232.5
snake_plant,25.41,33.9,60.5,232.5
cactus,63.31,33.9,60.5,232.5
money_plant,57.19,33.8,60.8,242.5
snake_plant,25.48,33.8,60.8,242.5
cactus,63.25,33.8,60.8,242.5
money_plant,57.3,33.9,60.9,277.5
snake_plant,25.2,33.9,60.9,277.5
cactus,63.19,33.9,60.9,277.5
money_plant,57.01,33.8,60.8,302.5
snake_plant,25.45,33.8,60.8,302.5
cactus,63.25,33.8,60.8,302.5
money_plant,57.3,33.8,61.1,296.67
snake_plant,25.48,33.8,61.1,296.67
cactus,63.43,33.8,61.1,296.67
money_plant,56.92,33.9,61.0,292.5
snake_plant,27.29,33.9,61.0,292.5
cactus,63.31,33.9,61.0,292.5
money_plant,56.86,33.9,61.3,287.5
snake_plant,25.57,33.9,61.3,287.5
cactus,63.25,33.9,61.3,287.5
money_plant,56.59,34.0,60.9,271.67
snake_plant,25.41,34.0,60.9,271.67
cactus,63.22,34.0,60.9,271.67
money_plant,56.71,34.0,60.8,261.67
snake_plant,25.48,34.0,60.8,261.67
cactus,63.13,34.0,60.8,261.67
money_plant,56.65,34.0,60.3,239.17
snake_plant,25.48,34.0,60.3,239.17
cactus,63.1,34.0,60.3,239.17
money_plant,56.41,33.9,61.1,237.5
snake_plant,25.38,33.9,61.1,237.5
cactus,63.28,33.9,61.1,237.5
money_plant,56.39,33.9,61.2,239.17
snake_plant,25.51,33.9,61.2,239.17
cactus,63.07,33.9,61.2,239.17
money_plant,56.18,33.8,61.6,252.5
snake_plant,25.2,33.8,61.6,252.5
cactus,63.19,33.8,61.6,252.5
money_plant,55.94,33.7,61.6,258.33
snake_plant,25.32,33.7,61.6,258.33
cactus,63.28,33.7,61.6,258.33
money_plant,55.76,33.7,62.1,278.33
snake_plant,25.2,33.7,62.1,278.33
cactus,63.25,33.7,62.1,278.33
money_plant,55.91,33.7,62.0,288.33
snake_plant,25.16,33.7,62.0,288.33
cactus,63.1,33.7,62.0,288.33
money_plant,55.53,33.8,61.8,314.17
snake_plant,25.41,33.8,61.8,314.17
cactus,63.22,33.8,61.8,314.17
money_plant,55.5,33.8,61.9,324.17
snake_plant,25.57,33.8,61.9,324.17
cactus,63.16,33.8,61.9,324.17
money_plant,55.44,33.8,61.9,305.83
snake_plant,25.1,33.8,61.9,305.83
cactus,63.13,33.8,61.9,305.83
money_plant,55.38,33.8,62.0,298.33
snake_plant,24.98,33.8,62.0,298.33
cactus,63.25,33.8,62.0,298.33
money_plant,55.44,33.7,61.8,294.17
snake_plant,25.35,33.7,61.8,294.17
cactus,63.25,33.7,61.8,294.17
money_plant,55.38,33.7,62.1,247.5
snake_plant,25.16,33.7,62.1,247.5
cactus,63.16,33.7,62.1,247.5
money_plant,54.96,33.7,62.3,236.67
snake_plant,25.35,33.7,62.3,236.67
cactus,63.1,33.7,62.3,236.67
money_plant,54.99,33.7,62.2,242.5
snake_plant,25.16,33.7,62.2,242.5
cactus,63.13,33.7,62.2,242.5
money_plant,54.87,33.7,62.1,260.0
snake_plant,25.35,33.7,62.1,260.0
cactus,63.13,33.7,62.1,260.0
money_plant,54.49,33.6,60.7,240.83
snake_plant,25.23,33.6,60.7,240.83
cactus,63.13,33.6,60.7,240.83
money_plant,54.34,33.6,61.8,236.67
snake_plant,25.07,33.6,61.8,236.67
cactus,62.91,33.6,61.8,236.67
money_plant,54.4,33.7,62.0,236.67
snake_plant,25.16,33.7,62.0,236.67
cactus,63.0,33.7,62.0,236.67
money_plant,54.4,33.7,61.9,236.67
snake_plant,24.91,33.7,61.9,236.67
cactus,63.07,33.7,61.9,236.67
money_plant,54.67,33.7,62.0,199.17
snake_plant,24.79,33.7,62.0,199.17
cactus,63.03,33.7,62.0,199.17
money_plant,54.28,33.7,62.0,195.0
snake_plant,25.04,33.7,62.0,195.0
cactus,63.16,33.7,62.0,195.0
money_plant,53.93,33.6,62.2,218.33
snake_plant,25.13,33.6,62.2,218.33
cactus,62.91,33.6,62.2,218.33
money_plant,54.93,33.7,62.4,220.0
snake_plant,24.95,33.7,62.4,220.0
cactus,63.0,33.7,62.4,220.0
money_plant,53.87,33.6,62.5,190.83
snake_plant,24.16,33.6,62.5,190.83
cactus,62.94,33.6,62.5,190.83
money_plant,53.75,33.6,62.5,189.17
snake_plant,25.2,33.6,62.5,189.17
cactus,63.07,33.6,62.5,189.17
money_plant,53.66,33.6,62.5,203.33
snake_plant,25.23,33.6,62.5,203.33
cactus,63.37,33.6,62.5,203.33
money_plant,53.57,33.5,62.6,198.33
snake_plant,24.88,33.5,62.6,198.33
cactus,63.1,33.5,62.6,198.33
money_plant,52.12,33.5,62.9,231.67
snake_plant,24.91,33.5,62.9,231.67
cactus,62.91,33.5,62.9,231.67
money_plant,53.45,33.5,62.8,246.67
snake_plant,25.29,33.5,62.8,246.67
cactus,63.1,33.5,62.8,246.67
money_plant,53.21,33.5,62.9,275.83
snake_plant,24.95,33.5,62.9,275.83
cactus,62.88,33.5,62.9,275.83
money_plant,53.45,33.6,62.9,252.5
snake_plant,25.1,33.6,62.9,252.5
cactus,62.91,33.6,62.9,252.5
money_plant,53.33,33.6,62.7,272.5
snake_plant,25.1,33.6,62.7,272.5
cactus,62.94,33.6,62.7,272.5
money_plant,53.01,33.6,62.5,264.17
snake_plant,24.51,33.6,62.5,264.17
cactus,62.91,33.6,62.5,264.17
money_plant,53.07,33.6,61.9,225.83
snake_plant,25.2,33.6,61.9,225.83
cactus,62.94,33.6,61.9,225.83
money_plant,52.92,33.5,62.1,220.83
snake_plant,24.76,33.5,62.1,220.83
cactus,63.0,33.5,62.1,220.83
money_plant,53.27,33.5,62.0,207.5
snake_plant,24.73,33.5,62.0,207.5
cactus,63.0,33.5,62.0,207.5
money_plant,52.98,33.4,63.3,220.83
snake_plant,24.79,33.4,63.3,220.83
cactus,63.1,33.4,63.3,220.83
money_plant,52.59,33.5,63.0,199.17
snake_plant,24.57,33.5,63.0,199.17
cactus,62.88,33.5,63.0,199.17
money_plant,51.56,33.5,63.0,166.67
snake_plant,24.44,33.5,63.0,166.67
cactus,63.07,33.5,63.0,166.67
money_plant,52.53,33.5,63.2,175.83
snake_plant,24.91,33.5,63.2,175.83
cactus,62.94,33.5,63.2,175.83
money_plant,52.53,33.5,63.3,187.5
snake_plant,24.69,33.5,63.3,187.5
cactus,62.88,33.5,63.3,187.5
money_plant,52.18,33.5,63.5,199.17
snake_plant,24.79,33.5,63.5,199.17
cactus,62.7,33.5,63.5,199.17
money_plant,51.94,33.4,63.8,204.17
snake_plant,24.41,33.4,63.8,204.17
cactus,62.34,33.4,63.8,204.17
money_plant,52.09,33.4,63.9,226.67
snake_plant,24.66,33.4,63.9,226.67
cactus,62.76,33.4,63.9,226.67
money_plant,51.97,33.4,63.6,245.83
snake_plant,24.51,33.4,63.6,245.83
cactus,62.91,33.4,63.6,245.83
money_plant,51.91,33.4,63.9,240.0
snake_plant,24.6,33.4,63.9,240.0
cactus,62.85,33.4,63.9,240.0
money_plant,51.91,33.4,64.0,214.17
snake_plant,24.73,33.4,64.0,214.17
cactus,62.76,33.4,64.0,214.17
money_plant,51.79,33.4,64.0,194.17
snake_plant,24.04,33.4,64.0,194.17
cactus,62.91,33.4,64.0,194.17
money_plant,51.59,33.4,64.1,214.17
snake_plant,24.85,33.4,64.1,214.17
cactus,62.94,33.4,64.1,214.17
money_plant,51.64,33.4,63.9,245.0
snake_plant,24.29,33.4,63.9,245.0
cactus,63.03,33.4,63.9,245.0
money_plant,51.64,33.4,63.9,235.0
snake_plant,24.66,33.4,63.9,235.0
cactus,62.67,33.4,63.9,235.0
money_plant,51.44,33.4,64.2,209.17
snake_plant,24.48,33.4,64.2,209.17
cactus,62.67,33.4,64.2,209.17
money_plant,51.56,33.4,63.6,193.33
snake_plant,24.57,33.4,63.6,193.33
cactus,62.64,33.4,63.6,193.33
money_plant,51.61,33.4,63.6,196.67
snake_plant,24.51,33.4,63.6,196.67
cactus,62.88,33.4,63.6,196.67
money_plant,51.38,33.4,64.3,194.17
snake_plant,24.73,33.4,64.3,194.17
cactus,62.76,33.4,64.3,194.17
money_plant,51.23,33.5,63.8,167.5
snake_plant,24.79,33.5,63.8,167.5
cactus,62.7,33.5,63.8,167.5
money_plant,51.17,33.5,63.8,155.83
snake_plant,23.94,33.5,63.8,155.83
cactus,62.79,33.5,63.8,155.83
money_plant,51.05,33.4,64.0,152.5
snake_plant,24.29,33.4,64.0,152.5
cactus,62.76,33.4,64.0,152.5
money_plant,50.96,33.4,64.2,146.67
snake_plant,24.69,33.4,64.2,146.67
cactus,62.7,33.4,64.2,146.67
money_plant,50.84,33.4,64.4,139.17
snake_plant,24.6,33.4,64.4,139.17
cactus,62.7,33.4,64.4,139.17
money_plant,50.87,33.4,64.2,144.17
snake_plant,24.54,33.4,64.2,144.17
cactus,62.79,33.4,64.2,144.17
money_plant,50.96,33.4,64.4,171.67
snake_plant,24.82,33.4,64.4,171.67
cactus,62.76,33.4,64.4,171.67
money_plant,50.7,33.4,64.4,175.0
snake_plant,24.35,33.4,64.4,175.0
cactus,62.97,33.4,64.4,175.0
money_plant,50.37,33.4,64.7,168.33
snake_plant,24.32,33.4,64.7,168.33
cactus,62.76,33.4,64.7,168.33
money_plant,50.31,33.3,64.6,155.0
snake_plant,24.51,33.3,64.6,155.0
cactus,62.88,33.3,64.6,155.0
money_plant,50.43,33.3,65.0,152.5
snake_plant,24.41,33.3,65.0,152.5
cactus,62.82,33.3,65.0,152.5
money_plant,50.64,33.3,65.0,149.17
snake_plant,24.6,33.3,65.0,149.17
cactus,62.67,33.3,65.0,149.17
money_plant,50.43,33.3,65.1,146.67
snake_plant,23.66,33.3,65.1,146.67
cactus,62.82,33.3,65.1,146.67
money_plant,50.4,33.3,65.4,143.33
snake_plant,24.07,33.3,65.4,143.33
cactus,62.7,33.3,65.4,143.33
money_plant,50.13,33.3,65.1,140.0
snake_plant,24.41,33.3,65.1,140.0
cactus,62.82,33.3,65.1,140.0
money_plant,49.99,33.3,65.1,130.83
snake_plant,24.51,33.3,65.1,130.83
cactus,62.82,33.3,65.1,130.83
money_plant,49.9,33.2,65.6,125.0
snake_plant,24.48,33.2,65.6,125.0
cactus,63.92,33.2,65.6,125.0
money_plant,49.75,33.3,64.8,124.17
snake_plant,24.35,33.3,64.8,124.17
cactus,63.43,33.3,64.8,124.17
money_plant,49.78,33.2,65.1,131.67
snake_plant,24.44,33.2,65.1,131.67
cactus,63.07,33.2,65.1,131.67
money_plant,49.75,33.2,64.9,124.17
snake_plant,24.1,33.2,64.9,124.17
cactus,62.76,33.2,64.9,124.17
money_plant,49.72,33.2,65.1,121.67
snake_plant,25.16,33.2,65.1,121.67
cactus,62.88,33.2,65.1,121.67
money_plant,49.54,33.1,65.2,116.67
snake_plant,24.07,33.1,65.2,116.67
cactus,62.64,33.1,65.2,116.67
money_plant,49.48,33.1,65.5,117.5
snake_plant,23.94,33.1,65.5,117.5
cactus,62.67,33.1,65.5,117.5
money_plant,49.27,33.0,65.3,112.5
snake_plant,24.41,33.0,65.3,112.5
cactus,62.73,33.0,65.3,112.5
money_plant,49.57,33.0,65.7,114.17
snake_plant,24.66,33.0,65.7,114.17
cactus,62.79,33.0,65.7,114.17
money_plant,49.54,33.0,65.4,114.17
snake_plant,24.35,33.0,65.4,114.17
cactus,62.7,33.0,65.4,114.17
money_plant,49.24,33.0,65.0,110.83
snake_plant,24.04,33.0,65.0,110.83
cactus,62.67,33.0,65.0,110.83
money_plant,49.19,32.9,65.0,109.17
snake_plant,23.85,32.9,65.0,109.17
cactus,62.61,32.9,65.0,109.17
money_plant,49.19,32.9,65.4,107.5
snake_plant,23.97,32.9,65.4,107.5
cactus,62.7,32.9,65.4,107.5
money_plant,49.21,32.9,65.4,104.17
snake_plant,23.88,32.9,65.4,104.17
cactus,62.67,32.9,65.4,104.17
money_plant,49.07,32.8,65.7,102.5
snake_plant,23.82,32.8,65.7,102.5
cactus,62.61,32.8,65.7,102.5
money_plant,48.95,32.8,65.6,100.0
snake_plant,24.19,32.8,65.6,100.0
cactus,62.64,32.8,65.6,100.0
money_plant,49.07,32.9,65.3,98.33
snake_plant,21.47,32.9,65.3,98.33
cactus,62.61,32.9,65.3,98.33
money_plant,49.1,32.9,65.0,98.33
snake_plant,23.82,32.9,65.0,98.33
cactus,62.67,32.9,65.0,98.33
money_plant,48.77,32.8,65.6,96.67
snake_plant,23.79,32.8,65.6,96.67
cactus,62.79,32.8,65.6,96.67
money_plant,48.71,32.9,65.6,90.83
snake_plant,23.88,32.9,65.6,90.83
cactus,62.61,32.9,65.6,90.83
money_plant,48.36,32.9,65.3,93.33
snake_plant,24.04,32.9,65.3,93.33
cactus,62.67,32.9,65.3,93.33
money_plant,48.83,32.9,65.4,92.5
snake_plant,23.79,32.9,65.4,92.5
cactus,62.64,32.9,65.4,92.5
money_plant,48.68,32.8,65.5,91.67
snake_plant,23.91,32.8,65.5,91.67
cactus,62.61,32.8,65.5,91.67
money_plant,48.3,32.8,65.5,92.5
snake_plant,24.04,32.8,65.5,92.5
cactus,62.67,32.8,65.5,92.5
money_plant,48.71,32.8,65.9,92.5
snake_plant,23.97,32.8,65.9,92.5
cactus,62.7,32.8,65.9,92.5
money_plant,48.47,32.8,65.5,92.5
snake_plant,23.79,32.8,65.5,92.5
cactus,62.7,32.8,65.5,92.5
money_plant,48.21,32.8,66.0,97.5
snake_plant,23.85,32.8,66.0,97.5
cactus,62.52,32.8,66.0,97.5
money_plant,48.27,32.8,66.1,91.67
snake_plant,23.82,32.8,66.1,91.67
cactus,62.61,32.8,66.1,91.67
money_plant,48.18,32.8,65.7,90.0
snake_plant,23.72,32.8,65.7,90.0
cactus,62.58,32.8,65.7,90.0
money_plant,48.12,32.6,65.6,85.83
snake_plant,23.6,32.6,65.6,85.83
cactus,62.58,32.6,65.6,85.83
money_plant,48.12,32.5,66.2,83.33
snake_plant,23.97,32.5,66.2,83.33
cactus,62.61,32.5,66.2,83.33
money_plant,48.12,32.6,66.3,82.5
snake_plant,23.41,32.6,66.3,82.5
cactus,62.67,32.6,66.3,82.5
money_plant,48.03,32.6,66.2,81.67
snake_plant,23.57,32.6,66.2,81.67
cactus,63.61,32.6,66.2,81.67
money_plant,47.56,32.6,66.2,80.83
snake_plant,23.79,32.6,66.2,80.83
cactus,62.61,32.6,66.2,80.83
money_plant,48.0,32.6,66.2,80.0
snake_plant,23.51,32.6,66.2,80.0
cactus,62.55,32.6,66.2,80.0
money_plant,46.7,32.5,66.2,77.5
snake_plant,23.51,32.5,66.2,77.5
cactus,62.52,32.5,66.2,77.5
money_plant,47.88,32.4,67.1,77.5
snake_plant,23.51,32.4,67.1,77.5
cactus,62.52,32.4,67.1,77.5
money_plant,47.85,32.5,66.6,75.0
snake_plant,24.1,32.5,66.6,75.0
cactus,62.43,32.5,66.6,75.0
money_plant,47.44,32.5,66.3,71.67
snake_plant,23.1,32.5,66.3,71.67
cactus,62.46,32.5,66.3,71.67
money_plant,47.64,32.4,66.4,70.83
snake_plant,23.54,32.4,66.4,70.83
cactus,62.19,32.4,66.4,70.83
money_plant,47.64,32.3,66.9,68.33
snake_plant,23.72,32.3,66.9,68.33
cactus,62.4,32.3,66.9,68.33
money_plant,47.7,32.3,67.1,65.83
snake_plant,23.47,32.3,67.1,65.83
cactus,62.4,32.3,67.1,65.83
money_plant,47.44,32.4,66.8,64.17
snake_plant,23.54,32.4,66.8,64.17
cactus,62.46,32.4,66.8,64.17
money_plant,47.47,32.4,67.0,62.5
snake_plant,23.44,32.4,67.0,62.5
cactus,62.43,32.4,67.0,62.5
money_plant,47.38,32.4,66.6,60.83
snake_plant,23.66,32.4,66.6,60.83
cactus,62.25,32.4,66.6,60.83
money_plant,47.56,32.4,66.9,57.5
snake_plant,23.57,32.4,66.9,57.5
cactus,62.28,32.4,66.9,57.5
money_plant,47.29,32.4,66.6,56.67
snake_plant,23.51,32.4,66.6,56.67
cactus,62.28,32.4,66.6,56.67
money_plant,47.85,32.4,66.8,55.0
snake_plant,23.32,32.4,66.8,55.0
cactus,62.31,32.4,66.8,55.0
money_plant,47.17,32.3,66.9,50.83
snake_plant,23.47,32.3,66.9,50.83
cactus,62.28,32.3,66.9,50.83
money_plant,46.9,32.3,67.5,49.17
snake_plant,23.66,32.3,67.5,49.17
cactus,62.31,32.3,67.5,49.17
money_plant,46.9,32.3,67.1,45.0
snake_plant,23.04,32.3,67.1,45.0
cactus,62.25,32.3,67.1,45.0
money_plant,47.02,32.2,67.3,42.5
snake_plant,23.47,32.2,67.3,42.5
cactus,62.28,32.2,67.3,42.5
money_plant,46.81,32.2,67.5,43.33
snake_plant,23.35,32.2,67.5,43.33
cactus,62.0,32.2,67.5,43.33
money_plant,46.84,32.1,67.7,42.5
snake_plant,23.26,32.1,67.7,42.5
cactus,61.97,32.1,67.7,42.5
money_plant,46.84,32.1,67.8,40.83
snake_plant,23.35,32.1,67.8,40.83
cactus,62.15,32.1,67.8,40.83
money_plant,46.52,32.0,67.9,39.17
snake_plant,23.19,32.0,67.9,39.17
cactus,61.91,32.0,67.9,39.17
money_plant,46.61,32.0,68.4,37.5
snake_plant,23.0,32.0,68.4,37.5
cactus,62.15,32.0,68.4,37.5
money_plant,46.55,32.1,67.9,35.83
snake_plant,22.94,32.1,67.9,35.83
cactus,61.91,32.1,67.9,35.83
money_plant,46.58,32.0,68.3,34.17
snake_plant,23.35,32.0,68.3,34.17
cactus,61.91,32.0,68.3,34.17
money_plant,46.4,32.0,67.6,33.33
snake_plant,23.44,32.0,67.6,33.33
cactus,62.15,32.0,67.6,33.33
money_plant,45.96,31.8,69.1,31.67
snake_plant,23.32,31.8,69.1,31.67
cactus,61.09,31.8,69.1,31.67
money_plant,46.25,31.8,68.2,29.17
snake_plant,23.22,31.8,68.2,29.17
cactus,61.76,31.8,68.2,29.17
money_plant,45.99,31.9,68.7,28.33
snake_plant,22.91,31.9,68.7,28.33
cactus,61.94,31.9,68.7,28.33
money_plant,45.87,31.9,69.1,25.83
snake_plant,22.91,31.9,69.1,25.83
cactus,61.73,31.9,69.1,25.83
money_plant,46.7,32.0,69.8,56.67
snake_plant,23.07,32.0,69.8,56.67
cactus,61.79,32.0,69.8,56.67
money_plant,46.16,32.2,69.3,56.67
snake_plant,23.04,32.2,69.3,56.67
cactus,61.73,32.2,69.3,56.67
money_plant,46.04,32.3,68.2,56.67
snake_plant,23.1,32.3,68.2,56.67
cactus,61.64,32.3,68.2,56.67
money_plant,46.34,32.4,68.8,57.5
snake_plant,22.79,32.4,68.8,57.5
cactus,61.7,32.4,68.8,57.5
money_plant,46.04,32.5,68.7,56.67
snake_plant,23.0,32.5,68.7,56.67
cactus,61.64,32.5,68.7,56.67
money_plant,46.01,32.6,68.1,57.5
snake_plant,23.91,32.6,68.1,57.5
cactus,61.73,32.6,68.1,57.5
money_plant,45.96,32.6,68.5,57.5
snake_plant,23.04,32.6,68.5,57.5
cactus,61.76,32.6,68.5,57.5
money_plant,45.87,32.7,68.2,57.5
snake_plant,23.0,32.7,68.2,57.5
cactus,61.61,32.7,68.2,57.5
money_plant,45.96,32.7,68.4,57.5
snake_plant,22.97,32.7,68.4,57.5
cactus,61.64,32.7,68.4,57.5
money_plant,45.81,32.8,68.7,57.5
snake_plant,22.97,32.8,68.7,57.5
cactus,61.64,32.8,68.7,57.5
money_plant,45.93,32.8,68.6,57.5
snake_plant,23.29,32.8,68.6,57.5
cactus,61.64,32.8,68.6,57.5
money_plant,45.57,32.9,68.5,57.5
snake_plant,23.04,32.9,68.5,57.5
cactus,61.82,32.9,68.5,57.5
money_plant,45.69,32.9,68.6,57.5
snake_plant,23.1,32.9,68.6,57.5
cactus,61.64,32.9,68.6,57.5
money_plant,46.22,32.9,68.5,57.5
cactus,61.55,32.9,68.5,57.5
money_plant,45.63,32.9,68.3,57.5
snake_plant,23.0,32.9,68.3,57.5
cactus,61.58,32.9,68.3,57.5
money_plant,45.54,32.9,68.4,57.5
snake_plant,23.16,32.9,68.4,57.5
cactus,61.64,32.9,68.4,57.5
money_plant,45.51,32.9,68.6,57.5
snake_plant,22.79,32.9,68.6,57.5
cactus,61.61,32.9,68.6,57.5
money_plant,45.51,32.9,68.5,57.5
snake_plant,23.16,32.9,68.5,57.5
cactus,61.64,32.9,68.5,57.5
money_plant,45.54,33.0,68.2,57.5
snake_plant,22.91,33.0,68.2,57.5
cactus,61.64,33.0,68.2,57.5
money_plant,45.96,33.0,68.4,57.5
snake_plant,23.16,33.0,68.4,57.5
cactus,61.46,33.0,68.4,57.5
money_plant,44.59,33.0,68.4,57.5
snake_plant,22.97,33.0,68.4,57.5
cactus,61.43,33.0,68.4,57.5
money_plant,45.51,33.0,68.4,57.5
cactus,61.64,33.0,68.4,57.5
snake_plant,23.29,33.0,68.4,57.5
snake_plant,23.04,33.0,68.4,57.5
cactus,61.7,33.0,68.4,57.5
snake_plant,23.13,33.0,68.4,57.5
cactus,61.58,33.0,68.4,57.5
money_plant,45.51,33.0,68.6,57.5
snake_plant,23.41,33.0,68.6,57.5
cactus,61.55,33.0,68.6,57.5
money_plant,45.51,33.0,68.3,57.5
snake_plant,22.82,33.0,68.3,57.5
cactus,61.55,33.0,68.3,57.5
snake_plant,22.91,33.0,68.6,57.5
money_plant,45.51,33.0,68.5,57.5
snake_plant,23.16,33.0,68.5,57.5
cactus,61.31,33.0,68.5,57.5
cactus,61.46,33.0,68.6,57.5
snake_plant,23.04,33.0,68.5,57.5
cactus,61.58,33.0,68.5,57.5
money_plant,45.51,33.0,68.7,57.5
snake_plant,22.82,33.0,68.7,57.5
cactus,61.64,33.0,68.7,57.5
money_plant,45.51,33.0,68.8,57.5
snake_plant,22.85,33.0,68.8,57.5
cactus,61.55,33.0,68.8,57.5
money_plant,44.71,33.0,68.6,57.5
cactus,61.49,33.0,68.6,57.5
money_plant,44.8,33.1,68.8,57.5
snake_plant,22.79,33.1,68.8,57.5
cactus,61.64,33.1,68.8,57.5
money_plant,44.8,33.1,68.6,57.5
snake_plant,22.91,33.1,68.6,57.5
cactus,61.64,33.1,68.6,57.5
snake_plant,23.07,33.0,68.7,57.5
cactus,61.37,33.0,68.7,57.5
money_plant,44.8,33.0,68.8,57.5
snake_plant,22.72,33.0,68.8,57.5
cactus,61.49,33.0,68.8,57.5
money_plant,44.68,33.0,68.6,57.5
snake_plant,22.69,33.0,68.6,57.5
cactus,61.43,33.0,68.6,57.5
money_plant,45.69,33.0,69.0,57.5
snake_plant,23.0,33.0,69.0,57.5
cactus,61.43,33.0,69.0,57.5
money_plant,44.44,33.0,69.0,57.5
snake_plant,22.85,33.0,69.0,57.5
cactus,61.61,33.0,69.0,57.5
money_plant,44.83,33.0,68.5,56.67
snake_plant,23.04,33.0,68.5,56.67
cactus,61.55,33.0,68.5,56.67
money_plant,44.59,33.0,69.1,57.5
snake_plant,22.82,33.0,69.1,57.5
cactus,61.43,33.0,69.1,57.5
snake_plant,22.91,33.0,69.1,57.5
cactus,61.55,33.0,69.1,57.5
money_plant,44.59,33.0,69.3,57.5
snake_plant,22.88,33.0,69.3,57.5
cactus,61.4,33.0,69.3,57.5
money_plant,44.33,33.0,69.2,56.67
snake_plant,22.72,33.0,69.2,56.67
cactus,61.18,33.0,69.2,56.67
money_plant,44.24,33.0,69.3,57.5
snake_plant,22.47,33.0,69.3,57.5
cactus,61.55,33.0,69.3,57.5
money_plant,44.27,33.1,69.1,57.5
snake_plant,22.57,33.1,69.1,57.5
cactus,61.37,33.1,69.1,57.5
money_plant,44.62,33.0,69.1,57.5
snake_plant,22.97,33.0,69.1,57.5
cactus,61.49,33.0,69.1,57.5
money_plant,44.44,33.1,69.8,57.5
snake_plant,22.82,33.1,69.8,57.5
cactus,61.34,33.1,69.8,57.5
money_plant,44.59,33.1,69.2,57.5
snake_plant,22.66,33.1,69.2,57.5
cactus,61.46,33.1,69.2,57.5
money_plant,44.47,33.1,68.6,57.5
cactus,64.46,33.1,68.6,57.5
money_plant,44.27,33.1,69.5,57.5
snake_plant,22.82,33.1,69.5,57.5
cactus,61.43,33.1,69.5,57.5
money_plant,44.36,33.1,70.0,57.5
snake_plant,22.94,33.1,70.0,57.5
cactus,61.52,33.1,70.0,57.5
money_plant,44.21,33.1,69.6,57.5
snake_plant,19.15,33.1,69.6,57.5
cactus,61.49,33.1,69.6,57.5
money_plant,44.27,33.1,69.6,57.5
snake_plant,19.97,33.1,69.6,57.5
cactus,61.64,33.1,69.6,57.5
snake_plant,23.41,33.1,69.6,57.5
cactus,61.58,33.1,69.6,57.5
snake_plant,22.82,33.1,69.6,57.5
cactus,61.52,33.1,69.6,57.5
money_plant,44.39,33.1,69.4,57.5
snake_plant,22.97,33.1,69.4,57.5
cactus,61.49,33.1,69.4,57.5
money_plant,44.15,33.1,68.9,57.5
snake_plant,23.07,33.1,68.9,57.5
cactus,61.61,33.1,68.9,57.5
money_plant,44.03,33.1,69.1,57.5
snake_plant,22.69,33.1,69.1,57.5
cactus,61.46,33.1,69.1,57.5
money_plant,44.06,33.1,69.2,57.5
snake_plant,21.63,33.1,69.2,57.5
cactus,61.31,33.1,69.2,57.5
money_plant,44.33,33.1,69.0,57.5
snake_plant,22.6,33.1,69.0,57.5
cactus,61.49,33.1,69.0,57.5
money_plant,44.03,33.0,69.0,57.5
money_plant,44.06,33.1,68.8,57.5
snake_plant,22.47,33.1,68.8,57.5
cactus,61.58,33.1,68.8,57.5
money_plant,44.06,33.0,68.6,57.5
cactus,61.58,33.0,68.6,57.5
money_plant,44.06,33.0,68.9,57.5
snake_plant,22.69,33.0,68.9,57.5
cactus,61.31,33.0,68.9,57.5
money_plant,44.06,33.0,68.7,57.5
snake_plant,22.97,33.0,68.7,57.5
cactus,61.52,33.0,68.7,57.5
money_plant,43.97,33.0,68.7,57.5
snake_plant,22.6,33.0,68.7,57.5
money_plant,43.41,32.9,68.3,57.5
snake_plant,22.63,32.9,68.3,57.5
cactus,61.49,32.9,68.3,57.5
money_plant,43.97,32.9,68.2,57.5
snake_plant,23.0,32.9,68.2,57.5
cactus,61.46,32.9,68.2,57.5
money_plant,44.06,32.9,68.2,57.5
snake_plant,22.57,32.9,68.2,57.5
money_plant,43.38,32.9,68.3,57.5
snake_plant,22.66,32.9,68.3,57.5
money_plant,43.73,32.8,68.0,57.5
snake_plant,22.79,32.8,68.0,57.5
cactus,61.46,32.8,68.0,57.5
money_plant,43.97,32.9,67.9,57.5
snake_plant,22.85,32.9,67.9,57.5
cactus,61.46,32.9,67.9,57.5
snake_plant,22.82,32.9,68.2,57.5
cactus,61.43,32.9,68.2,57.5
money_plant,43.73,32.9,68.2,57.5
snake_plant,22.63,32.9,68.2,57.5
cactus,61.37,32.9,68.2,57.5
money_plant,43.73,32.9,68.0,57.5
snake_plant,22.5,32.9,68.0,57.5
cactus,61.46,32.9,68.0,57.5
money_plant,43.64,32.8,68.2,57.5
snake_plant,22.44,32.8,68.2,57.5
cactus,61.31,32.8,68.2,57.5
money_plant,44.03,32.9,68.4,57.5
snake_plant,22.69,32.9,68.4,57.5
cactus,61.49,32.9,68.4,57.5
money_plant,43.73,32.8,68.2,57.5
snake_plant,23.29,32.8,68.2,57.5
cactus,61.55,32.8,68.2,57.5
money_plant,43.67,32.8,68.3,57.5
snake_plant,22.66,32.8,68.3,57.5
cactus,61.49,32.8,68.3,57.5
money_plant,43.91,32.8,67.9,57.5
snake_plant,22.88,32.8,67.9,57.5
cactus,61.49,32.8,67.9,57.5
money_plant,43.59,32.8,68.7,57.5
snake_plant,22.69,32.8,68.7,57.5
cactus,61.46,32.8,68.7,57.5
money_plant,43.97,32.8,68.1,57.5
snake_plant,22.57,32.8,68.1,57.5
cactus,61.31,32.8,68.1,57.5
money_plant,43.64,32.8,68.1,57.5
snake_plant,22.6,32.8,68.1,57.5
money_plant,44.0,32.7,67.7,57.5
snake_plant,22.57,32.7,67.7,57.5
cactus,61.21,32.7,67.7,57.5
money_plant,43.59,32.8,68.1,57.5
snake_plant,22.85,32.8,68.1,57.5
money_plant,43.05,32.8,68.0,57.5
snake_plant,22.28,32.8,68.0,57.5
cactus,60.97,32.8,68.0,57.5
money_plant,43.53,32.7,67.8,57.5
snake_plant,23.29,32.7,67.8,57.5
cactus,61.31,32.7,67.8,57.5
money_plant,44.06,32.8,67.6,57.5
snake_plant,22.63,32.8,67.6,57.5
cactus,61.21,32.8,67.6,57.5
money_plant,43.26,32.7,67.8,57.5
snake_plant,22.47,32.7,67.8,57.5
cactus,60.67,32.7,67.8,57.5
money_plant,43.53,32.7,67.7,57.5
snake_plant,22.6,32.7,67.7,57.5
cactus,61.24,32.7,67.7,57.5
money_plant,43.85,32.7,67.6,57.5
snake_plant,22.6,32.7,67.6,57.5
cactus,61.34,32.7,67.6,57.5
money_plant,43.61,32.7,68.2,57.5
snake_plant,22.5,32.7,68.2,57.5
cactus,61.21,32.7,68.2,57.5
money_plant,43.59,32.7,67.6,57.5
snake_plant,22.57,32.7,67.6,57.5
cactus,61.12,32.7,67.6,57.5
money_plant,43.67,32.7,67.8,57.5
snake_plant,22.28,32.7,67.8,57.5
cactus,61.12,32.7,67.8,57.5
money_plant,43.61,32.7,67.6,57.5
cactus,61.15,32.7,67.6,57.5
money_plant,43.56,32.7,67.6,57.5
snake_plant,22.54,32.7,67.6,57.5
cactus,61.21,32.7,67.6,57.5
money_plant,43.41,32.7,67.6,57.5
snake_plant,22.79,32.7,67.6,57.5
cactus,61.09,32.7,67.6,57.5
money_plant,43.61,32.7,68.0,57.5
snake_plant,22.32,32.7,68.0,57.5
cactus,61.09,32.7,68.0,57.5
money_plant,43.59,32.7,67.8,57.5
snake_plant,22.5,32.7,67.8,57.5
cactus,61.09,32.7,67.8,57.5
money_plant,43.41,32.7,67.7,57.5
cactus,61.06,32.7,67.7,57.5
money_plant,43.56,32.7,67.8,57.5
money_plant,43.41,32.7,67.9,57.5
snake_plant,22.22,32.7,67.9,57.5
cactus,61.09,32.7,67.9,57.5
money_plant,43.59,32.7,68.1,57.5
snake_plant,22.03,32.7,68.1,57.5
cactus,61.0,32.7,68.1,57.5
money_plant,43.5,32.7,67.7,57.5
snake_plant,22.47,32.7,67.7,57.5
cactus,60.97,32.7,67.7,57.5
money_plant,43.38,32.7,67.8,57.5
cactus,60.94,32.7,67.8,57.5
snake_plant,22.41,32.7,68.1,57.5
cactus,61.21,32.7,68.1,57.5
money_plant,43.26,32.7,67.9,57.5
snake_plant,22.28,32.7,67.9,57.5
cactus,60.94,32.7,67.9,57.5
money_plant,43.29,32.6,67.8,57.5
snake_plant,20.66,32.6,67.8,57.5
cactus,60.97,32.6,67.8,57.5
money_plant,43.41,32.6,67.5,57.5
snake_plant,22.35,32.6,67.5,57.5
cactus,61.15,32.6,67.5,57.5
money_plant,43.44,32.6,67.6,57.5
snake_plant,22.35,32.6,67.6,57.5
cactus,61.12,32.6,67.6,57.5
money_plant,43.17,32.6,67.8,57.5
snake_plant,18.22,32.6,67.8,57.5
cactus,61.0,32.6,67.8,57.5
money_plant,43.32,32.6,67.7,57.5
snake_plant,22.44,32.6,67.7,57.5
cactus,61.15,32.6,67.7,57.5
money_plant,43.38,32.6,67.6,57.5
snake_plant,22.28,32.6,67.6,57.5
cactus,60.97,32.6,67.6,57.5
money_plant,43.29,32.6,67.6,57.5
snake_plant,22.41,32.6,67.6,57.5
cactus,61.18,32.6,67.6,57.5
money_plant,43.59,32.6,67.5,57.5
snake_plant,22.5,32.6,67.5,57.5
cactus,60.94,32.6,67.5,57.5
money_plant,43.29,32.6,68.1,57.5
snake_plant,22.07,32.6,68.1,57.5
cactus,61.06,32.6,68.1,57.5
money_plant,43.41,32.5,67.9,57.5
snake_plant,22.07,32.5,67.9,57.5
cactus,60.88,32.5,67.9,57.5
money_plant,43.5,32.5,67.6,57.5
snake_plant,22.28,32.5,67.6,57.5
cactus,61.31,32.5,67.6,57.5
money_plant,43.38,32.5,68.0,57.5
snake_plant,22.13,32.5,68.0,57.5
cactus,61.06,32.5,68.0,57.5
money_plant,43.11,32.5,67.8,57.5
snake_plant,22.16,32.5,67.8,57.5
cactus,60.97,32.5,67.8,57.5
money_plant,43.44,32.5,67.8,57.5
snake_plant,22.22,32.5,67.8,57.5
cactus,61.0,32.5,67.8,57.5
money_plant,43.29,32.5,67.5,57.5
snake_plant,21.97,32.5,67.5,57.5
cactus,61.15,32.5,67.5,57.5
money_plant,43.17,32.5,67.4,57.5
snake_plant,22.22,32.5,67.4,57.5
cactus,60.91,32.5,67.4,57.5
money_plant,43.2,32.5,67.7,57.5
snake_plant,21.94,32.5,67.7,57.5
cactus,60.97,32.5,67.7,57.5
money_plant,43.14,32.5,67.5,57.5
snake_plant,22.16,32.5,67.5,57.5
cactus,61.09,32.5,67.5,57.5
money_plant,43.29,32.5,67.6,57.5
snake_plant,22.1,32.5,67.6,57.5
cactus,61.24,32.5,67.6,57.5
money_plant,43.14,32.5,67.6,57.5
snake_plant,22.03,32.5,67.6,57.5
cactus,61.06,32.5,67.6,57.5
money_plant,43.11,32.6,67.7,57.5
snake_plant,22.32,32.6,67.7,57.5
cactus,60.94,32.6,67.7,57.5
money_plant,43.17,32.5,67.5,57.5
snake_plant,22.22,32.5,67.5,57.5
cactus,61.06,32.5,67.5,57.5
snake_plant,22.16,32.6,67.7,57.5
cactus,60.67,32.6,67.7,57.5
money_plant,43.14,32.5,67.8,57.5
snake_plant,22.07,32.5,67.8,57.5
cactus,60.94,32.5,67.8,57.5
money_plant,42.9,32.6,68.0,57.5
snake_plant,22.07,32.6,68.0,57.5
cactus,60.88,32.6,68.0,57.5
money_plant,43.17,32.5,68.1,57.5
snake_plant,22.03,32.5,68.1,57.5
cactus,60.97,32.5,68.1,57.5
money_plant,43.08,32.5,68.0,57.5
snake_plant,21.85,32.5,68.0,57.5
cactus,60.64,32.5,68.0,57.5
money_plant,43.14,32.5,68.0,57.5
cactus,60.85,32.5,68.0,57.5
cactus,60.88,32.5,67.8,57.5
money_plant,43.38,32.5,68.1,57.5
snake_plant,21.53,32.5,68.1,57.5
cactus,60.82,32.5,68.1,57.5
snake_plant,22.0,32.5,67.8,57.5
money_plant,43.26,32.5,67.6,57.5
money_plant,43.05,32.5,67.6,57.5
snake_plant,21.97,32.5,67.6,57.5
cactus,60.97,32.5,67.6,57.5
money_plant,43.02,32.5,67.7,57.5
snake_plant,21.91,32.5,67.7,57.5
cactus,60.88,32.5,67.7,57.5
snake_plant,21.91,32.5,67.8,57.5
cactus,61.31,32.5,67.8,57.5
money_plant,43.02,32.5,67.9,57.5
snake_plant,23.85,32.5,67.9,57.5
money_plant,43.05,32.4,67.9,57.5
snake_plant,21.5,32.4,67.9,57.5
cactus,60.88,32.4,67.9,57.5
money_plant,42.9,32.4,68.2,57.5
snake_plant,21.85,32.4,68.2,57.5
cactus,60.94,32.4,68.2,57.5
money_plant,42.9,32.4,68.1,57.5
snake_plant,21.97,32.4,68.1,57.5
cactus,60.76,32.4,68.1,57.5
money_plant,43.11,32.4,67.9,57.5
snake_plant,21.69,32.4,67.9,57.5
money_plant,43.02,32.4,68.1,57.5
snake_plant,21.6,32.4,68.1,57.5
money_plant,43.11,32.4,67.8,57.5
snake_plant,21.56,32.4,67.8,57.5
cactus,60.3,32.4,67.8,57.5
money_plant,42.93,32.4,68.5,57.5
snake_plant,21.63,32.4,68.5,57.5
cactus,61.31,32.4,68.5,57.5
cactus,60.82,32.4,67.9,57.5
money_plant,42.9,32.4,67.9,57.5
snake_plant,21.6,32.4,67.9,57.5
cactus,60.7,32.4,67.9,57.5
money_plant,43.02,32.4,67.8,57.5
snake_plant,21.72,32.4,67.8,57.5
cactus,60.94,32.4,67.8,57.5
money_plant,42.7,32.4,67.9,57.5
cactus,60.76,32.4,67.9,57.5
money_plant,42.96,32.4,67.8,57.5
cactus,60.73,32.4,67.8,57.5
money_plant,42.9,32.4,67.8,57.5
snake_plant,21.6,32.4,67.8,57.5
cactus,60.82,32.4,67.8,57.5
money_plant,42.79,32.4,67.8,57.5
snake_plant,21.85,32.4,67.8,57.5
snake_plant,21.82,32.4,67.8,57.5
money_plant,42.67,32.4,68.1,57.5
snake_plant,21.5,32.4,68.1,57.5
cactus,60.61,32.4,68.1,57.5
money_plant,42.49,32.4,68.1,57.5
cactus,60.85,32.4,68.1,57.5
money_plant,42.55,32.4,67.9,57.5
snake_plant,21.85,32.4,67.9,57.5
cactus,61.0,32.4,67.9,57.5
money_plant,42.64,32.3,68.2,57.5
snake_plant,21.41,32.3,68.2,57.5
cactus,60.39,32.3,68.2,57.5
money_plant,42.73,32.3,68.3,57.5
snake_plant,21.53,32.3,68.3,57.5
cactus,60.76,32.3,68.3,57.5
money_plant,42.67,32.3,68.4,57.5
snake_plant,21.5,32.3,68.4,57.5
cactus,60.7,32.3,68.4,57.5
money_plant,42.64,32.3,68.5,57.5
snake_plant,21.66,32.3,68.5,57.5
cactus,60.88,32.3,68.5,57.5
money_plant,42.73,32.3,68.4,57.5
cactus,60.67,32.3,68.4,57.5
money_plant,42.61,32.3,68.5,57.5
snake_plant,21.53,32.3,68.5,57.5
cactus,61.15,32.3,68.5,57.5
money_plant,42.67,32.3,68.6,57.5
snake_plant,21.47,32.3,68.6,57.5
cactus,60.7,32.3,68.6,57.5
money_plant,42.79,32.3,68.5,57.5
cactus,60.76,32.3,68.5,57.5
money_plant,42.64,32.3,68.7,57.5
snake_plant,18.0,32.3,68.7,57.5
cactus,60.67,32.3,68.7,57.5
money_plant,42.9,32.3,68.9,57.5
snake_plant,21.47,32.3,68.9,57.5
cactus,60.64,32.3,68.9,57.5
money_plant,42.55,32.3,68.9,57.5
snake_plant,21.5,32.3,68.9,57.5
cactus,60.55,32.3,68.9,57.5
money_plant,42.7,32.3,68.9,57.5
snake_plant,21.41,32.3,68.9,57.5
cactus,60.67,32.3,68.9,57.5
money_plant,42.52,32.3,69.0,57.5
snake_plant,21.41,32.3,69.0,57.5
cactus,60.61,32.3,69.0,57.5
money_plant,42.61,32.3,68.7,57.5
snake_plant,21.47,32.3,68.7,57.5
cactus,60.21,32.3,68.7,57.5
money_plant,42.16,32.3,68.8,57.5
snake_plant,21.13,32.3,68.8,57.5
cactus,60.46,32.3,68.8,57.5
money_plant,42.34,32.3,68.9,57.5
snake_plant,21.56,32.3,68.9,57.5
cactus,60.18,32.3,68.9,57.5
money_plant,42.01,32.3,69.1,57.5
snake_plant,21.35,32.3,69.1,57.5
cactus,60.55,32.3,69.1,57.5
money_plant,42.49,32.3,68.8,57.5
snake_plant,21.19,32.3,68.8,57.5
cactus,60.61,32.3,68.8,57.5
money_plant,42.55,32.3,69.1,57.5
cactus,60.82,32.3,69.1,57.5
snake_plant,21.28,32.3,68.9,57.5
cactus,60.52,32.3,68.9,57.5
money_plant,42.4,32.3,69.0,57.5
snake_plant,21.47,32.3,69.0,57.5
cactus,60.58,32.3,69.0,57.5
money_plant,42.46,32.3,68.7,57.5
snake_plant,20.94,32.3,68.7,57.5
cactus,60.49,32.3,68.7,57.5
money_plant,42.46,32.3,68.9,57.5
snake_plant,21.35,32.3,68.9,57.5
cactus,60.33,32.3,68.9,57.5
money_plant,42.55,32.3,68.6,57.5
snake_plant,20.59,32.3,68.6,57.5
cactus,60.36,32.3,68.6,57.5
money_plant,42.34,32.3,69.0,57.5
cactus,60.24,32.3,69.0,57.5
money_plant,42.28,32.3,68.9,57.5
cactus,60.36,32.3,68.9,57.5
money_plant,42.28,32.3,68.8,57.5
snake_plant,21.31,32.3,68.8,57.5
cactus,60.3,32.3,68.8,57.5
money_plant,42.37,32.3,68.9,57.5
snake_plant,21.03,32.3,68.9,57.5
snake_plant,21.03,32.3,68.7,57.5
cactus,60.36,32.3,68.7,57.5
money_plant,42.22,32.3,68.7,57.5
snake_plant,21.16,32.3,68.7,57.5
money_plant,42.1,32.3,68.7,57.5
snake_plant,20.59,32.3,68.7,57.5
cactus,60.61,32.3,68.7,57.5
snake_plant,20.72,32.3,68.8,57.5
cactus,60.36,32.3,68.8,57.5
money_plant,42.7,32.3,68.5,57.5
snake_plant,20.91,32.3,68.5,57.5
cactus,60.36,32.3,68.5,57.5
money_plant,41.99,32.3,68.6,57.5
snake_plant,20.91,32.3,68.6,57.5
cactus,60.21,32.3,68.6,57.5
money_plant,42.13,32.3,68.7,57.5
snake_plant,21.22,32.3,68.7,57.5
cactus,60.27,32.3,68.7,57.5
money_plant,41.9,32.3,68.7,23.33
snake_plant,21.06,32.3,68.7,23.33
cactus,60.3,32.3,68.7,23.33
money_plant,42.16,32.3,68.7,5.83
snake_plant,78.59,32.3,68.7,5.83
cactus,60.12,32.3,68.7,5.83
money_plant,41.84,32.4,68.7,56.67
snake_plant,74.65,32.4,68.7,56.67
cactus,60.03,32.4,68.7,56.67
money_plant,41.33,32.4,68.9,56.67
snake_plant,74.93,32.4,68.9,56.67
cactus,59.91,32.4,68.9,56.67
money_plant,42.49,32.4,68.8,57.5
snake_plant,74.59,32.4,68.8,57.5
cactus,60.0,32.4,68.8,57.5
money_plant,43.38,32.3,69.0,57.5
snake_plant,74.59,32.3,69.0,57.5
cactus,59.94,32.3,69.0,57.5
money_plant,43.5,32.4,69.0,57.5
snake_plant,73.99,32.4,69.0,57.5
cactus,59.82,32.4,69.0,57.5
money_plant,43.5,32.3,69.1,57.5
snake_plant,73.62,32.3,69.1,57.5
cactus,57.66,32.3,69.1,57.5
money_plant,43.61,32.4,68.9,57.5
snake_plant,73.46,32.4,68.9,57.5
cactus,59.76,32.4,68.9,57.5
money_plant,43.5,32.4,68.9,57.5
snake_plant,72.39,32.4,68.9,57.5
snake_plant,71.58,32.4,68.9,57.5
cactus,59.64,32.4,68.9,57.5
money_plant,43.44,32.4,69.1,57.5
snake_plant,70.89,32.4,69.1,57.5
cactus,59.7,32.4,69.1,57.5
money_plant,43.23,32.4,69.0,57.5
snake_plant,70.67,32.4,69.0,57.5
cactus,59.7,32.4,69.0,57.5
money_plant,43.17,32.4,69.0,57.5
snake_plant,70.42,32.4,69.0,57.5
cactus,59.58,32.4,69.0,57.5
money_plant,43.14,32.4,69.2,57.5
snake_plant,70.36,32.4,69.2,57.5
cactus,59.54,32.4,69.2,57.5
money_plant,43.08,32.4,69.2,57.5
snake_plant,69.86,32.4,69.2,57.5
cactus,59.51,32.4,69.2,57.5
money_plant,43.14,32.4,68.9,57.5
snake_plant,69.86,32.4,68.9,57.5
cactus,59.48,32.4,68.9,57.5
money_plant,42.9,32.4,69.2,57.5
snake_plant,68.86,32.4,69.2,57.5
money_plant,42.9,32.4,69.0,57.5
snake_plant,68.79,32.4,69.0,57.5
cactus,59.48,32.4,69.0,57.5
money_plant,43.02,32.4,69.2,56.67
snake_plant,68.89,32.4,69.2,56.67
cactus,59.39,32.4,69.2,56.67
money_plant,43.11,32.4,69.1,57.5
snake_plant,68.58,32.4,69.1,57.5
cactus,59.36,32.4,69.1,57.5
money_plant,42.9,32.4,69.0,56.67
snake_plant,68.26,32.4,69.0,56.67
cactus,59.36,32.4,69.0,56.67
money_plant,43.02,32.3,69.1,57.5
snake_plant,68.48,32.3,69.1,57.5
cactus,59.27,32.3,69.1,57.5
money_plant,42.76,32.4,69.2,57.5
snake_plant,67.98,32.4,69.2,57.5
cactus,59.42,32.4,69.2,57.5
money_plant,42.55,32.4,69.0,57.5
snake_plant,69.67,32.4,69.0,57.5
cactus,59.36,32.4,69.0,57.5
money_plant,42.61,32.4,69.2,56.67
snake_plant,67.45,32.4,69.2,56.67
cactus,59.3,32.4,69.2,56.67
money_plant,42.55,32.4,69.3,57.5
snake_plant,67.17,32.4,69.3,57.5
cactus,59.3,32.4,69.3,57.5
money_plant,42.31,32.3,69.3,56.67
snake_plant,66.95,32.3,69.3,56.67
cactus,59.18,32.3,69.3,56.67
money_plant,42.58,32.4,69.3,57.5
snake_plant,66.48,32.4,69.3,57.5
cactus,59.12,32.4,69.3,57.5
money_plant,42.13,32.4,69.3,56.67
snake_plant,66.1,32.4,69.3,56.67
cactus,59.27,32.4,69.3,56.67
money_plant,42.16,32.4,69.4,56.67
snake_plant,65.54,32.4,69.4,56.67
cactus,59.18,32.4,69.4,56.67
money_plant,42.31,32.4,69.4,56.67
snake_plant,65.48,32.4,69.4,56.67
cactus,59.03,32.4,69.4,56.67
money_plant,42.46,32.4,69.3,56.67
snake_plant,65.41,32.4,69.3,56.67
cactus,59.0,32.4,69.3,56.67
money_plant,42.16,32.4,69.4,57.5
snake_plant,64.91,32.4,69.4,57.5
cactus,58.91,32.4,69.4,57.5
money_plant,45.96,32.4,69.4,57.5
cactus,58.88,32.4,69.4,57.5
money_plant,42.19,32.4,69.4,56.67
snake_plant,64.85,32.4,69.4,56.67
cactus,60.3,32.4,69.4,56.67
money_plant,43.59,32.4,69.5,56.67
snake_plant,64.6,32.4,69.5,56.67
cactus,59.0,32.4,69.5,56.67
money_plant,42.34,32.4,69.6,56.67
snake_plant,64.54,32.4,69.6,56.67
cactus,59.42,32.4,69.6,56.67
money_plant,42.19,32.4,69.5,57.5
snake_plant,64.41,32.4,69.5,57.5
cactus,58.79,32.4,69.5,57.5
money_plant,42.01,32.3,69.5,56.67
snake_plant,64.26,32.3,69.5,56.67
cactus,59.0,32.3,69.5,56.67
money_plant,42.13,32.3,69.5,57.5
snake_plant,64.26,32.3,69.5,57.5
cactus,58.94,32.3,69.5,57.5
money_plant,42.1,32.3,69.5,56.67
snake_plant,61.16,32.3,69.5,56.67
cactus,58.82,32.3,69.5,56.67
money_plant,42.25,32.3,69.6,56.67
snake_plant,64.13,32.3,69.6,56.67
cactus,58.82,32.3,69.6,56.67
money_plant,42.01,32.4,69.6,56.67
snake_plant,63.76,32.4,69.6,56.67
cactus,58.85,32.4,69.6,56.67
money_plant,42.1,32.3,69.5,57.5
snake_plant,63.85,32.3,69.5,57.5
cactus,58.82,32.3,69.5,57.5
money_plant,42.01,32.4,69.5,57.5
snake_plant,63.88,32.4,69.5,57.5
cactus,58.88,32.4,69.5,57.5
money_plant,42.16,32.3,69.5,56.67
snake_plant,64.54,32.3,69.5,56.67
money_plant,42.07,32.4,69.4,57.5
snake_plant,63.69,32.4,69.4,57.5
cactus,58.73,32.4,69.4,57.5
money_plant,42.07,32.3,69.5,56.67
snake_plant,64.23,32.3,69.5,56.67
cactus,58.79,32.3,69.5,56.67
snake_plant,63.69,32.3,69.5,56.67
snake_plant,64.16,32.3,69.5,56.67
money_plant,41.87,32.3,69.4,56.67
snake_plant,63.22,32.3,69.4,56.67
cactus,58.57,32.3,69.4,56.67
money_plant,42.13,32.3,69.5,56.67
cactus,59.09,32.3,69.5,56.67
snake_plant,64.57,32.3,69.5,56.67
cactus,58.42,32.3,69.5,56.67
money_plant,41.96,32.3,69.6,57.5
snake_plant,64.66,32.3,69.6,57.5
cactus,58.73,32.3,69.6,57.5
money_plant,41.99,32.3,69.7,56.67
snake_plant,64.57,32.3,69.7,56.67
cactus,58.57,32.3,69.7,56.67
money_plant,42.01,32.3,69.5,57.5
snake_plant,64.6,32.3,69.5,57.5
cactus,58.63,32.3,69.5,57.5
money_plant,42.1,32.3,69.9,57.5
snake_plant,64.41,32.3,69.9,57.5
cactus,58.66,32.3,69.9,57.5
money_plant,41.72,32.2,69.7,57.5
snake_plant,64.48,32.2,69.7,57.5
cactus,58.66,32.2,69.7,57.5
money_plant,41.51,32.2,69.8,57.5
snake_plant,64.57,32.2,69.8,57.5
cactus,58.73,32.2,69.8,57.5
money_plant,42.01,32.3,69.9,57.5
snake_plant,64.63,32.3,69.9,57.5
cactus,58.57,32.3,69.9,57.5
money_plant,42.07,32.3,69.7,57.5
snake_plant,64.57,32.3,69.7,57.5
cactus,58.66,32.3,69.7,57.5
money_plant,41.87,32.2,69.8,57.5
snake_plant,64.66,32.2,69.8,57.5
cactus,58.57,32.2,69.8,57.5
money_plant,41.63,32.2,69.8,57.5
snake_plant,64.6,32.2,69.8,57.5
cactus,58.51,32.2,69.8,57.5
money_plant,41.84,32.2,69.8,57.5
cactus,58.54,32.2,69.8,57.5
money_plant,41.57,32.2,69.6,57.5
snake_plant,64.69,32.2,69.6,57.5
cactus,58.73,32.2,69.6,57.5
money_plant,41.96,32.3,69.7,56.67
snake_plant,64.66,32.3,69.7,56.67
cactus,58.39,32.3,69.7,56.67
money_plant,41.69,32.2,69.8,56.67
snake_plant,64.88,32.2,69.8,56.67
cactus,58.42,32.2,69.8,56.67
money_plant,41.63,32.2,69.8,56.67
snake_plant,64.85,32.2,69.8,56.67
cactus,58.39,32.2,69.8,56.67
money_plant,41.66,32.2,69.8,56.67
snake_plant,65.1,32.2,69.8,56.67
cactus,58.48,32.2,69.8,56.67
money_plant,41.87,32.3,70.0,56.67
snake_plant,64.98,32.3,70.0,56.67
cactus,58.57,32.3,70.0,56.67
money_plant,41.81,32.2,69.9,57.5
snake_plant,65.1,32.2,69.9,57.5
cactus,58.27,32.2,69.9,57.5
money_plant,41.69,32.2,69.8,57.5
snake_plant,65.1,32.2,69.8,57.5
cactus,57.94,32.2,69.8,57.5
money_plant,41.66,32.2,70.0,56.67
snake_plant,65.16,32.2,70.0,56.67
cactus,58.51,32.2,70.0,56.67
money_plant,40.18,32.3,70.1,56.67
snake_plant,65.38,32.3,70.1,56.67
cactus,58.51,32.3,70.1,56.67
money_plant,42.01,32.2,70.1,57.5
snake_plant,65.48,32.2,70.1,57.5
cactus,58.3,32.2,70.1,57.5
money_plant,41.6,32.3,69.9,57.5
snake_plant,66.13,32.3,69.9,57.5
cactus,58.51,32.3,69.9,57.5
snake_plant,66.04,32.3,69.9,57.5
cactus,58.45,32.3,69.9,57.5
money_plant,41.72,32.2,69.9,57.5
snake_plant,66.1,32.2,69.9,57.5
cactus,58.33,32.2,69.9,57.5
money_plant,41.6,32.2,69.9,56.67
snake_plant,65.88,32.2,69.9,56.67
cactus,58.24,32.2,69.9,56.67
money_plant,42.01,32.2,69.7,56.67
snake_plant,66.13,32.2,69.7,56.67
cactus,58.36,32.2,69.7,56.67
money_plant,41.6,32.3,69.8,56.67
snake_plant,66.07,32.3,69.8,56.67
cactus,57.91,32.3,69.8,56.67
money_plant,41.69,32.2,69.7,56.67
snake_plant,65.73,32.2,69.7,56.67
cactus,58.33,32.2,69.7,56.67
snake_plant,65.85,32.2,69.8,56.67
cactus,58.33,32.2,69.8,56.67
money_plant,41.63,32.2,69.9,56.67
snake_plant,65.98,32.2,69.9,56.67
money_plant,41.66,32.2,69.9,57.5
snake_plant,65.98,32.2,69.9,57.5
money_plant,41.54,32.2,69.9,56.67
snake_plant,66.13,32.2,69.9,56.67
cactus,58.27,32.2,69.9,56.67
money_plant,41.63,32.2,69.7,56.67
snake_plant,66.04,32.2,69.7,56.67
money_plant,41.54,32.2,69.6,56.67
snake_plant,65.98,32.2,69.6,56.67
cactus,58.24,32.2,69.6,56.67
money_plant,41.66,32.2,69.6,56.67
snake_plant,66.1,32.2,69.6,56.67
cactus,58.27,32.2,69.6,56.67
money_plant,41.54,32.2,69.8,56.67
snake_plant,66.07,32.2,69.8,56.67
cactus,58.21,32.2,69.8,56.67
money_plant,41.66,32.2,69.7,56.67
snake_plant,65.95,32.2,69.7,56.67
cactus,58.3,32.2,69.7,56.67
money_plant,41.36,32.2,69.8,56.67
snake_plant,66.23,32.2,69.8,56.67
cactus,58.09,32.2,69.8,56.67
money_plant,40.56,32.2,69.6,56.67
snake_plant,66.07,32.2,69.6,56.67
cactus,58.15,32.2,69.8,56.67
money_plant,41.36,32.2,69.9,56.67
snake_plant,66.23,32.2,69.9,56.67
cactus,58.09,32.2,69.9,56.67
money_plant,41.51,32.2,69.8,56.67
money_plant,41.39,32.2,69.8,56.67
snake_plant,66.17,32.2,69.8,56.67
snake_plant,66.35,32.2,69.7,56.67
cactus,58.24,32.2,69.7,56.67
money_plant,41.66,32.2,69.9,56.67
snake_plant,66.51,32.2,69.9,56.67
cactus,58.06,32.2,69.9,56.67
money_plant,41.36,32.2,69.9,57.5
snake_plant,66.35,32.2,69.9,57.5
cactus,58.09,32.2,69.9,57.5
snake_plant,66.35,32.2,69.8,56.67
cactus,58.63,32.2,69.8,56.67
money_plant,41.42,32.2,69.7,56.67
snake_plant,66.45,32.2,69.7,56.67
cactus,57.91,32.2,69.7,56.67
money_plant,41.36,32.2,69.6,56.67
snake_plant,66.38,32.2,69.6,56.67
cactus,58.06,32.2,69.6,56.67
money_plant,41.3,32.2,69.7,56.67
snake_plant,66.57,32.2,69.7,56.67
cactus,57.94,32.2,69.7,56.67
money_plant,41.19,32.2,69.6,57.5
snake_plant,66.54,32.2,69.6,57.5
cactus,57.97,32.2,69.6,57.5
money_plant,41.57,32.2,69.6,56.67
snake_plant,66.64,32.2,69.6,56.67
cactus,58.03,32.2,69.6,56.67
money_plant,41.36,32.2,69.7,56.67
snake_plant,66.89,32.2,69.7,56.67
money_plant,41.3,32.1,69.9,56.67
snake_plant,66.85,32.1,69.9,56.67
cactus,58.06,32.1,69.9,56.67
money_plant,42.81,32.1,69.7,56.67
snake_plant,66.23,32.1,69.7,56.67
cactus,58.06,32.1,69.7,56.67
money_plant,41.39,32.1,69.7,57.5
snake_plant,66.57,32.1,69.7,57.5
cactus,57.97,32.1,69.7,57.5
money_plant,41.36,32.1,69.8,56.67
snake_plant,66.73,32.1,69.8,56.67
cactus,58.03,32.1,69.8,56.67
money_plant,41.21,32.2,69.9,56.67
snake_plant,66.67,32.2,69.9,56.67
cactus,58.15,32.2,69.9,56.67
snake_plant,66.79,32.2,69.8,56.67
cactus,57.85,32.2,69.8,56.67
money_plant,41.66,32.1,69.7,56.67
snake_plant,66.85,32.1,69.7,56.67
cactus,58.03,32.1,69.7,56.67
snake_plant,66.51,32.2,69.8,56.67
cactus,58.0,32.2,69.8,56.67
money_plant,41.36,32.1,69.5,56.67
snake_plant,66.64,32.1,69.5,56.67
cactus,58.12,32.1,69.5,56.67
money_plant,41.27,32.2,69.7,56.67
snake_plant,66.6,32.2,69.7,56.67
cactus,57.97,32.2,69.7,56.67
money_plant,41.3,32.2,69.6,56.67
snake_plant,66.57,32.2,69.6,56.67
cactus,57.97,32.2,69.6,56.67
money_plant,41.48,32.2,69.5,56.67
snake_plant,66.76,32.2,69.5,56.67
cactus,57.97,32.2,69.5,56.67
money_plant,41.21,32.1,69.7,56.67
snake_plant,66.79,32.1,69.7,56.67
money_plant,41.24,32.1,69.6,56.67
snake_plant,66.57,32.1,69.6,56.67
cactus,57.81,32.1,69.6,56.67
money_plant,41.24,32.1,69.7,56.67
snake_plant,66.89,32.1,69.7,56.67
cactus,57.85,32.1,69.7,56.67
money_plant,41.33,32.2,69.7,56.67
snake_plant,67.07,32.2,69.7,56.67
cactus,58.06,32.2,69.7,56.67
money_plant,41.51,32.2,69.6,56.67
snake_plant,66.79,32.2,69.6,56.67
money_plant,41.3,32.2,69.5,56.67
snake_plant,67.01,32.2,69.5,56.67
cactus,58.03,32.2,69.5,56.67
money_plant,41.21,32.2,69.7,56.67
snake_plant,66.76,32.2,69.7,56.67
money_plant,41.19,32.2,69.6,56.67
snake_plant,66.67,32.2,69.6,56.67
cactus,57.91,32.2,69.6,56.67
snake_plant,67.01,32.2,69.6,56.67
cactus,57.78,32.2,69.6,56.67
snake_plant,66.95,32.2,69.7,56.67
cactus,58.03,32.2,69.7,56.67
money_plant,40.8,32.2,69.6,56.67
snake_plant,67.26,32.2,69.6,56.67
money_plant,41.42,32.1,69.7,56.67
snake_plant,66.42,32.1,69.7,56.67
cactus,57.75,32.1,69.7,56.67
money_plant,41.21,32.2,69.8,57.5
snake_plant,66.98,32.2,69.8,57.5
cactus,57.78,32.2,69.8,57.5
money_plant,41.19,32.1,69.7,57.5
snake_plant,67.07,32.1,69.7,57.5
cactus,57.81,32.1,69.7,57.5
money_plant,41.21,32.2,69.7,57.5
snake_plant,68.23,32.2,69.7,57.5
cactus,57.81,32.2,69.7,57.5
money_plant,41.24,32.1,69.7,57.5
snake_plant,67.39,32.1,69.7,57.5
cactus,58.03,32.1,69.7,57.5
money_plant,41.21,32.1,69.6,57.5
snake_plant,67.42,32.1,69.6,57.5
cactus,57.75,32.1,69.6,57.5
snake_plant,69.61,32.1,69.7,57.5
cactus,58.06,32.1,69.7,57.5
money_plant,41.54,32.1,69.9,57.5
snake_plant,70.14,32.1,69.9,57.5
cactus,58.03,32.1,69.9,57.5
money_plant,41.27,32.1,69.7,57.5
snake_plant,70.52,32.1,69.7,57.5
cactus,57.94,32.1,69.7,57.5
money_plant,41.54,32.2,69.6,57.5
snake_plant,70.42,32.2,69.6,57.5
cactus,58.18,32.2,69.6,57.5
money_plant,41.21,32.1,69.7,57.5
snake_plant,70.49,32.1,69.7,57.5
cactus,58.66,32.1,69.7,57.5
snake_plant,70.58,32.1,69.7,57.5
cactus,58.0,32.1,69.7,57.5
snake_plant,70.8,32.1,69.7,57.5
cactus,54.84,32.1,69.7,57.5
money_plant,41.21,32.1,69.9,57.5
snake_plant,70.67,32.1,69.9,57.5
cactus,58.12,32.1,69.9,57.5
money_plant,41.36,32.1,69.6,57.5
snake_plant,70.52,32.1,69.6,57.5
cactus,57.91,32.1,69.6,57.5
money_plant,41.1,32.0,69.6,57.5
snake_plant,70.58,32.0,69.6,57.5
cactus,57.97,32.0,69.6,57.5
money_plant,41.27,32.1,69.6,57.5
snake_plant,70.92,32.1,69.6,57.5
cactus,57.78,32.1,69.6,57.5
money_plant,41.13,32.0,69.7,57.5
snake_plant,70.61,32.0,69.7,57.5
cactus,57.0,32.0,69.7,57.5
money_plant,41.36,32.0,69.8,57.5
snake_plant,70.99,32.0,69.8,57.5
cactus,57.97,32.0,69.8,57.5
money_plant,41.16,32.0,69.8,57.5
snake_plant,71.11,32.0,69.8,57.5
money_plant,41.04,32.0,69.6,57.5
snake_plant,70.7,32.0,69.6,57.5
cactus,57.94,32.0,69.6,57.5
money_plant,41.19,32.1,69.8,57.5
snake_plant,71.08,32.1,69.8,57.5
cactus,57.91,32.1,69.8,57.5
money_plant,41.16,32.1,69.6,57.5
snake_plant,71.17,32.1,69.6,57.5
cactus,59.51,32.1,69.6,57.5
snake_plant,71.14,32.1,69.6,57.5
money_plant,41.21,32.1,69.5,57.5
snake_plant,71.14,32.1,69.5,57.5
cactus,57.81,32.1,69.5,57.5
money_plant,41.21,32.1,69.4,57.5
snake_plant,70.95,32.1,69.4,57.5
cactus,57.75,32.1,69.4,57.5
snake_plant,70.95,32.1,69.5,57.5
cactus,57.88,32.1,69.5,57.5
money_plant,41.19,32.1,69.5,57.5
snake_plant,71.05,32.1,69.5,57.5
cactus,57.78,32.1,69.5,57.5
money_plant,40.71,32.1,69.3,57.5
snake_plant,71.55,32.1,69.3,57.5
cactus,57.78,32.1,69.3,57.5
money_plant,41.04,32.1,69.4,57.5
snake_plant,71.36,32.1,69.4,57.5
cactus,57.91,32.1,69.4,57.5
money_plant,41.19,32.1,69.7,56.67
snake_plant,71.08,32.1,69.7,56.67
cactus,57.94,32.1,69.7,56.67
money_plant,41.27,32.1,70.7,57.5
snake_plant,71.27,32.1,70.7,57.5
cactus,57.78,32.1,70.7,57.5
money_plant,41.16,32.0,70.4,57.5
snake_plant,71.36,32.0,70.4,57.5
cactus,57.78,32.0,70.4,57.5
money_plant,41.21,32.0,70.7,57.5
snake_plant,71.55,32.0,70.7,57.5
cactus,57.97,32.0,70.7,57.5
money_plant,41.19,32.0,70.6,56.67
snake_plant,71.3,32.0,70.6,56.67
cactus,57.75,32.0,70.6,56.67
money_plant,41.04,31.9,70.9,56.67
snake_plant,75.18,31.9,70.9,56.67
cactus,57.75,31.9,70.9,56.67
money_plant,41.04,31.9,71.0,56.67
snake_plant,72.39,31.9,71.0,56.67
cactus,57.75,31.9,71.0,56.67
money_plant,41.24,31.9,71.2,57.5
snake_plant,72.36,31.9,71.2,57.5
cactus,57.54,31.9,71.2,57.5
money_plant,40.92,31.9,71.3,56.67
snake_plant,72.27,31.9,71.3,56.67
cactus,57.69,31.9,71.3,56.67
money_plant,41.07,31.9,71.4,56.67
snake_plant,72.43,31.9,71.4,56.67
cactus,57.69,31.9,71.4,56.67
money_plant,41.39,31.9,71.3,56.67
snake_plant,72.14,31.9,71.3,56.67
cactus,57.72,31.9,71.3,56.67
money_plant,41.21,31.9,71.4,56.67
snake_plant,72.64,31.9,71.4,56.67
cactus,57.81,31.9,71.4,56.67
money_plant,41.13,31.9,71.4,56.67
snake_plant,72.93,31.9,71.4,56.67
cactus,57.75,31.9,71.4,56.67
money_plant,41.16,31.9,71.2,56.67
snake_plant,72.46,31.9,71.2,56.67
cactus,57.75,31.9,71.2,56.67
snake_plant,72.61,31.9,71.4,56.67
money_plant,40.83,31.8,71.4,56.67
snake_plant,72.71,31.8,71.4,56.67
cactus,57.75,31.8,71.4,56.67
money_plant,41.19,31.8,71.3,56.67
snake_plant,72.61,31.8,71.3,56.67
cactus,57.75,31.8,71.3,56.67
money_plant,40.86,31.8,71.6,57.5
snake_plant,72.49,31.8,71.6,57.5
cactus,57.6,31.8,71.6,57.5
money_plant,41.16,31.8,71.5,56.67
snake_plant,73.52,31.8,71.5,56.67
cactus,57.75,31.8,71.5,56.67
money_plant,41.24,31.8,71.5,56.67
snake_plant,72.77,31.8,71.5,56.67
cactus,57.69,31.8,71.5,56.67
money_plant,41.13,31.8,71.5,56.67
snake_plant,72.64,31.8,71.5,56.67
money_plant,41.19,31.8,71.4,56.67
snake_plant,72.58,31.8,71.4,56.67
cactus,57.72,31.8,71.4,56.67
money_plant,41.21,31.8,71.5,57.5
snake_plant,72.58,31.8,71.5,57.5
cactus,57.54,31.8,71.5,57.5
snake_plant,72.74,31.8,71.5,57.5
money_plant,41.07,31.9,71.6,56.67
snake_plant,72.58,31.9,71.6,56.67
cactus,57.48,31.9,71.6,56.67
money_plant,41.16,31.9,71.6,56.67
cactus,57.36,31.9,71.6,56.67
money_plant,40.89,31.9,71.7,56.67
snake_plant,72.55,31.9,71.7,56.67
cactus,57.36,31.9,71.7,56.67
money_plant,41.19,31.9,71.7,57.5
snake_plant,72.58,31.9,71.7,57.5
cactus,57.57,31.9,71.7,57.5
money_plant,41.07,31.9,71.8,56.67
snake_plant,72.61,31.9,71.8,56.67
cactus,57.48,31.9,71.8,56.67
money_plant,41.07,31.9,71.7,56.67
cactus,57.57,31.9,71.7,56.67
money_plant,40.8,31.9,72.0,56.67
snake_plant,72.61,31.9,72.0,56.67
cactus,57.33,31.9,72.0,56.67
money_plant,40.95,31.9,71.7,57.5
snake_plant,72.52,31.9,71.7,57.5
cactus,57.33,31.9,71.7,57.5
money_plant,41.16,31.9,71.7,56.67
snake_plant,72.58,31.9,71.7,56.67
money_plant,41.04,32.0,71.9,56.67
snake_plant,72.58,32.0,71.9,56.67
cactus,57.27,32.0,71.9,56.67
money_plant,40.8,31.9,71.9,56.67
snake_plant,72.58,31.9,71.9,56.67
cactus,57.54,31.9,71.9,56.67
money_plant,43.59,31.9,71.8,57.5
snake_plant,72.8,31.9,71.8,57.5
cactus,57.42,31.9,71.8,57.5
money_plant,41.04,31.9,71.8,56.67
snake_plant,73.18,31.9,71.8,56.67
cactus,57.33,31.9,71.8,56.67
money_plant,40.83,31.9,71.7,56.67
snake_plant,72.77,31.9,71.7,56.67
cactus,57.27,31.9,71.7,56.67
money_plant,40.86,31.9,71.6,57.5
snake_plant,72.93,31.9,71.6,57.5
cactus,57.33,31.9,71.6,57.5
money_plant,40.71,31.9,71.7,56.67
cactus,57.3,31.9,71.7,56.67
money_plant,41.07,32.0,71.5,57.5
snake_plant,72.93,32.0,71.5,57.5
cactus,57.3,32.0,71.5,57.5
money_plant,40.62,31.9,71.8,57.5
snake_plant,72.58,31.9,71.8,57.5
cactus,57.39,31.9,71.8,57.5
money_plant,40.39,31.9,71.7,56.67
money_plant,40.8,31.9,71.3,57.5
snake_plant,72.58,31.9,71.3,57.5
cactus,57.33,31.9,71.3,57.5
money_plant,40.92,31.9,71.7,57.5
money_plant,41.13,31.9,71.6,56.67
snake_plant,72.61,31.9,71.6,56.67
cactus,57.3,31.9,71.6,56.67
money_plant,40.74,31.9,71.7,57.5
snake_plant,72.86,31.9,71.7,57.5
cactus,57.36,31.9,71.7,57.5
money_plant,40.86,31.9,71.7,56.67
snake_plant,72.93,31.9,71.7,56.67
cactus,57.33,31.9,71.7,56.67
money_plant,40.71,31.8,71.7,56.67
snake_plant,71.58,31.8,71.7,56.67
cactus,57.27,31.8,71.7,56.67
money_plant,40.77,31.8,71.7,56.67
snake_plant,72.96,31.8,71.7,56.67
cactus,57.21,31.8,71.7,56.67
money_plant,39.41,31.8,71.6,56.67
snake_plant,72.71,31.8,71.6,56.67
cactus,57.39,31.8,71.6,56.67
money_plant,40.44,31.9,71.6,56.67
snake_plant,72.74,31.9,71.6,56.67
cactus,57.45,31.9,71.6,56.67
money_plant,40.8,31.9,71.7,0.0
snake_plant,72.58,31.9,71.7,0.0
cactus,57.3,31.9,71.7,0.0
money_plant,40.86,31.9,71.5,0.0
snake_plant,72.71,31.9,71.5,0.0
cactus,57.27,31.9,71.5,0.0
money_plant,41.21,31.9,71.3,0.0
snake_plant,73.18,31.9,71.3,0.0
cactus,57.36,31.9,71.3,0.0
money_plant,40.89,31.9,71.2,0.0
snake_plant,72.64,31.9,71.2,0.0
cactus,57.24,31.9,71.2,0.0
money_plant,40.89,31.9,71.0,0.0
snake_plant,73.08,31.9,71.0,0.0
cactus,57.27,31.9,71.0,0.0
money_plant,40.62,31.9,70.7,0.0
snake_plant,73.05,31.9,70.7,0.0
cactus,57.24,31.9,70.7,0.0
money_plant,40.53,31.9,70.6,0.0
snake_plant,72.58,31.9,70.6,0.0
cactus,57.6,31.9,70.6,0.0
money_plant,40.53,31.9,70.7,0.0
snake_plant,72.86,31.9,70.7,0.0
cactus,57.33,31.9,70.7,0.0
money_plant,40.56,31.9,70.7,0.0
snake_plant,72.93,31.9,70.7,0.0
cactus,57.21,31.9,70.7,0.0
money_plant,41.13,31.8,70.7,0.0
snake_plant,72.99,31.8,70.7,0.0
cactus,57.36,31.8,70.7,0.0
money_plant,40.27,31.8,70.5,0.0
snake_plant,72.77,31.8,70.5,0.0
cactus,57.33,31.8,70.5,0.0
money_plant,40.33,31.8,70.4,0.0
snake_plant,73.11,31.8,70.4,0.0
cactus,57.42,31.8,70.4,0.0
money_plant,40.41,31.8,70.5,0.0
snake_plant,72.68,31.8,70.5,0.0
cactus,57.42,31.8,70.5,0.0
money_plant,40.59,31.8,70.6,0.0
snake_plant,72.61,31.8,70.6,0.0
cactus,57.66,31.8,70.6,0.0
money_plant,40.83,31.8,70.7,0.0
snake_plant,72.9,31.8,70.7,0.0
cactus,57.3,31.8,70.7,0.0
money_plant,40.83,31.8,70.5,0.0
snake_plant,72.99,31.8,70.5,0.0
cactus,57.24,31.8,70.5,0.0
money_plant,40.77,31.8,70.5,0.0
snake_plant,73.02,31.8,70.5,0.0
cactus,57.3,31.8,70.5,0.0
money_plant,40.41,31.8,70.4,0.0
snake_plant,72.9,31.8,70.4,0.0
cactus,57.3,31.8,70.4,0.0
money_plant,40.71,31.8,70.5,0.0
snake_plant,72.64,31.8,70.5,0.0
cactus,57.12,31.8,70.5,0.0
snake_plant,73.05,31.8,70.5,0.0
cactus,57.48,31.8,70.5,0.0
money_plant,40.44,31.8,70.2,0.0
snake_plant,73.3,31.8,70.2,0.0
cactus,57.24,31.8,70.2,0.0
money_plant,40.44,31.7,70.4,0.0
snake_plant,72.86,31.7,70.4,0.0
cactus,57.45,31.7,70.4,0.0
money_plant,40.71,31.7,70.2,0.0
snake_plant,72.93,31.7,70.2,0.0
cactus,57.33,31.7,70.2,0.0
money_plant,40.59,31.7,70.4,0.0
snake_plant,73.02,31.7,70.4,0.0
cactus,57.24,31.7,70.4,0.0
money_plant,40.71,31.7,70.4,0.0
snake_plant,72.55,31.7,70.4,0.0
cactus,57.36,31.7,70.4,0.0
money_plant,40.65,31.7,70.4,0.0
snake_plant,72.99,31.7,70.4,0.0
cactus,57.21,31.7,70.4,0.0
money_plant,40.53,31.7,70.4,0.0
snake_plant,73.24,31.7,70.4,0.0
money_plant,40.47,31.7,70.5,0.0
snake_plant,73.05,31.7,70.5,0.0
cactus,57.18,31.7,70.5,0.0
money_plant,40.3,31.7,70.5,0.0
snake_plant,73.02,31.7,70.5,0.0
cactus,57.3,31.7,70.5,0.0
money_plant,40.77,31.7,70.5,0.0
snake_plant,72.86,31.7,70.5,0.0
snake_plant,73.18,31.7,70.4,0.0
cactus,57.18,31.7,70.4,0.0
money_plant,40.71,31.7,70.3,0.0
snake_plant,73.36,31.7,70.3,0.0
cactus,57.24,31.7,70.3,0.0
money_plant,40.53,31.7,70.2,0.0
snake_plant,72.8,31.7,70.2,0.0
cactus,57.36,31.7,70.2,0.0
money_plant,40.89,31.7,70.4,0.0
cactus,57.33,31.7,70.4,0.0
money_plant,40.44,31.7,70.2,0.0
snake_plant,71.64,31.7,70.2,0.0
money_plant,40.53,31.7,70.3,0.0
snake_plant,73.02,31.7,70.3,0.0
cactus,57.54,31.7,70.3,0.0
money_plant,40.33,31.7,70.2,0.0
snake_plant,73.15,31.7,70.2,0.0
cactus,57.3,31.7,70.2,0.0
money_plant,40.39,31.7,70.4,0.0
snake_plant,73.21,31.7,70.4,0.0
cactus,57.54,31.7,70.4,0.0
money_plant,40.56,31.7,70.3,0.0
snake_plant,73.05,31.7,70.3,0.0
cactus,57.33,31.7,70.3,0.0
money_plant,40.41,31.7,70.2,0.0
snake_plant,73.27,31.7,70.2,0.0
money_plant,40.95,31.7,70.4,0.0
snake_plant,73.08,31.7,70.4,0.0
snake_plant,73.11,31.7,70.4,0.0
cactus,57.48,31.7,70.4,0.0
snake_plant,73.21,31.7,70.3,0.0
cactus,57.42,31.7,70.3,0.0
money_plant,40.27,31.7,70.2,0.0
cactus,57.45,31.7,70.2,0.0
money_plant,40.36,31.6,70.4,0.0
snake_plant,73.02,31.6,70.4,0.0
cactus,57.54,31.6,70.4,0.0
money_plant,41.16,31.6,70.1,0.0
snake_plant,73.02,31.6,70.1,0.0
cactus,57.42,31.6,70.1,0.0
snake_plant,72.93,31.7,70.4,0.0
money_plant,40.3,31.6,70.4,0.0
snake_plant,73.05,31.6,70.4,0.0
cactus,57.42,31.6,70.4,0.0
money_plant,40.47,31.7,70.3,0.0
snake_plant,72.24,31.7,70.3,0.0
cactus,57.36,31.7,70.3,0.0
snake_plant,72.8,31.7,70.3,0.0
cactus,57.27,31.7,70.3,0.0
money_plant,40.44,31.6,70.3,0.0
snake_plant,73.08,31.6,70.3,0.0
cactus,57.27,31.6,70.3,0.0
money_plant,40.36,31.6,70.2,0.0
snake_plant,73.18,31.6,70.2,0.0
cactus,57.18,31.6,70.2,0.0
money_plant,40.41,31.6,70.3,0.0
snake_plant,72.86,31.6,70.3,0.0
money_plant,40.33,31.7,70.4,0.0
snake_plant,73.05,31.7,70.4,0.0
cactus,57.06,31.7,70.4,0.0
money_plant,40.39,31.6,70.3,0.0
snake_plant,73.02,31.6,70.3,0.0
cactus,57.06,31.6,70.3,0.0
money_plant,40.41,31.7,70.5,0.0
snake_plant,72.8,31.7,70.5,0.0
cactus,56.93,31.7,70.5,0.0
money_plant,40.33,31.7,70.3,0.0
snake_plant,72.9,31.7,70.3,0.0
cactus,57.09,31.7,70.3,0.0
cactus,57.03,31.7,70.3,0.0
money_plant,40.36,31.6,70.3,0.0
cactus,56.81,31.6,70.3,0.0
money_plant,40.18,31.7,70.3,0.0
cactus,57.06,31.7,70.3,0.0
cactus,56.84,31.7,70.4,0.0
money_plant,40.59,31.6,70.3,0.0
snake_plant,72.77,31.6,70.3,0.0
cactus,56.97,31.6,70.3,0.0
snake_plant,72.74,31.7,70.4,0.0
cactus,56.81,31.7,70.4,0.0
money_plant,40.24,31.7,70.4,0.0
cactus,56.97,31.7,70.4,0.0
money_plant,40.33,31.7,70.6,0.0
snake_plant,72.61,31.7,70.6,0.0
cactus,56.84,31.7,70.6,0.0
money_plant,40.41,31.7,70.1,0.0
snake_plant,73.08,31.7,70.1,0.0
cactus,56.75,31.7,70.1,0.0
money_plant,40.74,31.7,70.1,0.0
snake_plant,72.99,31.7,70.1,0.0
cactus,56.78,31.7,70.1,0.0
money_plant,40.12,31.7,70.4,0.0
cactus,56.66,31.7,70.4,0.0
money_plant,40.33,31.6,70.3,0.0
snake_plant,72.8,31.6,70.3,0.0
cactus,56.78,31.6,70.3,0.0
money_plant,40.27,31.6,70.3,0.0
snake_plant,72.71,31.6,70.3,0.0
money_plant,40.27,31.6,70.4,0.0
snake_plant,72.77,31.6,70.4,0.0
cactus,56.72,31.6,70.4,0.0
money_plant,40.41,31.7,70.3,0.0
snake_plant,72.86,31.7,70.3,0.0
cactus,56.69,31.7,70.3,0.0
money_plant,40.36,31.7,70.4,0.0
cactus,56.63,31.7,70.4,0.0
money_plant,40.27,31.7,70.6,0.0
snake_plant,73.05,31.7,70.6,0.0
cactus,57.36,31.7,70.6,0.0
money_plant,40.3,31.7,70.6,0.0
snake_plant,72.96,31.7,70.6,0.0
cactus,56.69,31.7,70.6,0.0
snake_plant,73.15,31.7,70.4,0.0
cactus,56.69,31.7,70.4,0.0
snake_plant,72.9,31.7,70.2,0.0
cactus,56.69,31.7,70.2,0.0
cactus,56.72,31.7,70.3,0.0
money_plant,41.96,31.7,70.4,0.0
snake_plant,72.77,31.7,70.4,0.0
cactus,56.57,31.7,70.4,0.0
snake_plant,76.87,31.7,70.4,0.0
cactus,56.45,31.7,70.4,0.0
money_plant,45.51,31.7,70.5,0.0
snake_plant,72.99,31.7,70.5,0.0
cactus,56.48,31.7,70.5,0.0
money_plant,40.27,31.7,70.3,0.0
cactus,56.51,31.7,70.3,0.0
money_plant,40.33,31.6,70.2,0.0
snake_plant,74.49,31.6,70.2,0.0
cactus,56.33,31.6,70.2,0.0
cactus,56.51,31.6,70.3,0.0
money_plant,40.27,31.6,70.5,0.0
snake_plant,72.86,31.6,70.5,0.0
cactus,56.42,31.6,70.5,0.0
money_plant,40.44,31.7,70.5,0.0
snake_plant,71.49,31.7,70.5,0.0
cactus,56.33,31.7,70.5,0.0
snake_plant,73.27,31.7,70.4,0.0
cactus,56.33,31.7,70.4,0.0
money_plant,38.84,31.6,70.5,0.0
snake_plant,73.11,31.6,70.5,0.0
cactus,56.57,31.6,70.5,0.0
snake_plant,72.05,31.7,70.4,0.0
cactus,56.42,31.7,70.4,0.0
money_plant,40.24,31.6,70.4,0.0
snake_plant,72.99,31.6,70.4,0.0
cactus,56.39,31.6,70.4,0.0
snake_plant,72.99,31.7,70.3,0.0
cactus,56.42,31.7,70.3,0.0
money_plant,40.15,31.6,70.4,0.0
snake_plant,73.11,31.6,70.4,0.0
cactus,56.42,31.6,70.4,0.0
money_plant,40.18,31.6,70.6,0.0
snake_plant,72.9,31.6,70.6,0.0
cactus,56.75,31.6,70.6,0.0
money_plant,39.97,31.6,70.5,0.0
snake_plant,72.99,31.6,70.5,0.0
cactus,56.33,31.6,70.3,0.0
snake_plant,72.8,31.6,70.4,0.0
cactus,56.3,31.6,70.4,0.0
money_plant,40.12,31.6,70.3,0.0
cactus,56.42,31.6,70.3,0.0
snake_plant,73.08,31.6,70.5,0.0
cactus,56.39,31.6,70.5,0.0
cactus,56.39,31.7,70.2,0.0
money_plant,39.7,31.6,70.4,0.0
snake_plant,72.96,31.6,70.4,0.0
cactus,56.27,31.6,70.4,0.0
snake_plant,73.08,31.6,70.4,0.0
money_plant,40.33,31.6,70.6,0.0
snake_plant,73.08,31.6,70.6,0.0
cactus,56.3,31.6,70.6,0.0
snake_plant,72.74,31.6,70.4,0.0
cactus,56.24,31.6,70.4,0.0
money_plant,40.06,31.6,70.4,0.0
money_plant,39.97,31.6,70.4,0.0
cactus,56.33,31.6,70.4,0.0
money_plant,40.21,31.6,70.4,0.0
snake_plant,72.61,31.6,70.4,0.0
cactus,56.21,31.6,70.4,0.0
money_plant,40.09,31.6,70.5,0.0
snake_plant,73.02,31.6,70.5,0.0
cactus,56.24,31.6,70.5,0.0
money_plant,40.18,31.6,70.5,0.0
snake_plant,73.18,31.6,70.5,0.0
cactus,56.12,31.6,70.5,0.0
money_plant,40.18,31.6,70.4,0.0
cactus,56.12,31.6,70.4,0.0
money_plant,40.15,31.6,70.5,0.0
snake_plant,72.9,31.6,70.5,0.0
cactus,56.15,31.6,70.5,0.0
money_plant,40.33,31.6,70.4,0.0
cactus,56.15,31.6,70.4,0.0
snake_plant,74.02,31.6,70.4,0.0
snake_plant,74.21,31.6,70.5,0.0
cactus,56.27,31.6,70.5,0.0
money_plant,40.0,31.6,70.5,0.0
snake_plant,74.08,31.6,70.5,0.0
cactus,55.96,31.6,70.5,0.0
snake_plant,73.96,31.6,70.4,0.0
cactus,56.08,31.6,70.4,0.0
money_plant,41.13,31.6,70.4,0.0
snake_plant,74.08,31.6,70.4,0.0
money_plant,40.27,31.5,70.3,0.0
snake_plant,74.27,31.5,70.3,0.0
cactus,56.15,31.5,70.3,0.0
money_plant,40.27,31.5,70.5,0.0
snake_plant,73.77,31.5,70.5,0.0
cactus,56.21,31.5,70.5,0.0
money_plant,40.21,31.5,70.5,0.0
snake_plant,74.4,31.5,70.5,0.0
cactus,56.15,31.5,70.5,0.0
money_plant,40.83,31.5,70.6,0.0
snake_plant,74.18,31.5,70.6,0.0
cactus,56.3,31.5,70.6,0.0
snake_plant,74.12,31.6,70.5,0.0
cactus,56.21,31.6,70.5,0.0
money_plant,40.09,31.6,70.3,0.0
snake_plant,74.27,31.6,70.3,0.0
cactus,56.15,31.6,70.3,0.0
snake_plant,74.37,31.6,70.5,0.0
money_plant,40.12,31.6,70.5,0.0
cactus,55.99,31.6,70.5,0.0
money_plant,40.27,31.5,70.4,0.0
snake_plant,74.52,31.5,70.4,0.0
cactus,55.99,31.5,70.4,0.0
money_plant,40.21,31.5,70.4,0.0
snake_plant,74.4,31.5,70.4,0.0
cactus,56.12,31.5,70.4,0.0
snake_plant,74.15,31.5,70.4,0.0
money_plant,40.12,31.5,70.6,0.0
snake_plant,74.24,31.5,70.6,0.0
cactus,55.93,31.5,70.6,0.0
money_plant,40.21,31.5,70.6,0.0
snake_plant,73.93,31.5,70.6,0.0
cactus,56.42,31.5,70.6,0.0
money_plant,40.18,31.5,70.7,0.0
snake_plant,74.46,31.5,70.7,0.0
cactus,56.08,31.5,70.7,0.0
money_plant,40.09,31.5,70.5,0.0
snake_plant,74.12,31.5,70.5,0.0
cactus,55.96,31.5,70.5,0.0
money_plant,40.12,31.5,70.4,0.0
snake_plant,74.55,31.5,70.4,0.0
money_plant,40.18,31.5,70.6,0.0
cactus,55.02,31.5,70.6,0.0
money_plant,40.09,31.5,70.4,0.0
snake_plant,73.93,31.5,70.4,0.0
money_plant,40.18,31.5,70.5,0.0
snake_plant,74.37,31.5,70.5,0.0
cactus,55.99,31.5,70.5,0.0
money_plant,40.09,31.5,70.6,0.0
snake_plant,74.05,31.5,70.6,0.0
cactus,54.45,31.5,70.6,0.0
snake_plant,74.52,31.5,70.6,0.0
cactus,56.12,31.5,70.6,0.0
money_plant,40.12,31.4,70.8,0.0
snake_plant,74.68,31.4,70.8,0.0
cactus,55.99,31.4,70.8,0.0
money_plant,39.94,31.5,70.7,0.0
snake_plant,74.12,31.5,70.7,0.0
cactus,55.99,31.5,70.7,0.0
money_plant,40.06,31.5,70.7,0.0
snake_plant,74.4,31.5,70.7,0.0
cactus,55.87,31.5,70.7,0.0
money_plant,39.97,31.5,70.9,0.0
snake_plant,74.46,31.5,70.9,0.0
cactus,55.84,31.5,70.9,0.0
money_plant,40.15,31.5,70.6,0.0
snake_plant,74.27,31.5,70.6,0.0
cactus,55.87,31.5,70.6,0.0
money_plant,40.24,31.5,70.6,0.0
snake_plant,73.96,31.5,70.6,0.0
money_plant,39.94,31.5,70.9,0.0
snake_plant,74.87,31.5,70.9,0.0
cactus,55.96,31.5,70.9,0.0
money_plant,40.06,31.5,70.6,0.0
cactus,55.9,31.5,70.6,0.0
money_plant,40.18,31.4,70.6,0.0
snake_plant,74.43,31.4,70.6,0.0
cactus,55.87,31.4,70.6,0.0
snake_plant,74.05,31.5,70.5,0.0
cactus,55.84,31.5,70.5,0.0
money_plant,39.76,31.4,70.7,0.0
snake_plant,74.18,31.4,70.7,0.0
cactus,55.87,31.4,70.7,0.0
money_plant,40.27,31.4,70.7,0.0
snake_plant,73.43,31.4,70.7,0.0
cactus,55.84,31.4,70.7,0.0
money_plant,39.85,31.4,70.4,0.0
snake_plant,74.12,31.4,70.4,0.0
cactus,55.84,31.4,70.4,0.0
money_plant,40.12,31.4,70.5,0.0
snake_plant,74.18,31.4,70.5,0.0
cactus,55.99,31.4,70.5,0.0
money_plant,40.06,31.4,70.7,0.0
snake_plant,74.08,31.4,70.7,0.0
cactus,55.96,31.4,70.7,0.0
money_plant,39.85,31.4,70.6,0.0
snake_plant,74.02,31.4,70.6,0.0
cactus,55.81,31.4,70.6,0.0
money_plant,39.97,31.5,70.6,0.0
snake_plant,74.02,31.5,70.6,0.0
cactus,55.84,31.5,70.6,0.0
snake_plant,72.77,31.4,70.8,0.0
cactus,55.87,31.4,70.8,0.0
money_plant,39.94,31.5,70.6,0.0
snake_plant,74.49,31.5,70.6,0.0
cactus,56.08,31.5,70.6,0.0
money_plant,40.12,31.4,70.7,0.0
snake_plant,73.87,31.4,70.7,0.0
cactus,55.9,31.4,70.7,0.0
money_plant,39.79,31.4,70.4,0.0
snake_plant,73.99,31.4,70.4,0.0
money_plant,40.0,31.4,70.4,0.0
snake_plant,74.05,31.4,70.4,0.0
cactus,55.96,31.4,70.4,0.0
money_plant,39.97,31.4,70.4,0.0
cactus,55.81,31.4,70.4,0.0
money_plant,40.0,31.4,70.6,0.0
snake_plant,74.24,31.4,70.6,0.0
cactus,55.9,31.4,70.6,0.0
money_plant,39.97,31.4,70.6,0.0
snake_plant,76.59,31.4,70.6,0.0
cactus,55.96,31.4,70.6,0.0
snake_plant,73.74,31.4,70.5,0.0
cactus,55.66,31.4,70.5,0.0
money_plant,40.18,31.4,70.4,0.0
snake_plant,74.24,31.4,70.4,0.0
money_plant,39.47,31.4,70.7,0.0
snake_plant,73.93,31.4,70.7,0.0
money_plant,40.12,31.4,70.6,0.0
snake_plant,74.12,31.4,70.6,0.0
money_plant,39.97,31.4,70.7,0.0
cactus,55.81,31.4,70.7,0.0
snake_plant,74.02,31.4,70.7,0.0
money_plant,39.88,31.4,70.5,0.0
snake_plant,74.12,31.4,70.5,0.0
cactus,55.93,31.4,70.5,0.0
money_plant,40.15,31.4,70.2,0.0
snake_plant,70.23,31.4,70.2,0.0
cactus,55.81,31.4,70.2,0.0
snake_plant,73.68,31.4,70.6,0.0
money_plant,39.94,31.4,70.5,0.0
snake_plant,73.96,31.4,70.5,0.0
cactus,55.81,31.4,70.5,0.0
money_plant,40.09,31.3,70.6,0.0
snake_plant,74.27,31.3,70.6,0.0
cactus,56.78,31.3,70.6,0.0
money_plant,39.64,31.3,70.6,0.0
snake_plant,74.08,31.3,70.6,0.0
cactus,55.81,31.3,70.6,0.0
money_plant,39.97,31.3,70.6,0.0
snake_plant,74.24,31.3,70.6,0.0
cactus,55.78,31.3,70.6,0.0
money_plant,40.06,31.3,70.8,0.0
snake_plant,71.77,31.3,70.8,0.0
cactus,55.78,31.3,70.8,0.0
money_plant,40.33,31.3,70.7,0.0
snake_plant,74.02,31.3,70.7,0.0
cactus,55.75,31.3,70.7,0.0
money_plant,39.94,31.3,70.8,0.0
snake_plant,74.08,31.3,70.8,0.0
cactus,55.81,31.3,70.8,0.0
money_plant,40.24,31.3,70.6,0.0
snake_plant,74.15,31.3,70.6,0.0
cactus,55.75,31.3,70.6,0.0
money_plant,39.88,31.3,70.7,0.0
cactus,55.66,31.3,70.7,0.0
money_plant,39.61,31.3,70.7,0.0
snake_plant,74.12,31.3,70.7,0.0
cactus,55.81,31.3,70.7,0.0
money_plant,39.82,31.3,70.9,0.0
snake_plant,73.21,31.3,70.9,0.0
cactus,55.69,31.3,70.9,0.0
money_plant,40.3,31.3,70.8,0.0
snake_plant,73.93,31.3,70.8,0.0
cactus,55.63,31.3,70.8,0.0
money_plant,39.64,31.3,70.5,0.0
snake_plant,74.05,31.3,70.5,0.0
cactus,55.75,31.3,70.5,0.0
money_plant,39.94,31.3,70.6,0.0
snake_plant,73.93,31.3,70.6,0.0
cactus,55.99,31.3,70.6,0.0
money_plant,40.0,31.3,70.7,0.0
snake_plant,73.71,31.3,70.7,0.0
money_plant,39.67,31.3,70.7,0.0
snake_plant,73.99,31.3,70.7,0.0
cactus,55.54,31.3,70.7,0.0
snake_plant,73.58,31.3,70.8,0.0
money_plant,39.73,31.3,70.9,0.0
snake_plant,73.65,31.3,70.9,0.0
cactus,55.66,31.3,70.9,0.0
snake_plant,73.93,31.3,70.7,0.0
money_plant,39.76,31.2,70.5,0.0
snake_plant,73.9,31.2,70.5,0.0
cactus,55.6,31.2,70.5,0.0
money_plant,39.76,31.2,70.7,0.0
snake_plant,73.74,31.2,70.7,0.0
cactus,55.54,31.2,70.7,0.0
money_plant,39.76,31.3,70.8,0.0
snake_plant,73.96,31.3,70.8,0.0
cactus,55.48,31.3,70.8,0.0
money_plant,39.73,31.3,70.6,0.0
snake_plant,73.74,31.3,70.6,0.0
cactus,55.51,31.3,70.6,0.0
money_plant,40.0,31.2,70.8,0.0
snake_plant,73.9,31.2,70.8,0.0
cactus,55.48,31.2,70.8,0.0
snake_plant,74.05,31.3,70.6,0.0
cactus,55.48,31.3,70.6,0.0
money_plant,39.64,31.2,70.7,0.0
snake_plant,74.12,31.2,70.7,0.0
cactus,55.39,31.2,70.7,0.0
money_plant,39.79,31.2,70.8,0.0
snake_plant,73.99,31.2,70.8,0.0
cactus,55.51,31.2,70.8,0.0
money_plant,39.79,31.2,70.5,0.0
snake_plant,73.62,31.2,70.5,0.0
cactus,54.45,31.2,70.5,0.0
snake_plant,73.77,31.2,70.7,0.0
cactus,55.36,31.2,70.7,0.0
money_plant,39.85,31.2,70.8,0.0
snake_plant,73.93,31.2,70.8,0.0
cactus,55.33,31.2,70.8,0.0
money_plant,39.64,31.2,70.9,0.0
snake_plant,74.12,31.2,70.9,0.0
cactus,55.33,31.2,70.9,0.0
money_plant,39.73,31.2,70.7,0.0
snake_plant,73.65,31.2,70.7,0.0
money_plant,39.61,31.2,70.8,0.0
snake_plant,73.77,31.2,70.8,0.0
money_plant,39.67,31.2,70.6,0.0
snake_plant,73.87,31.2,70.6,0.0
cactus,55.48,31.2,70.6,0.0
money_plant,39.97,31.2,70.6,0.0
snake_plant,73.74,31.2,70.6,0.0
money_plant,39.85,31.1,70.6,0.0
snake_plant,71.58,31.1,70.6,0.0
cactus,55.39,31.1,70.6,0.0
money_plant,39.47,31.2,70.7,0.0
snake_plant,73.99,31.2,70.7,0.0
money_plant,40.12,31.1,70.8,0.0
snake_plant,73.68,31.1,70.8,0.0
cactus,55.39,31.1,70.8,0.0
money_plant,39.76,31.1,70.7,0.0
snake_plant,73.49,31.1,70.7,0.0
cactus,55.39,31.1,70.7,0.0
money_plant,39.76,31.1,70.8,0.0
snake_plant,73.96,31.1,70.8,0.0
money_plant,39.5,31.1,70.7,0.0
snake_plant,73.96,31.1,70.7,0.0
cactus,55.48,31.1,70.7,0.0
money_plant,39.79,31.1,70.7,0.0
snake_plant,73.58,31.1,70.7,0.0
cactus,55.96,31.1,70.7,0.0
snake_plant,73.74,31.1,70.8,0.0
money_plant,39.59,31.1,70.8,0.0
cactus,55.42,31.1,70.8,0.0
snake_plant,72.61,31.1,70.7,0.0
cactus,55.42,31.1,70.7,0.0
money_plant,39.67,31.1,70.8,0.0
snake_plant,73.49,31.1,70.8,0.0
snake_plant,73.55,31.1,70.7,0.0
cactus,55.45,31.1,70.7,0.0
money_plant,39.61,31.1,70.7,0.0
snake_plant,73.93,31.1,70.7,0.0
money_plant,39.59,31.0,70.8,0.0
snake_plant,73.99,31.0,70.8,0.0
cactus,55.51,31.0,70.8,0.0
money_plant,39.67,31.1,70.9,0.0
snake_plant,73.43,31.1,70.9,0.0
cactus,55.42,31.1,70.9,0.0
money_plant,41.69,31.1,70.8,0.0
money_plant,39.7,31.1,70.6,0.0
snake_plant,73.62,31.1,70.6,0.0
cactus,54.93,31.1,70.6,0.0
money_plant,40.24,31.0,70.9,0.0
snake_plant,73.74,31.0,70.9,0.0
cactus,55.48,31.0,70.9,0.0
money_plant,39.73,31.1,70.8,0.0
snake_plant,73.65,31.1,70.8,0.0
cactus,55.51,31.1,70.8,0.0
money_plant,39.59,31.1,70.9,0.0
snake_plant,73.77,31.1,70.9,0.0
cactus,55.48,31.1,70.9,0.0
money_plant,39.41,31.1,70.6,0.0
cactus,55.63,31.1,70.6,0.0
money_plant,39.64,31.1,70.6,0.0
snake_plant,73.74,31.1,70.6,0.0
cactus,55.66,31.1,70.6,0.0
snake_plant,73.71,31.1,70.8,0.0
money_plant,39.59,31.1,70.7,0.0
snake_plant,73.87,31.1,70.7,0.0
money_plant,39.7,31.0,70.9,0.0
snake_plant,73.58,31.0,70.9,0.0
cactus,55.42,31.0,70.9,0.0
money_plant,38.73,31.0,70.7,0.0
snake_plant,73.77,31.0,70.7,0.0
cactus,55.36,31.0,70.7,0.0
money_plant,39.53,31.0,70.7,0.0
snake_plant,73.8,31.0,70.7,0.0
cactus,54.99,31.0,70.7,0.0
money_plant,39.47,31.0,70.7,0.0
snake_plant,73.58,31.0,70.7,0.0
cactus,55.24,31.0,70.7,0.0
money_plant,39.79,31.0,70.7,0.0
snake_plant,73.65,31.0,70.7,0.0
cactus,55.42,31.0,70.7,0.0
snake_plant,73.71,31.0,70.7,0.0
cactus,55.45,31.0,70.7,0.0
money_plant,39.41,30.9,70.9,0.0
snake_plant,73.58,30.9,70.9,0.0
cactus,55.17,30.9,70.9,0.0
money_plant,39.38,31.0,70.7,0.0
money_plant,39.35,31.0,70.7,0.0
cactus,55.27,31.0,70.7,0.0
money_plant,39.32,31.0,70.9,0.0
snake_plant,74.55,31.0,70.9,0.0
cactus,55.24,31.0,70.9,0.0
cactus,55.33,31.0,70.7,0.0
money_plant,39.76,31.0,70.8,0.0
snake_plant,73.52,31.0,70.8,0.0
cactus,55.24,31.0,70.8,0.0
money_plant,39.44,31.0,70.8,0.0
snake_plant,73.58,31.0,70.8,0.0
cactus,55.27,31.0,70.8,0.0
money_plant,39.64,31.0,70.9,0.0
cactus,55.33,31.0,70.9,0.0
snake_plant,73.62,31.0,70.7,0.0
cactus,55.11,31.0,70.7,0.0
money_plant,39.26,31.0,70.6,0.0
snake_plant,73.52,31.0,70.6,0.0
cactus,55.14,31.0,70.6,0.0
money_plant,39.47,30.9,70.6,0.0
snake_plant,73.49,30.9,70.6,0.0
cactus,55.05,30.9,70.6,0.0
money_plant,39.17,31.0,70.7,0.0
snake_plant,73.49,31.0,70.7,0.0
cactus,55.02,31.0,70.7,0.0
money_plant,39.14,30.9,70.6,0.0
snake_plant,73.87,30.9,70.6,0.0
cactus,54.9,30.9,70.6,0.0
snake_plant,73.8,30.9,70.9,0.0
money_plant,39.32,30.9,70.8,0.0
snake_plant,73.55,30.9,70.8,0.0
cactus,55.14,30.9,70.8,0.0
money_plant,39.26,30.9,70.7,0.0
snake_plant,73.58,30.9,70.7,0.0
cactus,55.05,30.9,70.7,0.0
snake_plant,73.58,30.9,70.8,0.0
money_plant,39.32,30.9,70.6,0.0
snake_plant,73.58,30.9,70.6,0.0
money_plant,39.38,30.9,70.7,0.0
snake_plant,73.77,30.9,70.7,0.0
cactus,55.17,30.9,70.7,0.0
money_plant,39.38,30.9,71.0,0.0
snake_plant,73.96,30.9,71.0,0.0
cactus,55.11,30.9,71.0,0.0
snake_plant,73.62,30.9,70.8,0.0
cactus,55.11,30.9,70.8,0.0
money_plant,39.38,30.9,70.8,0.0
snake_plant,73.77,30.9,70.8,0.0
cactus,54.96,30.9,70.8,0.0
money_plant,39.47,30.9,70.8,0.0
snake_plant,68.67,30.9,70.8,0.0
cactus,54.99,30.9,70.8,0.0
money_plant,39.44,30.9,70.6,0.0
cactus,55.2,30.9,70.6,0.0
money_plant,39.32,30.9,70.7,0.0
snake_plant,73.9,30.9,70.7,0.0
cactus,55.02,30.9,70.7,0.0
money_plant,39.32,30.8,70.7,0.0
snake_plant,73.58,30.8,70.7,0.0
cactus,55.14,30.8,70.7,0.0
money_plant,39.29,30.9,70.9,0.0
snake_plant,74.05,30.9,70.9,0.0
cactus,54.81,30.9,70.9,0.0
money_plant,40.3,30.8,70.7,0.0
snake_plant,74.05,30.8,70.7,0.0
cactus,55.24,30.8,70.7,0.0
snake_plant,74.52,30.8,70.7,0.0
cactus,54.96,30.8,70.7,0.0
money_plant,39.32,30.8,70.9,0.0
snake_plant,73.9,30.8,70.9,0.0
cactus,55.05,30.8,70.9,0.0
money_plant,39.41,30.8,70.5,0.0
snake_plant,74.08,30.8,70.5,0.0
cactus,55.11,30.8,70.5,0.0
money_plant,39.29,30.8,70.7,0.0
snake_plant,74.15,30.8,70.7,0.0
money_plant,39.02,30.8,70.7,0.0
snake_plant,74.24,30.8,70.7,0.0
cactus,54.87,30.8,70.7,0.0
money_plant,39.35,30.8,70.9,0.0
snake_plant,73.77,30.8,70.9,0.0
money_plant,39.29,30.8,70.9,0.0
snake_plant,74.08,30.8,70.9,0.0
cactus,54.84,30.8,70.9,0.0
money_plant,39.2,30.8,70.8,0.0
snake_plant,76.4,30.8,70.8,0.0
cactus,54.9,30.8,70.8,0.0
money_plant,39.23,30.8,70.8,0.0
snake_plant,74.08,30.8,70.8,0.0
cactus,54.99,30.8,70.8,0.0
money_plant,39.29,30.8,70.8,0.0
snake_plant,74.3,30.8,70.8,0.0
cactus,54.84,30.8,70.8,0.0
money_plant,39.23,30.8,70.7,0.0
snake_plant,74.46,30.8,70.7,0.0
money_plant,39.11,30.8,70.7,0.0
cactus,54.81,30.8,70.7,0.0
money_plant,39.26,30.8,71.0,0.0
snake_plant,74.3,30.8,71.0,0.0
cactus,54.84,30.8,71.0,0.0
snake_plant,74.18,30.8,70.9,0.0
money_plant,39.32,30.8,71.1,0.0
snake_plant,74.37,30.8,71.1,0.0
cactus,54.78,30.8,71.1,0.0
money_plant,39.17,30.7,70.8,0.0
snake_plant,74.59,30.7,70.8,0.0
cactus,54.84,30.7,70.8,0.0
money_plant,39.02,30.8,70.9,0.0
snake_plant,73.87,30.8,70.9,0.0
cactus,54.87,30.8,70.9,0.0
cactus,54.84,30.8,70.7,0.0
money_plant,39.61,30.8,70.7,0.0
snake_plant,74.27,30.8,70.7,0.0
cactus,54.78,30.8,70.7,0.0
snake_plant,74.02,30.8,70.9,0.0
snake_plant,74.59,30.8,70.7,0.0
money_plant,38.99,30.8,70.9,0.0
money_plant,39.29,30.8,70.5,0.0
snake_plant,74.43,30.8,70.5,0.0
cactus,54.93,30.8,70.5,0.0
money_plant,39.23,30.8,70.9,0.0
snake_plant,74.55,30.8,70.9,0.0
money_plant,39.23,30.8,71.0,0.0
snake_plant,74.27,30.8,71.0,0.0
money_plant,39.32,30.8,70.8,0.0
snake_plant,75.96,30.8,70.8,0.0
cactus,54.87,30.8,70.8,0.0
snake_plant,74.46,30.8,70.8,0.0
cactus,55.05,30.8,70.8,0.0
money_plant,39.17,30.8,70.7,0.0
snake_plant,74.12,30.8,70.7,0.0
cactus,54.99,30.8,70.7,0.0
money_plant,38.96,30.8,70.7,0.0
snake_plant,74.08,30.8,70.7,0.0
cactus,55.11,30.8,70.7,0.0
money_plant,39.14,30.8,70.7,0.0
cactus,55.05,30.8,70.7,0.0
money_plant,39.11,30.8,70.9,0.0
snake_plant,73.96,30.8,70.9,0.0
cactus,55.11,30.8,70.9,0.0
money_plant,36.5,30.8,70.9,0.0
snake_plant,74.74,30.8,70.9,0.0
cactus,54.99,30.8,70.9,0.0
snake_plant,73.93,30.8,70.9,0.0
cactus,55.02,30.8,70.9,0.0
money_plant,39.17,30.8,70.8,0.0
snake_plant,74.18,30.8,70.8,0.0
cactus,51.84,30.8,70.8,0.0
snake_plant,73.99,30.8,70.7,0.0
cactus,54.93,30.8,70.7,0.0
money_plant,39.14,30.8,70.8,0.0
snake_plant,74.05,30.8,70.8,0.0
money_plant,39.02,30.8,70.8,0.0
cactus,54.93,30.8,70.8,0.0
money_plant,38.99,30.7,70.8,0.0
snake_plant,74.37,30.7,70.8,0.0
cactus,55.11,30.7,70.8,0.0
snake_plant,74.37,30.8,70.7,0.0
snake_plant,74.4,30.7,70.8,0.0
money_plant,39.23,30.7,70.8,0.0
snake_plant,74.49,30.7,70.8,0.0
cactus,54.81,30.7,70.8,0.0
money_plant,39.05,30.8,70.9,0.0
snake_plant,74.4,30.8,70.9,0.0
cactus,55.14,30.8,70.9,0.0
money_plant,38.9,30.7,70.8,0.0
snake_plant,74.27,30.7,70.8,0.0
money_plant,39.23,30.7,70.9,0.0
snake_plant,74.59,30.7,70.9,0.0
cactus,55.17,30.7,70.9,0.0
cactus,55.02,30.7,70.8,0.0
money_plant,38.99,30.7,71.1,0.0
snake_plant,74.4,30.7,71.1,0.0
cactus,55.05,30.7,71.1,0.0
money_plant,39.05,30.7,71.0,0.0
snake_plant,74.55,30.7,71.0,0.0
cactus,54.99,30.7,71.0,0.0
money_plant,38.22,30.7,70.9,0.83
snake_plant,74.55,30.7,70.9,0.83
cactus,54.93,30.7,70.9,0.83
money_plant,39.02,30.7,70.9,0.83
snake_plant,74.24,30.7,70.9,0.83
cactus,54.99,30.7,70.9,0.83
money_plant,39.17,30.7,70.7,0.83
snake_plant,74.55,30.7,70.7,0.83
cactus,54.93,30.7,70.7,0.83
money_plant,39.29,30.7,70.9,0.83
snake_plant,74.3,30.7,70.9,0.83
cactus,55.02,30.7,70.9,0.83
money_plant,38.87,30.7,70.9,0.83
snake_plant,74.12,30.7,70.9,0.83
cactus,55.17,30.7,70.9,0.83
money_plant,38.99,30.7,70.8,0.83
snake_plant,74.37,30.7,70.8,0.83
cactus,55.02,30.7,70.8,0.83
money_plant,39.05,30.7,70.9,0.83
snake_plant,74.43,30.7,70.9,0.83
cactus,54.84,30.7,70.9,0.83
money_plant,39.2,30.7,71.0,0.83
snake_plant,74.18,30.7,71.0,0.83
cactus,55.05,30.7,71.0,0.83
money_plant,38.99,30.7,71.0,0.83
snake_plant,74.12,30.7,71.0,0.83
cactus,54.84,30.7,71.0,0.83
money_plant,39.02,30.4,72.0,75.0
snake_plant,74.27,30.4,72.0,75.0
cactus,54.84,30.4,72.0,75.0
money_plant,39.02,29.5,74.4,78.33
snake_plant,73.62,29.5,74.4,78.33
cactus,54.84,29.5,74.4,78.33
money_plant,39.11,29.0,76.2,81.67
snake_plant,74.37,29.0,76.2,81.67
cactus,54.9,29.0,76.2,81.67
money_plant,39.5,28.5,77.6,84.17
snake_plant,74.33,28.5,77.6,84.17
cactus,54.81,28.5,77.6,84.17
money_plant,39.29,28.2,79.0,89.17
snake_plant,74.24,28.2,79.0,89.17
cactus,54.75,28.2,79.0,89.17
money_plant,39.32,28.3,78.8,93.33
snake_plant,74.3,28.3,78.8,93.33
cactus,54.63,28.3,78.8,93.33
money_plant,39.02,28.3,78.9,97.5
snake_plant,74.08,28.3,78.9,97.5
cactus,54.45,28.3,78.9,97.5
money_plant,38.58,28.2,79.4,101.67
snake_plant,74.37,28.2,79.4,101.67
cactus,54.51,28.2,79.4,101.67
money_plant,38.87,28.2,79.6,107.5
snake_plant,73.74,28.2,79.6,107.5
cactus,54.36,28.2,79.6,107.5
money_plant,39.05,28.1,80.2,111.67
snake_plant,74.12,28.1,80.2,111.67
cactus,54.39,28.1,80.2,111.67
money_plant,39.14,28.1,79.8,115.83
snake_plant,74.12,28.1,79.8,115.83
cactus,54.36,28.1,79.8,115.83
money_plant,38.87,28.1,80.0,120.0
snake_plant,73.9,28.1,80.0,120.0
cactus,54.42,28.1,80.0,120.0
money_plant,38.87,28.0,80.1,123.33
snake_plant,74.15,28.0,80.1,123.33
cactus,54.26,28.0,80.1,123.33
money_plant,38.93,27.9,81.1,125.83
snake_plant,73.99,27.9,81.1,125.83
cactus,54.32,27.9,81.1,125.83
money_plant,38.67,27.8,81.1,128.33
snake_plant,73.9,27.8,81.1,128.33
cactus,54.2,27.8,81.1,128.33
money_plant,38.93,27.8,81.5,130.0
snake_plant,77.25,27.8,81.5,130.0
cactus,54.14,27.8,81.5,130.0
money_plant,38.64,27.7,81.9,131.67
snake_plant,74.02,27.7,81.9,131.67
cactus,54.17,27.7,81.9,131.67
money_plant,38.81,27.7,82.0,131.67
snake_plant,74.05,27.7,82.0,131.67
cactus,53.96,27.7,82.0,131.67
money_plant,38.58,27.8,82.0,130.0
snake_plant,73.8,27.8,82.0,130.0
cactus,54.02,27.8,82.0,130.0
money_plant,44.09,27.7,81.8,126.67
snake_plant,73.4,27.7,81.8,126.67
cactus,54.05,27.7,81.8,126.67
money_plant,38.79,27.7,81.7,121.67
snake_plant,73.96,27.7,81.7,121.67
cactus,53.87,27.7,81.7,121.67
money_plant,38.76,27.7,81.7,115.0
snake_plant,73.77,27.7,81.7,115.0
cactus,53.96,27.7,81.7,115.0
money_plant,38.52,27.7,81.8,107.5
snake_plant,73.24,27.7,81.8,107.5
cactus,53.57,27.7,81.8,107.5
money_plant,38.76,27.8,81.3,101.67
snake_plant,73.93,27.8,81.3,101.67
cactus,53.87,27.8,81.3,101.67
money_plant,38.87,28.0,80.7,102.5
snake_plant,73.62,28.0,80.7,102.5
cactus,53.81,28.0,80.7,102.5
money_plant,38.73,28.0,81.0,110.0
snake_plant,74.08,28.0,81.0,110.0
cactus,53.78,28.0,81.0,110.0
money_plant,38.55,28.1,80.6,117.5
snake_plant,73.58,28.1,80.6,117.5
cactus,53.78,28.1,80.6,117.5
money_plant,38.46,28.0,80.9,126.67
snake_plant,73.58,28.0,80.9,126.67
cactus,53.6,28.0,80.9,126.67
money_plant,38.81,28.0,81.1,133.33
snake_plant,73.62,28.0,81.1,133.33
cactus,53.57,28.0,81.1,133.33
money_plant,38.67,28.0,81.4,140.0
snake_plant,73.65,28.0,81.4,140.0
cactus,53.57,28.0,81.4,140.0
money_plant,38.64,27.8,81.9,150.0
snake_plant,73.8,27.8,81.9,150.0
cactus,53.6,27.8,81.9,150.0
money_plant,38.43,27.9,81.4,160.83
snake_plant,74.46,27.9,81.4,160.83
cactus,53.57,27.9,81.4,160.83
money_plant,38.43,28.0,81.1,167.5
snake_plant,73.93,28.0,81.1,167.5
cactus,53.81,28.0,81.1,167.5
money_plant,38.52,27.9,81.4,175.0
snake_plant,74.27,27.9,81.4,175.0
cactus,53.35,27.9,81.4,175.0
money_plant,38.55,27.9,81.3,179.17
snake_plant,74.49,27.9,81.3,179.17
cactus,53.44,27.9,81.3,179.17
money_plant,38.43,28.0,81.3,184.17
snake_plant,74.18,28.0,81.3,184.17
cactus,53.41,28.0,81.3,184.17
money_plant,38.61,28.1,80.8,186.67
snake_plant,74.08,28.1,80.8,186.67
cactus,53.38,28.1,80.8,186.67
money_plant,38.55,28.0,80.6,190.0
snake_plant,74.4,28.0,80.6,190.0
cactus,53.6,28.0,80.6,190.0
money_plant,38.37,28.2,80.4,193.33
snake_plant,74.24,28.2,80.4,193.33
cactus,53.44,28.2,80.4,193.33
money_plant,38.37,28.3,80.0,192.5
snake_plant,74.08,28.3,80.0,192.5
cactus,53.44,28.3,80.0,192.5
money_plant,38.22,28.1,80.7,195.0
snake_plant,74.02,28.1,80.7,195.0
cactus,53.32,28.1,80.7,195.0
money_plant,38.25,28.0,80.8,200.0
snake_plant,74.12,28.0,80.8,200.0
cactus,53.29,28.0,80.8,200.0
money_plant,38.37,27.9,80.9,200.83
snake_plant,73.93,27.9,80.9,200.83
cactus,55.17,27.9,80.9,200.83
money_plant,38.43,28.0,81.0,199.17
snake_plant,73.87,28.0,81.0,199.17
cactus,53.35,28.0,81.0,199.17
money_plant,38.19,28.1,80.4,202.5
snake_plant,73.9,28.1,80.4,202.5
cactus,53.29,28.1,80.4,202.5
money_plant,38.16,28.3,79.8,210.0
snake_plant,74.15,28.3,79.8,210.0
cactus,53.44,28.3,79.8,210.0
money_plant,38.37,28.5,79.0,220.83
snake_plant,74.05,28.5,79.0,220.83
cactus,53.32,28.5,79.0,220.83
money_plant,38.34,28.6,78.4,229.17
snake_plant,74.08,28.6,78.4,229.17
cactus,53.32,28.6,78.4,229.17
money_plant,38.04,28.7,78.1,235.83
snake_plant,74.18,28.7,78.1,235.83
cactus,53.51,28.7,78.1,235.83
money_plant,38.28,28.7,78.2,247.5
snake_plant,74.12,28.7,78.2,247.5
cactus,53.41,28.7,78.2,247.5
money_plant,38.16,28.6,78.5,254.17
snake_plant,74.15,28.6,78.5,254.17
cactus,53.23,28.6,78.5,254.17
money_plant,38.31,28.5,79.0,252.5
snake_plant,73.99,28.5,79.0,252.5
cactus,53.26,28.5,79.0,252.5
money_plant,38.16,28.5,78.9,256.67
snake_plant,73.9,28.5,78.9,256.67
cactus,53.2,28.5,78.9,256.67
money_plant,38.16,28.6,78.6,264.17
snake_plant,75.49,28.6,78.6,264.17
cactus,53.29,28.6,78.6,264.17
money_plant,39.05,28.6,78.7,280.0
snake_plant,74.08,28.6,78.7,280.0
cactus,53.29,28.6,78.7,280.0
money_plant,38.19,28.3,79.2,282.5
snake_plant,74.08,28.3,79.2,282.5
cactus,53.35,28.3,79.2,282.5
money_plant,36.47,28.3,79.6,281.67
snake_plant,74.49,28.3,79.6,281.67
cactus,53.32,28.3,79.6,281.67
money_plant,38.34,28.4,79.3,279.17
snake_plant,74.37,28.4,79.3,279.17
cactus,53.17,28.4,79.3,279.17
money_plant,38.07,28.6,78.7,287.5
snake_plant,74.12,28.6,78.7,287.5
cactus,53.14,28.6,78.7,287.5
money_plant,38.07,28.7,78.2,295.83
snake_plant,74.12,28.7,78.2,295.83
cactus,53.29,28.7,78.2,295.83
money_plant,38.25,28.8,79.0,299.17
snake_plant,74.15,28.8,79.0,299.17
cactus,53.29,28.8,79.0,299.17
money_plant,37.93,28.8,78.1,375.0
snake_plant,74.33,28.8,78.1,375.0
cactus,53.17,28.8,78.1,375.0
money_plant,38.01,28.9,77.6,521.67
snake_plant,74.24,28.9,77.6,521.67
cactus,53.23,28.9,77.6,521.67
money_plant,37.93,29.0,77.3,473.33
snake_plant,73.93,29.0,77.3,473.33
cactus,53.08,29.0,77.3,473.33
money_plant,37.93,29.1,77.1,360.0
snake_plant,74.15,29.1,77.1,360.0
cactus,53.32,29.1,77.1,360.0
money_plant,38.07,29.1,77.1,567.5
snake_plant,73.93,29.1,77.1,567.5
cactus,53.26,29.1,77.1,567.5
money_plant,37.93,29.2,77.2,807.5
snake_plant,74.05,29.2,77.2,807.5
cactus,54.2,29.2,77.2,807.5
money_plant,38.22,29.2,76.8,930.0
snake_plant,73.93,29.2,76.8,930.0
cactus,53.35,29.2,76.8,930.0
money_plant,38.01,29.1,77.8,810.0
snake_plant,74.55,29.1,77.8,810.0
cactus,53.23,29.1,77.8,810.0
money_plant,38.07,29.1,76.9,3575.83
snake_plant,74.3,29.1,76.9,3575.83
cactus,53.35,29.1,76.9,3575.83
money_plant,37.96,29.3,77.0,1689.17
snake_plant,74.37,29.3,77.0,1689.17
cactus,52.59,29.3,77.0,1689.17
money_plant,38.16,29.3,76.9,993.33
snake_plant,74.21,29.3,76.9,993.33
cactus,53.66,29.3,76.9,993.33
money_plant,37.93,29.4,76.0,2817.5
snake_plant,74.18,29.4,76.0,2817.5
cactus,53.32,29.4,76.0,2817.5
money_plant,37.78,29.5,75.9,1628.33
snake_plant,74.15,29.5,75.9,1628.33
cactus,53.47,29.5,75.9,1628.33
money_plant,37.69,29.6,76.1,471.67
snake_plant,73.87,29.6,76.1,471.67
cactus,53.35,29.6,76.1,471.67
money_plant,37.87,29.7,75.5,470.0
snake_plant,74.21,29.7,75.5,470.0
cactus,53.41,29.7,75.5,470.0
money_plant,37.9,29.8,75.1,471.67
snake_plant,74.21,29.8,75.1,471.67
cactus,53.41,29.8,75.1,471.67
money_plant,37.87,29.6,75.6,475.0
snake_plant,74.08,29.6,75.6,475.0
cactus,53.38,29.6,75.6,475.0
money_plant,37.84,29.7,75.6,484.17
snake_plant,73.96,29.7,75.6,484.17
cactus,53.32,29.7,75.6,484.17
money_plant,37.72,29.9,75.2,1030.83
snake_plant,74.05,29.9,75.2,1030.83
cactus,53.35,29.9,75.2,1030.83
money_plant,37.6,30.0,74.9,555.83
snake_plant,74.12,30.0,74.9,555.83
cactus,53.41,30.0,74.9,555.83
money_plant,37.69,30.2,74.6,1038.33
snake_plant,73.96,30.2,74.6,1038.33
cactus,53.47,30.2,74.6,1038.33
money_plant,41.13,30.3,73.8,2095.83
snake_plant,73.99,30.3,73.8,2095.83
cactus,53.54,30.3,73.8,2095.83
money_plant,37.93,30.4,74.0,2478.33
snake_plant,74.37,30.4,74.0,2478.33
cactus,53.54,30.4,74.0,2478.33
money_plant,37.48,30.5,73.3,691.67
snake_plant,74.08,30.5,73.3,691.67
cactus,53.54,30.5,73.3,691.67
money_plant,37.57,30.7,72.8,570.0
snake_plant,74.15,30.7,72.8,570.0
cactus,53.47,30.7,72.8,570.0
money_plant,37.99,30.8,72.6,587.5
snake_plant,74.02,30.8,72.6,587.5
cactus,54.81,30.8,72.6,587.5
money_plant,37.75,30.8,73.0,600.0
snake_plant,73.77,30.8,73.0,600.0
cactus,53.44,30.8,73.0,600.0
money_plant,37.51,30.9,72.7,648.33
snake_plant,74.24,30.9,72.7,648.33
cactus,53.44,30.9,72.7,648.33
money_plant,37.24,31.1,72.1,1112.5
snake_plant,74.05,31.1,72.1,1112.5
cactus,53.44,31.1,72.1,1112.5
money_plant,37.45,31.3,71.7,2603.33
snake_plant,74.18,31.3,71.7,2603.33
cactus,53.41,31.3,71.7,2603.33
money_plant,37.48,31.2,72.4,8852.5
snake_plant,70.86,31.2,72.4,8852.5
cactus,53.57,31.2,72.4,8852.5
money_plant,37.51,31.1,72.2,17781.67
snake_plant,74.02,31.1,72.2,17781.67
cactus,53.26,31.1,72.2,17781.67
money_plant,37.75,31.2,71.8,19169.17
snake_plant,74.08,31.2,71.8,19169.17
cactus,53.54,31.2,71.8,19169.17
money_plant,37.69,31.4,71.2,19587.5
snake_plant,73.77,31.4,71.2,19587.5
cactus,53.63,31.4,71.2,19587.5
money_plant,37.51,31.5,71.0,19991.67
snake_plant,74.37,31.5,71.0,19991.67
cactus,53.54,31.5,71.0,19991.67
money_plant,37.57,31.5,71.4,20374.17
snake_plant,74.05,31.5,71.4,20374.17
cactus,53.6,31.5,71.4,20374.17
money_plant,37.75,31.6,70.4,20930.0
snake_plant,74.37,31.6,70.4,20930.0
cactus,53.81,31.6,70.4,20930.0
money_plant,37.75,31.6,70.7,21164.17
snake_plant,74.08,31.6,70.7,21164.17
cactus,53.78,31.6,70.7,21164.17
money_plant,37.42,31.8,70.0,21445.0
snake_plant,74.08,31.8,70.0,21445.0
cactus,53.72,31.8,70.0,21445.0
money_plant,37.42,31.7,70.5,21595.83
snake_plant,73.93,31.7,70.5,21595.83
cactus,53.84,31.7,70.5,21595.83
money_plant,37.48,31.8,70.4,21556.67
snake_plant,74.18,31.8,70.4,21556.67
cactus,53.87,31.8,70.4,21556.67
money_plant,37.57,31.6,70.4,21363.33
snake_plant,74.37,31.6,70.4,21363.33
cactus,53.87,31.6,70.4,21363.33
money_plant,37.57,31.3,71.3,20937.5
snake_plant,74.18,31.3,71.3,20937.5
cactus,54.84,31.3,71.3,20937.5
money_plant,37.69,31.2,72.0,19603.33
snake_plant,74.12,31.2,72.0,19603.33
cactus,53.87,31.2,72.0,19603.33
money_plant,37.57,31.5,71.3,19638.33
snake_plant,74.08,31.5,71.3,19638.33
cactus,53.96,31.5,71.3,19638.33
money_plant,37.51,31.7,70.6,19424.17
snake_plant,74.18,31.7,70.6,19424.17
cactus,53.99,31.7,70.6,19424.17
money_plant,37.45,31.9,69.8,13727.5
snake_plant,73.99,31.9,69.8,13727.5
cactus,54.02,31.9,69.8,13727.5
money_plant,37.42,31.7,70.5,3045.0
snake_plant,73.87,31.7,70.5,3045.0
cactus,54.05,31.7,70.5,3045.0
money_plant,37.69,31.5,70.4,866.67
snake_plant,74.08,31.5,70.4,866.67
cactus,53.44,31.5,70.4,866.67
money_plant,37.57,31.5,71.0,859.17
snake_plant,73.99,31.5,71.0,859.17
cactus,54.08,31.5,71.0,859.17
money_plant,37.81,31.7,70.4,878.33
snake_plant,74.24,31.7,70.4,878.33
cactus,54.26,31.7,70.4,878.33
money_plant,37.87,31.6,70.1,901.67
snake_plant,74.12,31.6,70.1,901.67
cactus,54.48,31.6,70.1,901.67
money_plant,37.42,31.6,70.7,843.33
snake_plant,74.15,31.6,70.7,843.33
cactus,54.36,31.6,70.7,843.33
money_plant,38.34,31.9,70.5,835.83
snake_plant,73.87,31.9,70.5,835.83
cactus,54.45,31.9,70.5,835.83
money_plant,37.72,32.1,68.9,830.0
snake_plant,74.05,32.1,68.9,830.0
cactus,54.45,32.1,68.9,830.0
money_plant,37.6,32.2,68.8,827.5
snake_plant,73.77,32.2,68.8,827.5
cactus,54.57,32.2,68.8,827.5
money_plant,37.6,32.3,68.2,834.17
snake_plant,74.05,32.3,68.2,834.17
cactus,54.75,32.3,68.2,834.17
money_plant,37.48,32.2,68.7,851.67
snake_plant,73.93,32.2,68.7,851.67
cactus,55.3,32.2,68.7,851.67
money_plant,37.57,32.4,68.0,860.0
snake_plant,74.59,32.4,68.0,860.0
cactus,54.75,32.4,68.0,860.0
money_plant,37.84,32.3,67.8,873.33
snake_plant,73.74,32.3,67.8,873.33
cactus,54.84,32.3,67.8,873.33
money_plant,37.51,32.3,68.7,891.67
snake_plant,74.05,32.3,68.7,891.67
cactus,54.84,32.3,68.7,891.67
money_plant,37.69,32.5,68.1,899.17
snake_plant,73.93,32.5,68.1,899.17
cactus,54.84,32.5,68.1,899.17
money_plant,37.75,32.6,67.4,900.83
snake_plant,74.05,32.6,67.4,900.83
cactus,54.84,32.6,67.4,900.83
money_plant,37.54,32.8,66.4,1620.83
snake_plant,73.74,32.8,66.4,1620.83
cactus,54.93,32.8,66.4,1620.83
money_plant,37.87,32.6,67.1,1085.0
snake_plant,73.99,32.6,67.1,1085.0
cactus,55.05,32.6,67.1,1085.0
money_plant,37.81,32.7,67.2,1475.83
snake_plant,74.15,32.7,67.2,1475.83
cactus,55.2,32.7,67.2,1475.83
money_plant,38.25,32.9,66.9,915.83
snake_plant,74.15,32.9,66.9,915.83
cactus,55.11,32.9,66.9,915.83
money_plant,37.39,33.0,66.6,1237.5
snake_plant,74.21,33.0,66.6,1237.5
cactus,55.36,33.0,66.6,1237.5
money_plant,37.75,32.9,66.4,933.33
snake_plant,73.93,32.9,66.4,933.33
cactus,55.14,32.9,66.4,933.33
money_plant,37.51,33.0,66.7,892.5
snake_plant,73.9,33.0,66.7,892.5
cactus,55.14,33.0,66.7,892.5
money_plant,37.93,33.1,66.5,886.67
snake_plant,74.43,33.1,66.5,886.67
cactus,55.36,33.1,66.5,886.67
money_plant,37.87,33.2,66.5,865.83
snake_plant,74.08,33.2,66.5,865.83
cactus,55.36,33.2,66.5,865.83
money_plant,37.9,33.3,66.0,876.67
snake_plant,73.96,33.3,66.0,876.67
cactus,55.51,33.3,66.0,876.67
money_plant,37.48,33.4,65.5,884.17
snake_plant,73.87,33.4,65.5,884.17
cactus,55.63,33.4,65.5,884.17
money_plant,37.9,33.2,66.3,865.83
snake_plant,73.96,33.2,66.3,865.83
cactus,55.66,33.2,66.3,865.83
money_plant,37.96,33.2,65.5,858.33
snake_plant,74.12,33.2,65.5,858.33
cactus,53.84,33.2,65.5,858.33
money_plant,37.84,33.3,65.0,855.0
snake_plant,74.08,33.3,65.0,855.0
cactus,55.42,33.3,65.0,855.0
money_plant,34.28,33.4,65.6,829.17
snake_plant,74.08,33.4,65.6,829.17
cactus,55.48,33.4,65.6,829.17
money_plant,37.72,33.4,65.5,772.5
snake_plant,73.8,33.4,65.5,772.5
cactus,55.39,33.4,65.5,772.5
money_plant,37.84,33.5,65.5,762.5
snake_plant,74.05,33.5,65.5,762.5
cactus,55.24,33.5,65.5,762.5
money_plant,37.87,33.6,65.4,730.83
snake_plant,74.12,33.6,65.4,730.83
cactus,55.66,33.6,65.4,730.83
money_plant,37.51,33.6,65.2,413.33
snake_plant,74.12,33.6,65.2,413.33
cactus,55.81,33.6,65.2,413.33
money_plant,37.42,33.5,63.0,602.5
snake_plant,74.27,33.5,63.0,602.5
cactus,55.78,33.5,63.0,602.5
money_plant,37.78,33.2,64.6,750.83
snake_plant,74.12,33.2,64.6,750.83
cactus,55.78,33.2,64.6,750.83
money_plant,37.87,33.2,66.0,446.67
snake_plant,74.18,33.2,66.0,446.67
cactus,55.78,33.2,66.0,446.67
money_plant,37.96,33.3,65.8,638.33
snake_plant,74.24,33.3,65.8,638.33
cactus,55.78,33.3,65.8,638.33
money_plant,37.72,33.3,65.3,554.17
snake_plant,74.24,33.3,65.3,554.17
cactus,55.81,33.3,65.3,554.17
money_plant,37.75,33.3,65.3,510.83
snake_plant,74.12,33.3,65.3,510.83
cactus,55.6,33.3,65.3,510.83
money_plant,37.93,33.3,65.4,540.0
snake_plant,74.18,33.3,65.4,540.0
cactus,55.81,33.3,65.4,540.0
money_plant,38.4,33.3,64.8,730.0
snake_plant,73.87,33.3,64.8,730.0
cactus,55.66,33.3,64.8,730.0
money_plant,37.93,33.4,64.8,555.83
snake_plant,74.12,33.4,64.8,555.83
cactus,55.66,33.4,64.8,555.83
money_plant,37.75,33.2,64.8,741.67
snake_plant,74.05,33.2,64.8,741.67
cactus,55.27,33.2,64.8,741.67
money_plant,37.69,33.1,65.0,590.83
snake_plant,74.02,33.1,65.0,590.83
cactus,55.36,33.1,65.0,590.83
money_plant,37.84,33.0,65.6,474.17
snake_plant,74.43,33.0,65.6,474.17
cactus,55.48,33.0,65.6,474.17
money_plant,37.87,33.0,65.7,531.67
snake_plant,74.05,33.0,65.7,531.67
cactus,55.42,33.0,65.7,531.67
money_plant,37.84,33.1,65.6,610.83
snake_plant,77.93,33.1,65.6,610.83
cactus,55.51,33.1,65.6,610.83
money_plant,37.99,33.1,65.1,635.83
snake_plant,73.9,33.1,65.1,635.83
cactus,55.39,33.1,65.1,635.83
money_plant,37.9,33.1,65.2,356.67
snake_plant,73.71,33.1,65.2,356.67
cactus,55.36,33.1,65.2,356.67
money_plant,38.04,33.1,65.1,395.83
snake_plant,74.02,33.1,65.1,395.83
cactus,55.42,33.1,65.1,395.83
money_plant,35.56,33.0,65.4,456.67
snake_plant,74.15,33.0,65.4,456.67
cactus,55.63,33.0,65.4,456.67
money_plant,37.9,32.9,63.4,424.17
snake_plant,73.9,32.9,63.4,424.17
cactus,55.66,32.9,63.4,424.17
money_plant,38.04,32.7,63.6,517.5
snake_plant,73.24,32.7,63.6,517.5
cactus,55.27,32.7,63.6,517.5
money_plant,37.93,32.7,64.4,482.5
snake_plant,74.05,32.7,64.4,482.5
cactus,55.42,32.7,64.4,482.5
money_plant,37.99,32.6,65.4,405.83
snake_plant,74.18,32.6,65.4,405.83
cactus,56.3,32.6,65.4,405.83
money_plant,38.01,32.7,65.2,473.33
snake_plant,73.9,32.7,65.2,473.33
cactus,55.3,32.7,65.2,473.33
money_plant,38.1,32.4,64.0,514.17
snake_plant,73.96,32.4,64.0,514.17
cactus,55.36,32.4,64.0,514.17
money_plant,38.22,32.2,65.5,453.33
snake_plant,74.02,32.2,65.5,453.33
cactus,55.33,32.2,65.5,453.33
money_plant,38.07,32.2,64.6,396.67
snake_plant,73.87,32.2,64.6,396.67
cactus,55.14,32.2,64.6,396.67
money_plant,36.5,32.3,66.2,518.33
snake_plant,74.05,32.3,66.2,518.33
cactus,55.11,32.3,66.2,518.33
money_plant,37.93,32.4,65.9,514.17
snake_plant,73.77,32.4,65.9,514.17
cactus,54.84,32.4,65.9,514.17
money_plant,38.07,32.3,63.7,414.17
snake_plant,74.02,32.3,63.7,414.17
cactus,54.84,32.3,63.7,414.17
money_plant,38.16,32.2,65.3,472.5
snake_plant,78.15,32.2,65.3,472.5
cactus,54.84,32.2,65.3,472.5
money_plant,38.16,32.3,65.9,486.67
snake_plant,73.83,32.3,65.9,486.67
cactus,54.75,32.3,65.9,486.67
money_plant,38.16,32.5,65.8,466.67
snake_plant,74.18,32.5,65.8,466.67
cactus,54.69,32.5,65.8,466.67
money_plant,38.01,32.6,65.4,455.0
snake_plant,74.18,32.6,65.4,455.0
cactus,54.75,32.6,65.4,455.0
money_plant,38.13,32.8,64.8,447.5
snake_plant,74.49,32.8,64.8,447.5
cactus,54.39,32.8,64.8,447.5
money_plant,38.16,32.8,65.2,440.0
snake_plant,73.93,32.8,65.2,440.0
cactus,54.57,32.8,65.2,440.0
money_plant,37.93,32.9,64.8,434.17
snake_plant,73.74,32.9,64.8,434.17
cactus,54.81,32.9,64.8,434.17
money_plant,38.16,33.0,64.9,427.5
snake_plant,74.15,33.0,64.9,427.5
cactus,54.36,33.0,64.9,427.5
money_plant,38.31,33.0,64.8,423.33
snake_plant,73.9,33.0,64.8,423.33
cactus,54.39,33.0,64.8,423.33
money_plant,38.1,33.1,64.3,424.17
snake_plant,74.08,33.1,64.3,424.17
cactus,54.42,33.1,64.3,424.17
money_plant,37.93,32.9,63.7,411.67
snake_plant,73.9,32.9,63.7,411.67
cactus,54.51,32.9,63.7,411.67
money_plant,38.07,32.9,65.1,409.17
snake_plant,73.68,32.9,65.1,409.17
cactus,54.51,32.9,65.1,409.17
money_plant,38.37,32.9,65.1,420.0
snake_plant,73.77,32.9,65.1,420.0
cactus,54.63,32.9,65.1,420.0
money_plant,37.93,33.0,65.1,410.0
snake_plant,73.77,33.0,65.1,410.0
cactus,54.45,33.0,65.1,410.0
money_plant,38.19,33.0,64.9,391.67
snake_plant,74.05,33.0,64.9,391.67
cactus,54.54,33.0,64.9,391.67
money_plant,38.25,33.1,64.9,405.0
snake_plant,74.12,33.1,64.9,405.0
cactus,54.36,33.1,64.9,405.0
money_plant,37.93,33.1,64.8,400.83
snake_plant,74.24,33.1,64.8,400.83
cactus,54.63,33.1,64.8,400.83
money_plant,38.19,33.1,64.4,406.67
snake_plant,74.08,33.1,64.4,406.67
cactus,54.57,33.1,64.4,406.67
money_plant,38.31,33.0,64.3,412.5
snake_plant,73.65,33.0,64.3,412.5
cactus,54.63,33.0,64.3,412.5
money_plant,38.19,32.9,63.2,430.83
snake_plant,74.05,32.9,63.2,430.83
cactus,54.51,32.9,63.2,430.83
money_plant,38.04,32.8,65.2,418.33
snake_plant,73.96,32.8,65.2,418.33
cactus,54.69,32.8,65.2,418.33
money_plant,38.04,32.8,65.3,380.83
snake_plant,74.15,32.8,65.3,380.83
cactus,54.78,32.8,65.3,380.83
money_plant,38.37,32.9,65.2,365.0
snake_plant,74.05,32.9,65.2,365.0
cactus,54.75,32.9,65.2,365.0
money_plant,38.07,32.9,65.0,366.67
snake_plant,74.05,32.9,65.0,366.67
cactus,54.75,32.9,65.0,366.67
money_plant,38.16,32.9,65.1,330.0
snake_plant,74.15,32.9,65.1,330.0
cactus,54.69,32.9,65.1,330.0
money_plant,38.22,33.0,64.9,324.17
snake_plant,74.02,33.0,64.9,324.17
cactus,54.57,33.0,64.9,324.17
money_plant,37.99,33.0,65.0,349.17
snake_plant,74.08,33.0,65.0,349.17
cactus,54.51,33.0,65.0,349.17
money_plant,38.22,33.0,65.2,344.17
snake_plant,74.15,33.0,65.2,344.17
cactus,54.48,33.0,65.2,344.17
money_plant,38.16,33.0,65.1,345.0
snake_plant,74.05,33.0,65.1,345.0
cactus,54.29,33.0,65.1,345.0
money_plant,37.93,33.0,65.1,342.5
snake_plant,74.02,33.0,65.1,342.5
cactus,54.29,33.0,65.1,342.5
money_plant,37.99,33.0,64.9,340.0
snake_plant,74.68,33.0,64.9,340.0
cactus,54.36,33.0,64.9,340.0
money_plant,38.19,33.0,64.9,336.67
snake_plant,74.52,33.0,64.9,336.67
cactus,54.32,33.0,64.9,336.67
money_plant,38.01,33.0,64.9,328.33
snake_plant,74.99,33.0,64.9,328.33
cactus,54.23,33.0,64.9,328.33
money_plant,38.16,33.0,64.8,322.5
snake_plant,74.59,33.0,64.8,322.5
cactus,54.05,33.0,64.8,322.5
money_plant,37.9,33.0,64.5,315.83
snake_plant,74.4,33.0,64.5,315.83
cactus,54.2,33.0,64.5,315.83
money_plant,38.07,33.0,64.5,316.67
snake_plant,74.59,33.0,64.5,316.67
cactus,54.08,33.0,64.5,316.67
money_plant,35.2,33.0,64.8,318.33
snake_plant,74.84,33.0,64.8,318.33
cactus,54.36,33.0,64.8,318.33
money_plant,38.1,32.9,64.5,325.0
snake_plant,74.46,32.9,64.5,325.0
cactus,53.96,32.9,64.5,325.0
money_plant,37.93,32.9,64.6,324.17
snake_plant,74.74,32.9,64.6,324.17
cactus,54.05,32.9,64.6,324.17
money_plant,36.53,32.9,64.8,315.0
snake_plant,74.93,32.9,64.8,315.0
cactus,53.9,32.9,64.8,315.0
money_plant,37.93,32.8,65.0,315.83
snake_plant,74.43,32.8,65.0,315.83
cactus,53.96,32.8,65.0,315.83
money_plant,38.04,32.7,64.5,327.5
snake_plant,74.62,32.7,64.5,327.5
cactus,54.39,32.7,64.5,327.5
money_plant,37.9,32.8,64.2,329.17
snake_plant,74.62,32.8,64.2,329.17
cactus,53.87,32.8,64.2,329.17
money_plant,38.04,32.7,64.4,323.33
snake_plant,74.52,32.7,64.4,323.33
cactus,53.93,32.7,64.4,323.33
money_plant,38.31,32.7,64.4,326.67
snake_plant,74.27,32.7,64.4,326.67
cactus,53.72,32.7,64.4,326.67
money_plant,37.93,32.7,64.4,286.67
snake_plant,74.37,32.7,64.4,286.67
cactus,53.87,32.7,64.4,286.67
money_plant,38.19,32.7,63.8,310.83
snake_plant,74.55,32.7,63.8,310.83
cactus,53.87,32.7,63.8,310.83
money_plant,38.28,32.7,64.1,304.17
snake_plant,73.99,32.7,64.1,304.17
cactus,53.87,32.7,64.1,304.17
money_plant,38.16,32.7,64.1,278.33
snake_plant,74.49,32.7,64.1,278.33
cactus,53.87,32.7,64.1,278.33
money_plant,37.9,32.7,64.2,311.67
snake_plant,74.18,32.7,64.2,311.67
cactus,53.81,32.7,64.2,311.67
money_plant,38.25,32.7,64.1,320.83
snake_plant,73.4,32.7,64.1,320.83
cactus,53.87,32.7,64.1,320.83
money_plant,38.22,32.7,61.9,325.83
snake_plant,74.15,32.7,61.9,325.83
cactus,53.6,32.7,61.9,325.83
money_plant,38.04,32.9,63.8,330.83
snake_plant,74.08,32.9,63.8,330.83
cactus,53.54,32.9,63.8,330.83
money_plant,37.96,32.9,63.7,320.83
snake_plant,74.27,32.9,63.7,320.83
cactus,53.6,32.9,63.7,320.83
money_plant,37.93,32.9,63.4,306.67
snake_plant,74.3,32.9,63.4,306.67
cactus,53.57,32.9,63.4,306.67
money_plant,37.93,32.9,63.5,274.17
snake_plant,74.15,32.9,63.5,274.17
cactus,53.47,32.9,63.5,274.17
money_plant,38.04,32.9,62.8,280.0
snake_plant,74.27,32.9,62.8,280.0
cactus,53.41,32.9,62.8,280.0
money_plant,37.93,32.9,61.5,280.83
snake_plant,74.24,32.9,61.5,280.83
cactus,53.38,32.9,61.5,280.83
money_plant,37.75,32.9,62.4,278.33
snake_plant,74.12,32.9,62.4,278.33
cactus,53.32,32.9,62.4,278.33
money_plant,37.96,32.9,62.4,312.5
snake_plant,74.74,32.9,62.4,312.5
cactus,53.44,32.9,62.4,312.5
money_plant,37.63,32.8,62.0,355.83
snake_plant,74.24,32.8,62.0,355.83
cactus,53.41,32.8,62.0,355.83
money_plant,37.81,32.9,62.4,380.0
snake_plant,74.24,32.9,62.4,380.0
cactus,53.41,32.9,62.4,380.0
money_plant,38.19,32.9,61.6,541.67
snake_plant,73.58,32.9,61.6,541.67
cactus,53.6,32.9,61.6,541.67
money_plant,38.16,32.9,60.8,547.5
snake_plant,74.24,32.9,60.8,547.5
cactus,53.54,32.9,60.8,547.5
money_plant,38.07,32.8,61.6,503.33
snake_plant,74.71,32.8,61.6,503.33
cactus,53.32,32.8,61.6,503.33
money_plant,37.75,32.7,62.1,485.0
snake_plant,74.08,32.7,62.1,485.0
cactus,53.32,32.7,62.1,485.0
money_plant,37.84,32.7,62.4,516.67
snake_plant,74.15,32.7,62.4,516.67
cactus,53.29,32.7,62.4,516.67
money_plant,37.93,32.7,62.5,525.0
snake_plant,74.4,32.7,62.5,525.0
cactus,53.35,32.7,62.5,525.0
money_plant,37.96,32.7,62.8,474.17
snake_plant,74.24,32.7,62.8,474.17
cactus,53.29,32.7,62.8,474.17
money_plant,37.39,32.6,62.7,496.67
snake_plant,74.24,32.6,62.7,496.67
cactus,53.2,32.6,62.7,496.67
money_plant,38.7,32.8,60.9,556.67
snake_plant,74.24,32.8,60.9,556.67
cactus,53.08,32.8,60.9,556.67
money_plant,37.99,32.8,61.2,530.83
snake_plant,73.96,32.8,61.2,530.83
cactus,52.96,32.8,61.2,530.83
money_plant,37.78,33.0,62.0,439.17
snake_plant,73.77,33.0,62.0,439.17
cactus,52.96,33.0,62.0,439.17
money_plant,37.93,33.0,62.2,535.0
snake_plant,74.27,33.0,62.2,535.0
cactus,52.99,33.0,62.2,535.0
money_plant,37.63,33.0,62.6,570.0
snake_plant,74.18,33.0,62.6,570.0
cactus,52.99,33.0,62.6,570.0
money_plant,37.93,32.9,62.7,524.17
snake_plant,74.08,32.9,62.7,524.17
cactus,52.87,32.9,62.7,524.17
money_plant,37.87,33.0,62.8,590.0
snake_plant,74.21,33.0,62.8,590.0
cactus,52.87,33.0,62.8,590.0
money_plant,37.6,32.9,62.6,582.5
snake_plant,74.05,32.9,62.6,582.5
cactus,52.9,32.9,62.6,582.5
money_plant,37.69,33.1,62.8,575.83
snake_plant,74.27,33.1,62.8,575.83
cactus,52.9,33.1,62.8,575.83
money_plant,37.69,33.1,62.7,575.83
snake_plant,74.12,33.1,62.7,575.83
cactus,52.84,33.1,62.7,575.83
money_plant,37.42,33.1,62.5,574.17
snake_plant,73.58,33.1,62.5,574.17
cactus,52.75,33.1,62.5,574.17
money_plant,37.36,33.1,62.5,542.5
snake_plant,73.93,33.1,62.5,542.5
cactus,52.9,33.1,62.5,542.5
money_plant,37.69,33.1,62.4,539.17
snake_plant,73.55,33.1,62.4,539.17
cactus,52.84,33.1,62.4,539.17
money_plant,37.87,33.1,61.5,521.67
snake_plant,73.58,33.1,61.5,521.67
cactus,52.87,33.1,61.5,521.67
money_plant,36.27,33.2,62.0,484.17
snake_plant,73.58,33.2,62.0,484.17
cactus,52.81,33.2,62.0,484.17
money_plant,37.72,33.2,61.6,410.83
snake_plant,73.58,33.2,61.6,410.83
cactus,52.9,33.2,61.6,410.83
money_plant,37.57,33.2,62.2,500.83
snake_plant,73.58,33.2,62.2,500.83
cactus,52.81,33.2,62.2,500.83
money_plant,37.63,33.2,61.7,501.67
snake_plant,73.62,33.2,61.7,501.67
cactus,52.75,33.2,61.7,501.67
money_plant,38.37,33.3,62.0,496.67
snake_plant,73.43,33.3,62.0,496.67
cactus,52.87,33.3,62.0,496.67
money_plant,37.9,33.4,61.6,499.17
snake_plant,73.43,33.4,61.6,499.17
cactus,52.96,33.4,61.6,499.17
money_plant,37.72,33.4,61.5,496.67
snake_plant,73.43,33.4,61.5,496.67
cactus,52.96,33.4,61.5,496.67
money_plant,37.51,33.4,61.2,515.0
snake_plant,73.93,33.4,61.2,515.0
cactus,52.59,33.4,61.2,515.0
money_plant,37.57,33.4,61.6,525.0
snake_plant,73.49,33.4,61.6,525.0
cactus,52.9,33.4,61.6,525.0
money_plant,37.69,33.5,61.4,505.83
snake_plant,73.55,33.5,61.4,505.83
cactus,53.23,33.5,61.4,505.83
money_plant,37.6,33.5,61.5,511.67
snake_plant,73.68,33.5,61.5,511.67
cactus,52.99,33.5,61.5,511.67
money_plant,35.17,33.5,59.8,500.0
snake_plant,73.9,33.5,59.8,500.0
cactus,53.05,33.5,59.8,500.0
money_plant,37.78,33.7,60.3,427.5
snake_plant,73.58,33.7,60.3,427.5
cactus,53.08,33.7,60.3,427.5
money_plant,37.42,33.7,59.2,407.5
snake_plant,73.58,33.7,59.2,407.5
cactus,52.93,33.7,59.2,407.5
money_plant,37.48,33.7,59.7,491.67
snake_plant,73.65,33.7,59.7,491.67
cactus,52.96,33.7,59.7,491.67
money_plant,37.51,33.6,59.8,518.33
snake_plant,73.58,33.6,59.8,518.33
cactus,52.93,33.6,59.8,518.33
money_plant,37.51,33.6,60.1,543.33
snake_plant,73.52,33.6,60.1,543.33
cactus,52.87,33.6,60.1,543.33
money_plant,37.57,33.6,60.1,551.67
snake_plant,73.93,33.6,60.1,551.67
cactus,52.78,33.6,60.1,551.67
money_plant,37.63,33.7,59.4,539.17
snake_plant,73.55,33.7,59.4,539.17
cactus,52.99,33.7,59.4,539.17
money_plant,37.6,33.8,58.4,527.5
snake_plant,73.58,33.8,58.4,527.5
cactus,52.9,33.8,58.4,527.5
money_plant,37.42,33.8,58.3,515.0
snake_plant,73.43,33.8,58.3,515.0
cactus,52.84,33.8,58.3,515.0
money_plant,37.75,33.8,58.7,547.5
snake_plant,73.58,33.8,58.7,547.5
cactus,52.81,33.8,58.7,547.5
money_plant,37.57,34.1,56.9,509.17
snake_plant,73.49,34.1,56.9,509.17
cactus,52.93,34.1,56.9,509.17
money_plant,37.42,34.1,57.9,483.33
snake_plant,73.3,34.1,57.9,483.33
cactus,52.84,34.1,57.9,483.33
money_plant,38.64,33.9,58.1,481.67
snake_plant,73.49,33.9,58.1,481.67
cactus,52.93,33.9,58.1,481.67
money_plant,37.69,34.1,54.8,498.33
snake_plant,73.49,34.1,54.8,498.33
cactus,52.84,34.1,54.8,498.33
money_plant,37.36,34.4,55.7,490.83
snake_plant,73.15,34.4,55.7,490.83
cactus,52.93,34.4,55.7,490.83
money_plant,37.51,34.5,55.7,477.5
snake_plant,73.58,34.5,55.7,477.5
cactus,52.9,34.5,55.7,477.5
money_plant,37.78,34.3,56.8,460.83
snake_plant,73.62,34.3,56.8,460.83
cactus,52.9,34.3,56.8,460.83
money_plant,37.42,34.1,57.4,447.5
snake_plant,73.58,34.1,57.4,447.5
cactus,52.84,34.1,57.4,447.5
money_plant,37.57,34.0,58.0,436.67
snake_plant,73.49,34.0,58.0,436.67
cactus,52.9,34.0,58.0,436.67
money_plant,37.33,34.1,56.1,435.83
snake_plant,73.43,34.1,56.1,435.83
cactus,52.99,34.1,56.1,435.83
money_plant,37.48,34.2,57.2,433.33
snake_plant,73.58,34.2,57.2,433.33
cactus,52.87,34.2,57.2,433.33
money_plant,37.24,34.3,55.2,430.83
snake_plant,73.24,34.3,55.2,430.83
cactus,52.84,34.3,55.2,430.83
money_plant,37.69,34.4,53.7,433.33
snake_plant,73.58,34.4,53.7,433.33
cactus,52.9,34.4,53.7,433.33
money_plant,37.63,34.5,53.6,427.5
snake_plant,73.58,34.5,53.6,427.5
cactus,52.72,34.5,53.6,427.5
money_plant,37.21,34.9,52.8,428.33
snake_plant,73.55,34.9,52.8,428.33
cactus,52.81,34.9,52.8,428.33
money_plant,37.42,34.9,54.2,430.0
snake_plant,73.05,34.9,54.2,430.0
cactus,52.93,34.9,54.2,430.0
money_plant,37.51,34.7,55.0,435.83
snake_plant,73.02,34.7,55.0,435.83
cactus,52.78,34.7,55.0,435.83
money_plant,37.72,34.5,55.8,433.33
snake_plant,73.18,34.5,55.8,433.33
cactus,52.87,34.5,55.8,433.33
money_plant,37.39,34.3,56.4,452.5
snake_plant,73.18,34.3,56.4,452.5
cactus,52.56,34.3,56.4,452.5
money_plant,37.51,34.2,57.2,400.83
snake_plant,72.99,34.2,57.2,400.83
cactus,52.81,34.2,57.2,400.83
money_plant,37.13,34.2,57.4,359.17
snake_plant,73.02,34.2,57.4,359.17
cactus,52.87,34.2,57.4,359.17
money_plant,37.42,34.0,57.9,327.5
snake_plant,73.02,34.0,57.9,327.5
cactus,52.87,34.0,57.9,327.5
money_plant,37.42,33.9,58.1,307.5
snake_plant,73.02,33.9,58.1,307.5
cactus,52.59,33.9,58.1,307.5
money_plant,37.42,33.9,58.2,302.5
snake_plant,73.08,33.9,58.2,302.5
cactus,52.9,33.9,58.2,302.5
money_plant,37.42,33.8,58.3,309.17
snake_plant,72.74,33.8,58.3,309.17
cactus,52.9,33.8,58.3,309.17
money_plant,37.42,33.8,58.1,405.83
snake_plant,72.8,33.8,58.1,405.83
cactus,52.87,33.8,58.1,405.83
money_plant,37.57,34.0,57.5,421.67
snake_plant,72.71,34.0,57.5,421.67
cactus,52.81,34.0,57.5,421.67
money_plant,37.27,34.0,57.4,409.17
snake_plant,72.99,34.0,57.4,409.17
cactus,52.69,34.0,57.4,409.17
money_plant,37.42,34.0,57.6,433.33
snake_plant,72.77,34.0,57.6,433.33
cactus,53.72,34.0,57.6,433.33
money_plant,38.31,34.2,56.9,427.5
snake_plant,72.58,34.2,56.9,427.5
cactus,52.9,34.2,56.9,427.5
money_plant,37.36,34.3,57.1,412.5
snake_plant,72.58,34.3,57.1,412.5
cactus,52.9,34.3,57.1,412.5
money_plant,37.33,34.2,57.4,387.5
snake_plant,72.52,34.2,57.4,387.5
cactus,52.93,34.2,57.4,387.5
money_plant,37.16,34.2,57.7,368.33
snake_plant,72.58,34.2,57.7,368.33
cactus,52.9,34.2,57.7,368.33
money_plant,37.27,34.2,57.7,400.83
snake_plant,72.43,34.2,57.7,400.83
cactus,52.69,34.2,57.7,400.83
money_plant,37.27,34.2,57.8,439.17
snake_plant,72.86,34.2,57.8,439.17
cactus,52.75,34.2,57.8,439.17
money_plant,37.16,34.2,57.9,469.17
snake_plant,72.74,34.2,57.9,469.17
cactus,52.84,34.2,57.9,469.17
money_plant,37.27,34.2,58.0,525.0
snake_plant,72.61,34.2,58.0,525.0
cactus,52.69,34.2,58.0,525.0
money_plant,37.24,34.2,58.0,544.17
snake_plant,71.74,34.2,58.0,544.17
cactus,52.5,34.2,58.0,544.17
money_plant,37.33,34.2,57.2,482.5
snake_plant,72.58,34.2,57.2,482.5
cactus,52.72,34.2,57.2,482.5
money_plant,37.1,34.1,57.7,440.0
snake_plant,72.58,34.1,57.7,440.0
cactus,52.9,34.1,57.7,440.0
money_plant,36.77,34.0,58.1,430.83
snake_plant,72.9,34.0,58.1,430.83
cactus,52.75,34.0,58.1,430.83
money_plant,37.42,33.9,56.4,424.17
snake_plant,72.58,33.9,56.4,424.17
cactus,52.72,33.9,56.4,424.17
money_plant,37.24,34.0,58.2,447.5
snake_plant,72.14,34.0,58.2,447.5
cactus,52.84,34.0,58.2,447.5
money_plant,37.01,33.9,58.4,445.83
snake_plant,72.55,33.9,58.4,445.83
cactus,52.69,33.9,58.4,445.83
money_plant,37.36,33.9,58.0,529.17
snake_plant,72.58,33.9,58.0,529.17
cactus,52.75,33.9,58.0,529.17
money_plant,34.37,34.0,58.1,439.17
snake_plant,72.43,34.0,58.1,439.17
cactus,52.75,34.0,58.1,439.17
money_plant,37.39,34.0,58.0,410.0
snake_plant,72.43,34.0,58.0,410.0
cactus,52.9,34.0,58.0,410.0
money_plant,37.04,34.0,57.4,400.83
snake_plant,72.43,34.0,57.4,400.83
cactus,52.63,34.0,57.4,400.83
money_plant,37.51,34.0,57.8,417.5
snake_plant,72.39,34.0,57.8,417.5
cactus,52.84,34.0,57.8,417.5
money_plant,37.24,34.1,58.0,491.67
snake_plant,72.58,34.1,58.0,491.67
cactus,52.75,34.1,58.0,491.67
money_plant,37.16,34.1,58.3,492.5
snake_plant,72.36,34.1,58.3,492.5
cactus,52.72,34.1,58.3,492.5
money_plant,37.3,34.2,57.6,417.5
snake_plant,72.14,34.2,57.6,417.5
cactus,52.9,34.2,57.6,417.5
money_plant,37.21,34.3,57.9,368.33
snake_plant,72.27,34.3,57.9,368.33
cactus,53.29,34.3,57.9,368.33
money_plant,37.21,34.1,56.2,350.0
snake_plant,72.3,34.1,56.2,350.0
cactus,53.08,34.1,56.2,350.0
money_plant,37.45,34.3,56.1,347.5
snake_plant,72.3,34.3,56.1,347.5
cactus,53.05,34.3,56.1,347.5
money_plant,37.3,34.1,57.5,340.0
snake_plant,72.43,34.1,57.5,340.0
cactus,53.05,34.1,57.5,340.0
money_plant,37.27,34.0,57.7,342.5
snake_plant,72.55,34.0,57.7,342.5
cactus,53.17,34.0,57.7,342.5
money_plant,37.21,34.2,54.4,384.17
snake_plant,71.89,34.2,54.4,384.17
cactus,53.05,34.2,54.4,384.17
money_plant,37.21,34.2,55.2,375.83
snake_plant,72.24,34.2,55.2,375.83
cactus,53.17,34.2,55.2,375.83
money_plant,37.42,34.3,56.4,360.83
snake_plant,72.11,34.3,56.4,360.83
cactus,52.93,34.3,56.4,360.83
money_plant,36.98,34.3,56.8,316.67
snake_plant,72.55,34.3,56.8,316.67
cactus,52.9,34.3,56.8,316.67
money_plant,37.1,34.1,57.3,311.67
snake_plant,72.18,34.1,57.3,311.67
cactus,52.84,34.1,57.3,311.67
money_plant,37.33,34.1,57.2,300.0
snake_plant,71.92,34.1,57.2,300.0
cactus,52.9,34.1,57.2,300.0
money_plant,37.07,34.1,57.1,265.0
snake_plant,72.58,34.1,57.1,265.0
cactus,52.81,34.1,57.1,265.0
money_plant,37.3,34.1,57.4,268.33
snake_plant,71.86,34.1,57.4,268.33
cactus,52.87,34.1,57.4,268.33
money_plant,37.21,34.1,56.1,265.83
snake_plant,71.71,34.1,56.1,265.83
cactus,52.9,34.1,56.1,265.83
money_plant,36.86,34.3,55.2,253.33
snake_plant,71.74,34.3,55.2,253.33
cactus,53.44,34.3,55.2,253.33
money_plant,36.89,34.4,54.4,315.83
snake_plant,71.96,34.4,54.4,315.83
cactus,52.87,34.4,54.4,315.83
money_plant,37.39,34.4,56.5,297.5
snake_plant,71.49,34.4,56.5,297.5
cactus,52.9,34.4,56.5,297.5
money_plant,36.98,34.4,56.9,304.17
snake_plant,71.67,34.4,56.9,304.17
cactus,52.87,34.4,56.9,304.17
money_plant,36.77,34.3,57.4,349.17
snake_plant,72.05,34.3,57.4,349.17
cactus,53.29,34.3,57.4,349.17
money_plant,37.24,34.3,57.0,289.17
snake_plant,72.05,34.3,57.0,289.17
cactus,52.9,34.3,57.0,289.17
money_plant,36.89,34.2,57.9,264.17
snake_plant,71.61,34.2,57.9,264.17
cactus,52.81,34.2,57.9,264.17
money_plant,36.92,34.2,57.6,260.83
snake_plant,72.02,34.2,57.6,260.83
cactus,52.9,34.2,57.6,260.83
money_plant,36.86,34.1,58.1,267.5
snake_plant,71.99,34.1,58.1,267.5
cactus,53.05,34.1,58.1,267.5
money_plant,37.01,33.9,58.2,273.33
snake_plant,76.28,33.9,58.2,273.33
cactus,52.9,33.9,58.2,273.33
money_plant,37.1,33.9,58.4,270.83
snake_plant,72.05,33.9,58.4,270.83
cactus,52.56,33.9,58.4,270.83
money_plant,36.86,34.0,57.9,271.67
snake_plant,71.77,34.0,57.9,271.67
cactus,53.17,34.0,57.9,271.67
money_plant,36.95,33.9,58.7,281.67
snake_plant,72.99,33.9,58.7,281.67
cactus,53.05,33.9,58.7,281.67
money_plant,37.1,34.0,59.8,281.67
snake_plant,71.86,34.0,59.8,281.67
cactus,53.02,34.0,59.8,281.67
money_plant,37.13,34.0,59.8,287.5
snake_plant,71.86,34.0,59.8,287.5
cactus,53.11,34.0,59.8,287.5
money_plant,37.1,34.0,59.3,301.67
snake_plant,71.58,34.0,59.3,301.67
cactus,53.29,34.0,59.3,301.67
money_plant,37.21,34.0,60.2,328.33
snake_plant,71.58,34.0,60.2,328.33
cactus,53.02,34.0,60.2,328.33
money_plant,36.98,34.0,61.1,354.17
snake_plant,72.18,34.0,61.1,354.17
cactus,52.96,34.0,61.1,354.17
money_plant,36.98,34.1,60.1,397.5
snake_plant,71.49,34.1,60.1,397.5
cactus,52.99,34.1,60.1,397.5
money_plant,36.89,34.1,61.6,330.0
snake_plant,71.55,34.1,61.6,330.0
cactus,53.32,34.1,61.6,330.0
money_plant,37.19,34.0,60.8,337.5
snake_plant,71.58,34.0,60.8,337.5
cactus,53.02,34.0,60.8,337.5
money_plant,36.77,34.1,61.0,382.5
snake_plant,71.61,34.1,61.0,382.5
cactus,52.96,34.1,61.0,382.5
money_plant,37.16,34.1,62.1,430.83
snake_plant,71.55,34.1,62.1,430.83
cactus,53.08,34.1,62.1,430.83
money_plant,36.74,34.2,60.8,476.67
snake_plant,71.49,34.2,60.8,476.67
cactus,52.9,34.2,60.8,476.67
money_plant,37.13,34.2,60.7,504.17
snake_plant,71.52,34.2,60.7,504.17
cactus,52.93,34.2,60.7,504.17
money_plant,36.86,34.2,60.9,430.0
snake_plant,72.74,34.2,60.9,430.0
cactus,53.02,34.2,60.9,430.0
money_plant,36.77,34.3,61.1,425.0
snake_plant,71.55,34.3,61.1,425.0
cactus,52.96,34.3,61.1,425.0
money_plant,36.95,34.3,61.1,505.83
snake_plant,71.71,34.3,61.1,505.83
cactus,53.05,34.3,61.1,505.83
money_plant,36.92,34.3,61.1,428.33
snake_plant,71.55,34.3,61.1,428.33
cactus,52.99,34.3,61.1,428.33
money_plant,37.04,34.4,60.9,370.83
snake_plant,71.36,34.4,60.9,370.83
cactus,52.9,34.4,60.9,370.83
money_plant,36.5,34.3,61.0,377.5
snake_plant,71.3,34.3,61.0,377.5
cactus,52.99,34.3,61.0,377.5
money_plant,37.33,34.4,61.1,470.0
snake_plant,71.61,34.4,61.1,470.0
cactus,52.93,34.4,61.1,470.0
money_plant,40.59,34.4,60.8,470.0
snake_plant,71.21,34.4,60.8,470.0
cactus,52.93,34.4,60.8,470.0
money_plant,36.74,34.5,60.9,485.83
snake_plant,71.58,34.5,60.9,485.83
cactus,53.05,34.5,60.9,485.83
money_plant,36.89,34.6,60.2,468.33
snake_plant,73.21,34.6,60.2,468.33
cactus,52.93,34.6,60.2,468.33
money_plant,36.98,34.6,60.5,435.0
snake_plant,71.36,34.6,60.5,435.0
cactus,53.02,34.6,60.5,435.0
money_plant,36.86,34.6,60.5,430.83
snake_plant,70.89,34.6,60.5,430.83
cactus,53.38,34.6,60.5,430.83
money_plant,36.62,34.6,60.5,387.5
snake_plant,71.58,34.6,60.5,387.5
cactus,53.05,34.6,60.5,387.5
money_plant,36.86,34.5,60.7,398.33
snake_plant,71.36,34.5,60.7,398.33
cactus,52.93,34.5,60.7,398.33
money_plant,36.95,34.5,61.0,381.67
snake_plant,71.58,34.5,61.0,381.67
cactus,52.96,34.5,61.0,381.67
money_plant,36.62,34.5,61.2,428.33
snake_plant,71.3,34.5,61.2,428.33
cactus,52.99,34.5,61.2,428.33
money_plant,36.89,34.4,61.3,461.67
snake_plant,75.68,34.4,61.3,461.67
cactus,52.9,34.4,61.3,461.67
money_plant,36.92,34.5,61.3,450.0
snake_plant,71.24,34.5,61.3,450.0
cactus,52.99,34.5,61.3,450.0
money_plant,36.86,34.5,61.4,415.0
snake_plant,71.42,34.5,61.4,415.0
cactus,53.08,34.5,61.4,415.0
money_plant,36.92,34.5,61.4,465.0
snake_plant,70.99,34.5,61.4,465.0
cactus,52.99,34.5,61.4,465.0
money_plant,35.61,34.6,62.0,445.0
snake_plant,71.67,34.6,62.0,445.0
cactus,52.9,34.6,62.0,445.0
money_plant,36.86,34.7,61.5,434.17
snake_plant,71.24,34.7,61.5,434.17
cactus,53.08,34.7,61.5,434.17
money_plant,36.62,34.8,61.0,404.17
snake_plant,71.05,34.8,61.0,404.17
cactus,52.9,34.8,61.0,404.17
money_plant,36.47,34.7,61.1,380.83
snake_plant,71.11,34.7,61.1,380.83
cactus,52.99,34.7,61.1,380.83
money_plant,37.04,34.7,61.1,410.0
snake_plant,71.42,34.7,61.1,410.0
cactus,53.05,34.7,61.1,410.0
money_plant,37.13,34.6,61.2,439.17
snake_plant,70.58,34.6,61.2,439.17
cactus,52.99,34.6,61.2,439.17
money_plant,36.74,34.7,60.8,403.33
snake_plant,71.61,34.7,60.8,403.33
cactus,52.9,34.7,60.8,403.33
money_plant,36.53,34.7,61.1,432.5
snake_plant,71.52,34.7,61.1,432.5
cactus,53.35,34.7,61.1,432.5
money_plant,36.89,34.7,61.2,443.33
snake_plant,72.99,34.7,61.2,443.33
cactus,52.9,34.7,61.2,443.33
money_plant,37.1,34.7,61.3,465.0
snake_plant,70.95,34.7,61.3,465.0
cactus,52.9,34.7,61.3,465.0
money_plant,36.77,34.7,61.3,446.67
snake_plant,71.61,34.7,61.3,446.67
cactus,52.87,34.7,61.3,446.67
money_plant,36.83,34.7,61.5,438.33
snake_plant,71.11,34.7,61.5,438.33
cactus,53.11,34.7,61.5,438.33
money_plant,36.86,34.9,61.2,495.83
snake_plant,71.08,34.9,61.2,495.83
cactus,51.78,34.9,61.2,495.83
money_plant,36.68,34.9,61.1,496.67
snake_plant,69.77,34.9,61.1,496.67
cactus,53.17,34.9,61.1,496.67
money_plant,37.39,34.9,60.9,515.83
snake_plant,71.24,34.9,60.9,515.83
cactus,52.99,34.9,60.9,515.83
money_plant,36.92,34.9,61.2,523.33
snake_plant,70.11,34.9,61.2,523.33
cactus,52.93,34.9,61.2,523.33
money_plant,36.98,34.9,61.4,544.17
snake_plant,69.8,34.9,61.4,544.17
cactus,53.08,34.9,61.4,544.17
money_plant,36.8,35.0,61.1,455.0
snake_plant,71.17,35.0,61.1,455.0
cactus,53.23,35.0,61.1,455.0
money_plant,36.89,35.0,61.3,425.0
snake_plant,71.14,35.0,61.3,425.0
cactus,53.11,35.0,61.3,425.0
money_plant,37.01,34.9,61.3,361.67
snake_plant,71.58,34.9,61.3,361.67
cactus,53.2,34.9,61.3,361.67
money_plant,36.98,34.9,61.4,443.33
snake_plant,71.14,34.9,61.4,443.33
cactus,53.05,34.9,61.4,443.33
money_plant,36.8,34.9,61.6,441.67
snake_plant,70.74,34.9,61.6,441.67
cactus,53.17,34.9,61.6,441.67
money_plant,37.01,34.9,61.7,484.17
snake_plant,70.95,34.9,61.7,484.17
cactus,53.26,34.9,61.7,484.17
money_plant,36.47,34.9,61.2,485.0
snake_plant,71.17,34.9,61.2,485.0
cactus,53.17,34.9,61.2,485.0
money_plant,36.89,34.9,61.0,478.33
snake_plant,70.89,34.9,61.0,478.33
cactus,53.23,34.9,61.0,478.33
money_plant,36.65,34.9,61.2,508.33
snake_plant,71.08,34.9,61.2,508.33
cactus,53.2,34.9,61.2,508.33
money_plant,36.77,34.9,61.1,472.5
snake_plant,70.92,34.9,61.1,472.5
cactus,53.05,34.9,61.1,472.5
money_plant,36.86,34.9,61.0,475.0
snake_plant,70.86,34.9,61.0,475.0
cactus,53.05,34.9,61.0,475.0
money_plant,36.83,34.9,60.7,491.67
snake_plant,70.61,34.9,60.7,491.67
cactus,53.08,34.9,60.7,491.67
money_plant,36.98,34.9,61.1,502.5
snake_plant,70.55,34.9,61.1,502.5
cactus,53.17,34.9,61.1,502.5
money_plant,36.95,34.9,61.1,443.33
snake_plant,70.52,34.9,61.1,443.33
cactus,52.99,34.9,61.1,443.33
money_plant,36.41,34.9,61.3,450.83
snake_plant,70.58,34.9,61.3,450.83
cactus,53.2,34.9,61.3,450.83
money_plant,37.16,34.9,61.3,439.17
snake_plant,69.08,34.9,61.3,439.17
cactus,53.02,34.9,61.3,439.17
money_plant,37.1,34.8,61.5,440.0
snake_plant,70.77,34.8,61.5,440.0
cactus,53.17,34.8,61.5,440.0
money_plant,37.21,34.7,61.6,433.33
snake_plant,64.76,34.7,61.6,433.33
cactus,52.9,34.7,61.6,433.33
money_plant,36.92,34.7,61.8,446.67
snake_plant,70.58,34.7,61.8,446.67
cactus,52.69,34.7,61.8,446.67
money_plant,36.86,34.8,61.5,435.0
snake_plant,70.55,34.8,61.5,435.0
cactus,52.9,34.8,61.5,435.0
money_plant,36.92,34.8,60.8,439.17
snake_plant,71.08,34.8,60.8,439.17
cactus,52.87,34.8,60.8,439.17
money_plant,36.8,34.8,61.0,385.0
snake_plant,70.64,34.8,61.0,385.0
cactus,52.72,34.8,61.0,385.0
money_plant,36.95,34.8,61.3,360.0
snake_plant,70.55,34.8,61.3,360.0
cactus,52.87,34.8,61.3,360.0
money_plant,37.1,34.8,61.5,364.17
snake_plant,70.61,34.8,61.5,364.17
cactus,52.81,34.8,61.5,364.17
money_plant,37.1,34.9,61.5,359.17
snake_plant,71.33,34.9,61.5,359.17
cactus,52.69,34.9,61.5,359.17
money_plant,36.89,34.8,61.2,365.0
snake_plant,67.89,34.8,61.2,365.0
cactus,52.69,34.8,61.2,365.0
money_plant,36.8,34.8,61.2,388.33
snake_plant,70.11,34.8,61.2,388.33
cactus,52.75,34.8,61.2,388.33
money_plant,37.04,34.9,61.4,413.33
snake_plant,70.17,34.9,61.4,413.33
cactus,52.63,34.9,61.4,413.33
money_plant,36.86,34.8,61.3,398.33
snake_plant,70.36,34.8,61.3,398.33
cactus,52.59,34.8,61.3,398.33
money_plant,36.86,34.9,61.1,383.33
snake_plant,70.42,34.9,61.1,383.33
cactus,52.66,34.9,61.1,383.33
money_plant,37.04,34.9,61.4,364.17
snake_plant,69.92,34.9,61.4,364.17
cactus,52.69,34.9,61.4,364.17
money_plant,36.92,34.8,61.4,395.0
snake_plant,70.58,34.8,61.4,395.0
cactus,52.53,34.8,61.4,395.0
money_plant,36.86,34.8,61.5,383.33
snake_plant,70.11,34.8,61.5,383.33
cactus,52.56,34.8,61.5,383.33
money_plant,36.92,34.7,60.9,375.83
snake_plant,70.74,34.7,60.9,375.83
cactus,52.69,34.7,60.9,375.83
money_plant,36.89,34.8,61.4,380.83
snake_plant,70.58,34.8,61.4,380.83
cactus,52.72,34.8,61.4,380.83
money_plant,37.21,34.8,60.6,394.17
snake_plant,70.2,34.8,60.6,394.17
cactus,52.72,34.8,60.6,394.17
money_plant,37.54,34.7,61.3,365.0
snake_plant,70.36,34.7,61.3,365.0
cactus,52.75,34.7,61.3,365.0
money_plant,37.01,34.7,61.6,370.0
snake_plant,70.39,34.7,61.6,370.0
cactus,52.72,34.7,61.6,370.0
money_plant,37.01,34.7,61.5,425.0
snake_plant,70.49,34.7,61.5,425.0
cactus,52.69,34.7,61.5,425.0
money_plant,36.83,34.7,60.3,423.33
snake_plant,70.49,34.7,60.3,423.33
cactus,52.59,34.7,60.3,423.33
money_plant,36.98,34.7,60.8,427.5
snake_plant,69.98,34.7,60.8,427.5
cactus,54.78,34.7,60.8,427.5
money_plant,36.77,34.8,60.8,447.5
snake_plant,69.86,34.8,60.8,447.5
cactus,52.5,34.8,60.8,447.5
money_plant,36.98,34.9,60.8,420.83
snake_plant,70.3,34.9,60.8,420.83
cactus,52.41,34.9,60.8,420.83
money_plant,37.04,34.8,60.8,442.5
snake_plant,69.7,34.8,60.8,442.5
cactus,54.99,34.8,60.8,442.5
money_plant,37.16,34.8,60.6,436.67
snake_plant,70.14,34.8,60.6,436.67
cactus,52.53,34.8,60.6,436.67
money_plant,36.86,34.8,61.2,430.83
snake_plant,69.58,34.8,61.2,430.83
cactus,52.56,34.8,61.2,430.83
money_plant,36.92,34.7,61.1,449.17
snake_plant,69.89,34.7,61.1,449.17
cactus,52.63,34.7,61.1,449.17
money_plant,36.77,34.7,61.2,468.33
snake_plant,69.73,34.7,61.2,468.33
cactus,52.75,34.7,61.2,468.33
money_plant,36.74,34.9,61.1,476.67
snake_plant,69.58,34.9,61.1,476.67
cactus,52.47,34.9,61.1,476.67
money_plant,36.92,34.9,61.1,481.67
snake_plant,69.55,34.9,61.1,481.67
cactus,52.5,34.9,61.1,481.67
money_plant,36.89,34.9,61.2,470.83
snake_plant,70.05,34.9,61.2,470.83
cactus,52.69,34.9,61.2,470.83
money_plant,37.04,34.9,60.9,473.33
snake_plant,69.8,34.9,60.9,473.33
cactus,52.59,34.9,60.9,473.33
money_plant,36.89,34.9,60.8,480.83
snake_plant,69.36,34.9,60.8,480.83
cactus,52.59,34.9,60.8,480.83
money_plant,36.68,35.0,60.9,446.67
snake_plant,69.48,35.0,60.9,446.67
cactus,52.5,35.0,60.9,446.67
money_plant,36.98,35.0,60.5,428.33
snake_plant,69.48,35.0,60.5,428.33
cactus,52.53,35.0,60.5,428.33
money_plant,37.16,35.0,60.3,401.67
snake_plant,69.51,35.0,60.3,401.67
cactus,52.69,35.0,60.3,401.67
money_plant,37.04,35.0,59.6,362.5
snake_plant,69.83,35.0,59.6,362.5
cactus,52.59,35.0,59.6,362.5
money_plant,36.77,34.9,61.0,342.5
snake_plant,69.58,34.9,61.0,342.5
cactus,52.59,34.9,61.0,342.5
money_plant,36.89,34.8,60.5,351.67
snake_plant,69.67,34.8,60.5,351.67
cactus,52.47,34.8,60.5,351.67
money_plant,36.98,34.6,60.7,330.83
snake_plant,69.58,34.6,60.7,330.83
cactus,52.56,34.6,60.7,330.83
money_plant,36.65,34.6,61.5,309.17
snake_plant,69.42,34.6,61.5,309.17
cactus,52.5,34.6,61.5,309.17
money_plant,36.92,34.5,61.8,309.17
snake_plant,69.42,34.5,61.8,309.17
cactus,52.47,34.5,61.8,309.17
money_plant,36.86,34.5,62.1,325.83
snake_plant,69.45,34.5,62.1,325.83
cactus,52.44,34.5,62.1,325.83
money_plant,37.01,34.5,62.0,325.0
snake_plant,69.11,34.5,62.0,325.0
cactus,52.56,34.5,62.0,325.0
money_plant,37.48,34.5,61.6,344.17
snake_plant,69.48,34.5,61.6,344.17
cactus,51.59,34.5,61.6,344.17
money_plant,36.98,34.5,61.5,339.17
snake_plant,69.3,34.5,61.5,339.17
cactus,52.59,34.5,61.5,339.17
money_plant,37.16,34.4,61.6,350.0
snake_plant,69.11,34.4,61.6,350.0
cactus,52.53,34.4,61.6,350.0
money_plant,36.92,34.3,62.1,360.0
snake_plant,68.98,34.3,62.1,360.0
cactus,52.69,34.3,62.1,360.0
money_plant,37.01,34.3,62.0,359.17
snake_plant,69.17,34.3,62.0,359.17
cactus,52.93,34.3,62.0,359.17
money_plant,36.47,34.3,62.3,370.0
snake_plant,69.36,34.3,62.3,370.0
cactus,52.78,34.3,62.3,370.0
money_plant,37.42,34.2,61.7,434.17
snake_plant,69.23,34.2,61.7,434.17
cactus,52.47,34.2,61.7,434.17
money_plant,37.04,34.3,61.8,455.83
snake_plant,69.08,34.3,61.8,455.83
cactus,52.69,34.3,61.8,455.83
money_plant,36.98,34.3,62.1,455.83
snake_plant,69.08,34.3,62.1,455.83
cactus,52.5,34.3,62.1,455.83
money_plant,36.98,34.3,62.4,455.0
snake_plant,69.17,34.3,62.4,455.0
cactus,52.5,34.3,62.4,455.0
money_plant,36.74,34.3,61.3,484.17
snake_plant,68.98,34.3,61.3,484.17
cactus,52.63,34.3,61.3,484.17
money_plant,36.95,34.4,61.6,490.83
snake_plant,68.76,34.4,61.6,490.83
cactus,52.63,34.4,61.6,490.83
money_plant,36.65,34.4,61.7,457.5
snake_plant,68.76,34.4,61.7,457.5
cactus,52.75,34.4,61.7,457.5
money_plant,36.83,34.5,61.7,455.83
snake_plant,69.05,34.5,61.7,455.83
cactus,52.69,34.5,61.7,455.83
money_plant,36.65,34.6,61.4,474.17
snake_plant,68.73,34.6,61.4,474.17
cactus,52.9,34.6,61.4,474.17
money_plant,36.89,34.5,60.9,462.5
snake_plant,69.45,34.5,60.9,462.5
cactus,52.75,34.5,60.9,462.5
money_plant,37.24,34.6,61.2,435.0
snake_plant,69.05,34.6,61.2,435.0
cactus,52.9,34.6,61.2,435.0
money_plant,36.86,34.6,61.1,395.83
snake_plant,68.73,34.6,61.1,395.83
cactus,52.69,34.6,61.1,395.83
money_plant,37.04,34.6,61.1,360.0
snake_plant,68.48,34.6,61.1,360.0
cactus,52.63,34.6,61.1,360.0
money_plant,36.77,34.6,61.3,369.17
snake_plant,68.58,34.6,61.3,369.17
cactus,52.63,34.6,61.3,369.17
money_plant,36.83,34.7,61.1,375.0
snake_plant,67.86,34.7,61.1,375.0
cactus,52.81,34.7,61.1,375.0
money_plant,36.65,34.7,60.8,361.67
snake_plant,68.58,34.7,60.8,361.67
cactus,52.9,34.7,60.8,361.67
money_plant,37.01,34.7,60.4,411.67
snake_plant,68.39,34.7,60.4,411.67
cactus,52.75,34.7,60.4,411.67
money_plant,37.16,34.7,60.7,417.5
snake_plant,68.64,34.7,60.7,417.5
cactus,52.78,34.7,60.7,417.5
money_plant,36.59,34.7,60.6,410.83
snake_plant,68.26,34.7,60.6,410.83
cactus,52.56,34.7,60.6,410.83
money_plant,37.01,34.6,60.8,414.17
snake_plant,68.23,34.6,60.8,414.17
cactus,52.59,34.6,60.8,414.17
money_plant,36.74,34.6,61.4,432.5
snake_plant,68.36,34.6,61.4,432.5
cactus,52.63,34.6,61.4,432.5
money_plant,36.89,34.6,61.5,419.17
snake_plant,68.48,34.6,61.5,419.17
cactus,52.63,34.6,61.5,419.17
money_plant,37.01,34.7,61.9,425.0
snake_plant,68.26,34.7,61.9,425.0
cactus,52.72,34.7,61.9,425.0
money_plant,36.92,34.7,61.6,460.0
snake_plant,68.58,34.7,61.6,460.0
cactus,52.69,34.7,61.6,460.0
money_plant,35.53,34.7,61.1,439.17
snake_plant,68.04,34.7,61.1,439.17
cactus,52.78,34.7,61.1,439.17
money_plant,36.62,34.6,60.5,380.83
snake_plant,68.42,34.6,60.5,380.83
cactus,52.59,34.6,60.5,380.83
money_plant,36.89,34.6,60.8,333.33
snake_plant,68.11,34.6,60.8,333.33
cactus,52.5,34.6,60.8,333.33
money_plant,36.95,34.6,61.4,303.33
snake_plant,68.01,34.6,61.4,303.33
cactus,51.32,34.6,61.4,303.33
money_plant,36.8,34.5,61.9,310.0
snake_plant,68.42,34.5,61.9,310.0
cactus,52.9,34.5,61.9,310.0
money_plant,36.86,34.4,61.9,321.67
snake_plant,68.36,34.4,61.9,321.67
cactus,53.17,34.4,61.9,321.67
money_plant,37.01,34.5,62.1,338.33
snake_plant,68.23,34.5,62.1,338.33
cactus,52.99,34.5,62.1,338.33
money_plant,36.62,34.4,61.8,306.67
snake_plant,68.08,34.4,61.8,306.67
cactus,53.29,34.4,61.8,306.67
money_plant,37.01,34.3,60.7,296.67
snake_plant,68.14,34.3,60.7,296.67
cactus,53.23,34.3,60.7,296.67
money_plant,37.1,34.3,62.4,305.0
snake_plant,67.57,34.3,62.4,305.0
cactus,53.23,34.3,62.4,305.0
money_plant,37.04,34.2,61.6,283.33
snake_plant,67.89,34.2,61.6,283.33
cactus,53.38,34.2,61.6,283.33
money_plant,37.07,34.2,62.0,287.5
snake_plant,67.98,34.2,62.0,287.5
cactus,53.17,34.2,62.0,287.5
money_plant,37.21,34.2,61.6,273.33
snake_plant,67.73,34.2,61.6,273.33
cactus,53.11,34.2,61.6,273.33
money_plant,36.92,34.1,62.1,271.67
snake_plant,67.89,34.1,62.1,271.67
cactus,52.96,34.1,62.1,271.67
money_plant,36.47,34.0,62.7,276.67
snake_plant,67.92,34.0,62.7,276.67
cactus,52.5,34.0,62.7,276.67
money_plant,36.95,34.0,62.9,279.17
snake_plant,67.57,34.0,62.9,279.17
cactus,52.87,34.0,62.9,279.17
money_plant,36.71,34.0,63.1,268.33
snake_plant,67.64,34.0,63.1,268.33
cactus,52.93,34.0,63.1,268.33
money_plant,36.92,34.0,62.5,260.0
snake_plant,67.57,34.0,62.5,260.0
cactus,52.9,34.0,62.5,260.0
money_plant,37.1,33.9,62.8,261.67
snake_plant,67.57,33.9,62.8,261.67
cactus,53.23,33.9,62.8,261.67
money_plant,36.98,33.9,63.4,260.83
snake_plant,67.57,33.9,63.4,260.83
cactus,52.63,33.9,63.4,260.83
money_plant,37.1,33.8,63.0,291.67
snake_plant,67.64,33.8,63.0,291.67
cactus,52.84,33.8,63.0,291.67
money_plant,37.01,33.6,64.0,300.0
snake_plant,67.64,33.6,64.0,300.0
cactus,52.9,33.6,64.0,300.0
money_plant,36.89,33.6,63.5,268.33
snake_plant,67.67,33.6,63.5,268.33
cactus,52.87,33.6,63.5,268.33
money_plant,36.92,33.6,63.9,271.67
snake_plant,67.54,33.6,63.9,271.67
cactus,52.9,33.6,63.9,271.67
money_plant,36.89,33.7,63.9,269.17
snake_plant,67.32,33.7,63.9,269.17
cactus,52.87,33.7,63.9,269.17
money_plant,37.01,33.7,63.9,299.17
snake_plant,67.23,33.7,63.9,299.17
cactus,52.96,33.7,63.9,299.17
money_plant,37.07,33.7,63.6,343.33
snake_plant,67.57,33.7,63.6,343.33
cactus,52.72,33.7,63.6,343.33
money_plant,36.92,33.6,64.2,375.0
snake_plant,67.67,33.6,64.2,375.0
cactus,52.69,33.6,64.2,375.0
money_plant,38.4,33.6,64.3,365.83
snake_plant,67.04,33.6,64.3,365.83
cactus,52.59,33.6,64.3,365.83
money_plant,37.3,33.7,63.8,364.17
snake_plant,67.14,33.7,63.8,364.17
cactus,52.81,33.7,63.8,364.17
money_plant,36.92,33.7,64.0,345.0
snake_plant,67.57,33.7,64.0,345.0
cactus,52.78,33.7,64.0,345.0
money_plant,36.92,33.7,62.7,375.0
snake_plant,65.41,33.7,62.7,375.0
cactus,52.87,33.7,62.7,375.0
money_plant,36.8,33.6,63.6,370.0
snake_plant,64.29,33.6,63.6,370.0
cactus,52.9,33.6,63.6,370.0
money_plant,36.8,33.6,63.8,343.33
snake_plant,67.29,33.6,63.8,343.33
cactus,52.81,33.6,63.8,343.33
money_plant,36.86,33.6,63.5,290.83
snake_plant,67.1,33.6,63.5,290.83
cactus,52.84,33.6,63.5,290.83
money_plant,36.98,33.6,63.0,295.83
snake_plant,66.67,33.6,63.0,295.83
cactus,52.84,33.6,63.0,295.83
money_plant,37.01,33.6,64.0,348.33
snake_plant,67.1,33.6,64.0,348.33
cactus,52.63,33.6,64.0,348.33
money_plant,37.01,33.7,63.6,327.5
snake_plant,66.64,33.7,63.6,327.5
cactus,52.47,33.7,63.6,327.5
money_plant,36.86,33.7,62.7,345.0
snake_plant,66.6,33.7,62.7,345.0
cactus,52.75,33.7,62.7,345.0
money_plant,36.68,33.7,63.1,344.17
snake_plant,67.57,33.7,63.1,344.17
cactus,52.87,33.7,63.1,344.17
money_plant,36.8,33.7,62.5,360.0
snake_plant,67.01,33.7,62.5,360.0
cactus,52.5,33.7,62.5,360.0
money_plant,36.89,33.6,63.6,334.17
snake_plant,67.01,33.6,63.6,334.17
cactus,52.72,33.6,63.6,334.17
money_plant,37.01,33.6,63.2,342.5
snake_plant,66.73,33.6,63.2,342.5
cactus,52.66,33.6,63.2,342.5
money_plant,36.77,33.6,63.3,366.67
snake_plant,66.64,33.6,63.3,366.67
cactus,52.53,33.6,63.3,366.67
money_plant,37.04,33.5,63.8,383.33
snake_plant,66.57,33.5,63.8,383.33
cactus,52.53,33.5,63.8,383.33
money_plant,36.8,33.5,63.7,403.33
snake_plant,67.07,33.5,63.7,403.33
cactus,52.56,33.5,63.7,403.33
money_plant,36.92,33.4,63.8,411.67
snake_plant,66.51,33.4,63.8,411.67
cactus,52.5,33.4,63.8,411.67
money_plant,36.95,33.5,64.1,418.33
snake_plant,66.64,33.5,64.1,418.33
cactus,52.96,33.5,64.1,418.33
money_plant,36.89,33.5,64.2,431.67
snake_plant,66.45,33.5,64.2,431.67
cactus,52.56,33.5,64.2,431.67
money_plant,36.8,33.5,63.8,417.5
snake_plant,66.23,33.5,63.8,417.5
cactus,52.56,33.5,63.8,417.5
money_plant,36.89,33.5,64.1,361.67
snake_plant,66.17,33.5,64.1,361.67
cactus,52.72,33.5,64.1,361.67
money_plant,36.5,33.5,64.3,371.67
snake_plant,66.54,33.5,64.3,371.67
cactus,52.56,33.5,64.3,371.67
money_plant,36.89,33.6,64.0,337.5
snake_plant,66.04,33.6,64.0,337.5
cactus,52.47,33.6,64.0,337.5
money_plant,36.8,33.6,64.0,323.33
snake_plant,65.98,33.6,64.0,323.33
cactus,52.59,33.6,64.0,323.33
money_plant,36.83,33.7,63.7,282.5
snake_plant,66.29,33.7,63.7,282.5
cactus,52.56,33.7,63.7,282.5
money_plant,36.86,33.6,62.7,243.33
snake_plant,66.42,33.6,62.7,243.33
cactus,52.47,33.6,62.7,243.33
money_plant,37.01,33.4,63.7,202.5
snake_plant,65.98,33.4,63.7,202.5
cactus,52.63,33.4,63.7,202.5
money_plant,36.95,33.3,64.2,174.17
snake_plant,66.29,33.3,64.2,174.17
cactus,52.59,33.3,64.2,174.17
money_plant,36.92,33.3,64.8,174.17
snake_plant,65.85,33.3,64.8,174.17
cactus,52.56,33.3,64.8,174.17
money_plant,36.65,33.3,64.6,155.0
snake_plant,65.88,33.3,64.6,155.0
cactus,52.53,33.3,64.6,155.0
money_plant,36.77,33.3,64.2,145.0
snake_plant,65.38,33.3,64.2,145.0
cactus,52.5,33.3,64.2,145.0
money_plant,36.39,33.3,64.2,148.33
snake_plant,65.98,33.3,64.2,148.33
cactus,52.5,33.3,64.2,148.33
money_plant,36.65,33.3,64.2,133.33
snake_plant,65.57,33.3,64.2,133.33
cactus,52.56,33.3,64.2,133.33
money_plant,36.74,33.2,64.1,127.5
snake_plant,65.85,33.2,64.1,127.5
cactus,52.44,33.2,64.1,127.5
money_plant,36.68,33.2,64.5,120.0
snake_plant,66.1,33.2,64.5,120.0
cactus,52.47,33.2,64.5,120.0
money_plant,36.65,33.1,64.9,112.5
snake_plant,65.67,33.1,64.9,112.5
cactus,52.44,33.1,64.9,112.5
money_plant,36.74,33.2,65.0,108.33
snake_plant,65.57,33.2,65.0,108.33
cactus,52.87,33.2,65.0,108.33
money_plant,36.5,33.1,64.3,109.17
snake_plant,65.79,33.1,64.3,109.17
cactus,52.41,33.1,64.3,109.17
money_plant,36.92,33.1,64.9,101.67
snake_plant,66.04,33.1,64.9,101.67
cactus,52.35,33.1,64.9,101.67
money_plant,36.74,33.1,65.1,100.0
snake_plant,65.57,33.1,65.1,100.0
cactus,52.38,33.1,65.1,100.0
money_plant,37.13,33.2,65.1,101.67
snake_plant,67.45,33.2,65.1,101.67
cactus,52.44,33.2,65.1,101.67
money_plant,36.95,33.2,64.7,93.33
snake_plant,66.04,33.2,64.7,93.33
cactus,52.41,33.2,64.7,93.33
money_plant,36.68,33.1,65.2,88.33
snake_plant,65.76,33.1,65.2,88.33
cactus,52.5,33.1,65.2,88.33
money_plant,36.92,33.0,65.2,79.17
snake_plant,65.67,33.0,65.2,79.17
cactus,52.44,33.0,65.2,79.17
money_plant,35.53,32.9,65.6,67.5
snake_plant,65.95,32.9,65.6,67.5
cactus,52.41,32.9,65.6,67.5
money_plant,36.47,32.6,65.7,65.83
snake_plant,65.57,32.6,65.7,65.83
cactus,52.38,32.6,65.7,65.83
money_plant,36.5,32.6,66.0,60.0
snake_plant,65.16,32.6,66.0,60.0
cactus,52.32,32.6,66.0,60.0
money_plant,36.86,32.5,66.3,55.83
snake_plant,65.54,32.5,66.3,55.83
cactus,52.44,32.5,66.3,55.83
money_plant,36.41,32.6,66.3,44.17
snake_plant,65.57,32.6,66.3,44.17
cactus,52.47,32.6,66.3,44.17
money_plant,36.56,32.6,66.2,31.67
snake_plant,65.23,32.6,66.2,31.67
cactus,52.41,32.6,66.2,31.67
money_plant,36.65,32.6,66.3,27.5
snake_plant,65.1,32.6,66.3,27.5
cactus,52.35,32.6,66.3,27.5
money_plant,36.5,32.5,66.1,23.33
snake_plant,64.85,32.5,66.1,23.33
cactus,52.38,32.5,66.1,23.33
money_plant,36.68,32.4,66.2,23.33
snake_plant,65.07,32.4,66.2,23.33
cactus,52.38,32.4,66.2,23.33
money_plant,36.5,32.4,66.2,25.0
snake_plant,65.26,32.4,66.2,25.0
cactus,52.32,32.4,66.2,25.0
money_plant,36.41,32.4,66.6,25.0
snake_plant,64.88,32.4,66.6,25.0
cactus,52.44,32.4,66.6,25.0
money_plant,36.89,32.3,67.2,25.83
snake_plant,65.04,32.3,67.2,25.83
cactus,52.29,32.3,67.2,25.83
money_plant,36.53,32.3,66.8,25.0
snake_plant,65.23,32.3,66.8,25.0
cactus,52.47,32.3,66.8,25.0
money_plant,32.12,32.4,66.6,21.67
snake_plant,64.76,32.4,66.6,21.67
cactus,52.32,32.4,66.6,21.67
money_plant,36.68,32.3,66.9,19.17
snake_plant,64.85,32.3,66.9,19.17
cactus,52.32,32.3,66.9,19.17
money_plant,36.74,32.4,66.0,19.17
snake_plant,64.6,32.4,66.0,19.17
cactus,52.32,32.4,66.0,19.17
money_plant,36.8,32.4,66.9,16.67
snake_plant,64.76,32.4,66.9,16.67
cactus,52.26,32.4,66.9,16.67
money_plant,36.47,32.4,66.4,15.0
snake_plant,64.73,32.4,66.4,15.0
cactus,52.23,32.4,66.4,15.0
money_plant,36.92,32.3,66.6,12.5
snake_plant,64.54,32.3,66.6,12.5
cactus,52.32,32.3,66.6,12.5
money_plant,36.59,32.1,67.5,10.0
snake_plant,64.6,32.1,67.5,10.0
cactus,52.99,32.1,67.5,10.0
money_plant,36.47,32.2,67.4,8.33
snake_plant,64.66,32.2,67.4,8.33
cactus,52.2,32.2,67.4,8.33
money_plant,36.53,32.4,66.9,6.67
snake_plant,64.57,32.4,66.9,6.67
cactus,52.26,32.4,66.9,6.67
money_plant,36.74,32.4,66.5,6.67
snake_plant,64.69,32.4,66.5,6.67
cactus,51.93,32.4,66.5,6.67
money_plant,36.44,32.5,66.4,5.83
snake_plant,64.38,32.5,66.4,5.83
cactus,52.32,32.5,66.4,5.83
money_plant,36.56,32.4,66.9,4.17
snake_plant,64.38,32.4,66.9,4.17
cactus,52.26,32.4,66.9,4.17
money_plant,35.85,32.4,67.1,56.67
snake_plant,64.69,32.4,67.1,56.67
cactus,52.26,32.4,67.1,56.67
money_plant,36.47,32.5,66.9,56.67
snake_plant,64.66,32.5,66.9,56.67
cactus,52.32,32.5,66.9,56.67
money_plant,36.74,32.6,66.0,57.5
snake_plant,64.26,32.6,66.0,57.5
cactus,52.2,32.6,66.0,57.5
money_plant,36.47,32.7,66.2,57.5
snake_plant,64.51,32.7,66.2,57.5
cactus,52.08,32.7,66.2,57.5
money_plant,36.5,32.8,66.1,57.5
snake_plant,64.23,32.8,66.1,57.5
cactus,52.23,32.8,66.1,57.5
money_plant,35.97,32.9,66.0,57.5
snake_plant,64.13,32.9,66.0,57.5
cactus,52.29,32.9,66.0,57.5
money_plant,36.53,32.8,65.7,57.5
snake_plant,64.41,32.8,65.7,57.5
cactus,52.02,32.8,65.7,57.5
money_plant,36.47,32.9,65.8,57.5
snake_plant,64.1,32.9,65.8,57.5
cactus,52.35,32.9,65.8,57.5
money_plant,36.47,32.9,65.9,56.67
snake_plant,64.16,32.9,65.9,56.67
cactus,52.08,32.9,65.9,56.67
money_plant,36.56,33.0,66.0,56.67
snake_plant,64.38,33.0,66.0,56.67
cactus,52.14,33.0,66.0,56.67
money_plant,36.03,32.9,65.5,57.5
snake_plant,64.1,32.9,65.5,57.5
cactus,52.26,32.9,65.5,57.5
money_plant,36.39,32.9,65.8,57.5
snake_plant,63.85,32.9,65.8,57.5
cactus,52.14,32.9,65.8,57.5
money_plant,36.47,32.9,65.6,57.5
snake_plant,63.88,32.9,65.6,57.5
cactus,51.93,32.9,65.6,57.5
snake_plant,63.54,32.9,65.8,57.5
cactus,52.11,32.9,65.8,57.5
money_plant,36.41,32.9,65.8,57.5
snake_plant,64.16,32.9,65.8,57.5
cactus,52.32,32.9,65.8,57.5
money_plant,36.27,32.9,65.8,57.5
snake_plant,64.23,32.9,65.8,57.5
cactus,52.05,32.9,65.8,57.5
money_plant,36.3,32.9,65.7,57.5
snake_plant,64.23,32.9,65.7,57.5
cactus,52.11,32.9,65.7,57.5
money_plant,36.44,32.9,65.8,57.5
snake_plant,64.13,32.9,65.8,57.5
money_plant,36.41,32.9,65.9,57.5
snake_plant,63.76,32.9,65.9,57.5
cactus,52.17,32.9,65.9,57.5
snake_plant,63.79,32.9,65.8,57.5
money_plant,36.41,32.9,65.7,57.5
snake_plant,63.82,32.9,65.7,57.5
cactus,52.41,32.9,65.7,57.5
money_plant,36.5,32.9,65.7,57.5
snake_plant,63.51,32.9,65.7,57.5
cactus,52.38,32.9,65.7,57.5
money_plant,36.47,32.9,65.5,57.5
snake_plant,63.76,32.9,65.5,57.5
cactus,52.35,32.9,65.5,57.5
money_plant,36.27,32.9,65.7,57.5
snake_plant,63.57,32.9,65.7,57.5
cactus,52.32,32.9,65.7,57.5
money_plant,36.44,32.8,65.6,57.5
snake_plant,63.91,32.8,65.6,57.5
cactus,52.84,32.8,65.6,57.5
money_plant,36.56,32.8,65.7,57.5
snake_plant,63.66,32.8,65.7,57.5
cactus,52.44,32.8,65.7,57.5
money_plant,36.47,32.7,65.5,57.5
snake_plant,63.54,32.7,65.5,57.5
cactus,52.44,32.7,65.5,57.5
money_plant,36.5,32.7,65.6,57.5
snake_plant,63.47,32.7,65.6,57.5
cactus,52.32,32.7,65.6,57.5
money_plant,36.15,32.6,65.5,57.5
snake_plant,63.6,32.6,65.5,57.5
cactus,52.41,32.6,65.5,57.5
money_plant,36.24,32.6,65.7,57.5
snake_plant,63.66,32.6,65.7,57.5
cactus,52.5,32.6,65.7,57.5
money_plant,36.27,32.6,65.8,56.67
snake_plant,63.57,32.6,65.8,56.67
cactus,52.32,32.6,65.8,56.67
money_plant,36.21,32.5,66.0,57.5
snake_plant,64.1,32.5,66.0,57.5
cactus,52.2,32.5,66.0,57.5
money_plant,36.41,32.5,66.1,57.5
snake_plant,63.51,32.5,66.1,57.5
cactus,52.29,32.5,66.1,57.5
money_plant,36.39,32.5,66.2,57.5
snake_plant,63.47,32.5,66.2,57.5
cactus,52.38,32.5,66.2,57.5
money_plant,36.41,32.5,66.3,57.5
snake_plant,63.47,32.5,66.3,57.5
cactus,52.32,32.5,66.3,57.5
money_plant,35.08,32.5,66.2,57.5
snake_plant,63.63,32.5,66.2,57.5
cactus,52.32,32.5,66.2,57.5
money_plant,36.15,32.5,66.5,57.5
snake_plant,63.6,32.5,66.5,57.5
cactus,52.29,32.5,66.5,57.5
money_plant,36.27,32.5,66.4,57.5
snake_plant,63.44,32.5,66.4,57.5
cactus,52.5,32.5,66.4,57.5
money_plant,37.45,32.5,66.4,57.5
snake_plant,63.22,32.5,66.4,57.5
cactus,52.41,32.5,66.4,57.5
money_plant,36.47,32.6,66.1,57.5
snake_plant,63.22,32.6,66.1,57.5
cactus,52.35,32.6,66.1,57.5
snake_plant,63.38,32.6,66.1,57.5
cactus,52.38,32.6,66.1,57.5
money_plant,36.39,32.6,66.2,57.5
snake_plant,63.41,32.6,66.2,57.5
cactus,52.41,32.6,66.2,57.5
money_plant,36.47,32.6,66.4,57.5
snake_plant,63.72,32.6,66.4,57.5
cactus,52.26,32.6,66.4,57.5
money_plant,36.18,32.6,66.2,57.5
snake_plant,63.29,32.6,66.2,57.5
cactus,52.32,32.6,66.2,57.5
money_plant,36.39,32.6,66.3,57.5
snake_plant,63.63,32.6,66.3,57.5
cactus,52.32,32.6,66.3,57.5
money_plant,36.41,32.7,66.4,57.5
snake_plant,63.29,32.7,66.4,57.5
cactus,52.38,32.7,66.4,57.5
money_plant,36.56,32.6,66.3,57.5
snake_plant,63.04,32.6,66.3,57.5
cactus,52.29,32.6,66.3,57.5
money_plant,36.3,32.6,66.3,57.5
snake_plant,63.41,32.6,66.3,57.5
cactus,52.47,32.6,66.3,57.5
money_plant,36.27,32.6,66.5,57.5
snake_plant,63.54,32.6,66.5,57.5
cactus,52.32,32.6,66.5,57.5
money_plant,36.18,32.7,66.8,57.5
snake_plant,63.38,32.7,66.8,57.5
cactus,52.41,32.7,66.8,57.5
money_plant,36.3,32.6,66.7,57.5
snake_plant,63.6,32.6,66.7,57.5
cactus,52.35,32.6,66.7,57.5
money_plant,36.3,32.6,66.8,57.5
snake_plant,63.29,32.6,66.8,57.5
cactus,52.26,32.6,66.8,57.5
money_plant,36.15,32.6,66.9,57.5
snake_plant,62.88,32.6,66.9,57.5
cactus,52.26,32.6,66.9,57.5
money_plant,36.39,32.6,66.8,57.5
snake_plant,63.0,32.6,66.8,57.5
cactus,52.11,32.6,66.8,57.5
money_plant,36.44,32.6,66.9,57.5
snake_plant,62.97,32.6,66.9,57.5
snake_plant,62.88,32.6,66.8,57.5
cactus,53.81,32.6,66.8,57.5
money_plant,36.12,32.6,66.8,57.5
snake_plant,63.13,32.6,66.8,57.5
cactus,52.41,32.6,66.8,57.5
money_plant,36.3,32.6,67.1,57.5
snake_plant,63.35,32.6,67.1,57.5
cactus,52.11,32.6,67.1,57.5
money_plant,36.21,32.6,66.7,57.5
snake_plant,60.03,32.6,66.7,57.5
money_plant,36.15,32.6,66.8,57.5
snake_plant,63.16,32.6,66.8,57.5
cactus,52.56,32.6,66.8,57.5
money_plant,37.39,32.6,66.9,57.5
snake_plant,63.63,32.6,66.9,57.5
money_plant,36.41,32.6,66.8,57.5
snake_plant,62.85,32.6,66.8,57.5
cactus,52.38,32.6,66.8,57.5
money_plant,36.21,32.5,66.8,57.5
snake_plant,63.19,32.5,66.8,57.5
cactus,52.35,32.5,66.8,57.5
money_plant,36.3,32.5,66.9,57.5
snake_plant,62.97,32.5,66.9,57.5
cactus,52.38,32.5,66.9,57.5
money_plant,36.27,32.5,66.7,57.5
snake_plant,62.69,32.5,66.7,57.5
cactus,52.44,32.5,66.7,57.5
money_plant,36.41,32.5,67.1,57.5
snake_plant,62.44,32.5,67.1,57.5
cactus,52.35,32.5,67.1,57.5
money_plant,35.79,32.4,67.2,57.5
snake_plant,62.85,32.4,67.2,57.5
cactus,52.35,32.4,67.2,57.5
money_plant,36.44,32.4,67.5,57.5
snake_plant,62.66,32.4,67.5,57.5
cactus,52.53,32.4,67.5,57.5
money_plant,36.03,32.4,67.6,57.5
snake_plant,62.72,32.4,67.6,57.5
cactus,52.32,32.4,67.6,57.5
money_plant,36.18,32.4,67.6,57.5
snake_plant,62.75,32.4,67.6,57.5
cactus,52.29,32.4,67.6,57.5
money_plant,36.33,32.4,67.6,57.5
snake_plant,62.57,32.4,67.6,57.5
money_plant,36.18,32.4,67.7,57.5
snake_plant,62.91,32.4,67.7,57.5
cactus,52.38,32.4,67.7,57.5
money_plant,36.24,32.4,67.5,57.5
snake_plant,62.94,32.4,67.5,57.5
cactus,52.41,32.4,67.5,57.5
money_plant,36.21,32.4,67.6,57.5
snake_plant,62.79,32.4,67.6,57.5
cactus,52.41,32.4,67.6,57.5
money_plant,36.15,32.4,67.7,57.5
snake_plant,62.57,32.4,67.7,57.5
cactus,52.47,32.4,67.7,57.5
money_plant,36.27,32.4,67.5,57.5
snake_plant,62.38,32.4,67.5,57.5
money_plant,36.09,32.4,67.7,57.5
snake_plant,62.47,32.4,67.7,57.5
cactus,52.5,32.4,67.7,57.5
money_plant,36.09,32.4,67.6,57.5
snake_plant,62.5,32.4,67.6,57.5
cactus,52.53,32.4,67.6,57.5
money_plant,36.27,32.4,67.7,57.5
snake_plant,62.6,32.4,67.7,57.5
money_plant,36.39,32.4,67.6,57.5
snake_plant,62.22,32.4,67.6,57.5
cactus,53.96,32.4,67.6,57.5
money_plant,36.0,32.4,67.5,57.5
snake_plant,62.1,32.4,67.5,57.5
cactus,52.56,32.4,67.5,57.5
money_plant,36.3,32.4,67.7,57.5
snake_plant,64.23,32.4,67.7,57.5
cactus,52.59,32.4,67.7,57.5
money_plant,36.15,32.4,67.6,57.5
snake_plant,62.16,32.4,67.6,57.5
cactus,52.78,32.4,67.6,57.5
money_plant,36.15,32.4,67.4,57.5
snake_plant,62.07,32.4,67.4,57.5
cactus,52.59,32.4,67.4,57.5
snake_plant,62.5,32.4,67.5,57.5
cactus,52.72,32.4,67.5,57.5
money_plant,36.36,32.3,67.6,56.67
snake_plant,62.07,32.3,67.6,56.67
cactus,52.56,32.3,67.6,56.67
money_plant,36.15,32.3,67.9,57.5
snake_plant,61.75,32.3,67.9,57.5
cactus,52.38,32.3,67.9,57.5
money_plant,36.0,32.3,67.8,57.5
snake_plant,62.07,32.3,67.8,57.5
cactus,52.44,32.3,67.8,57.5
money_plant,36.56,32.3,67.7,57.5
snake_plant,61.78,32.3,67.7,57.5
cactus,52.87,32.3,67.7,57.5
money_plant,36.3,32.3,67.6,57.5
snake_plant,62.35,32.3,67.6,57.5
cactus,52.44,32.3,67.6,57.5
money_plant,35.85,32.3,67.7,57.5
snake_plant,60.94,32.3,67.7,57.5
cactus,52.44,32.3,67.7,57.5
money_plant,36.09,32.2,67.9,57.5
snake_plant,60.91,32.2,67.9,57.5
cactus,52.35,32.2,67.9,57.5
money_plant,36.09,32.2,68.1,57.5
snake_plant,61.97,32.2,68.1,57.5
cactus,52.35,32.2,68.1,57.5
money_plant,36.06,32.2,68.2,57.5
snake_plant,61.72,32.2,68.2,57.5
cactus,51.26,32.2,68.2,57.5
money_plant,36.27,32.1,68.4,57.5
snake_plant,61.97,32.1,68.4,57.5
cactus,52.32,32.1,68.4,57.5
money_plant,36.12,32.1,68.1,57.5
snake_plant,60.66,32.1,68.1,57.5
cactus,52.41,32.1,68.1,57.5
money_plant,36.21,32.1,68.2,56.67
snake_plant,61.91,32.1,68.2,56.67
cactus,52.29,32.1,68.2,56.67
money_plant,36.0,32.1,68.1,56.67
snake_plant,61.63,32.1,68.1,56.67
cactus,52.11,32.1,68.1,56.67
money_plant,35.91,32.1,68.2,57.5
snake_plant,61.56,32.1,68.2,57.5
cactus,51.93,32.1,68.2,57.5
money_plant,36.03,32.2,68.2,57.5
snake_plant,61.69,32.2,68.2,57.5
money_plant,36.36,32.1,68.2,57.5
snake_plant,61.44,32.1,68.2,57.5
money_plant,36.09,32.1,68.2,57.5
snake_plant,61.72,32.1,68.2,57.5
cactus,51.75,32.1,68.2,57.5
money_plant,36.0,32.2,68.3,57.5
snake_plant,61.66,32.2,68.3,57.5
cactus,51.47,32.2,68.3,57.5
money_plant,36.03,32.1,68.2,57.5
cactus,50.47,32.1,68.2,57.5
money_plant,35.97,32.1,68.3,57.5
snake_plant,61.66,32.1,68.3,57.5
cactus,50.11,32.1,68.3,57.5
money_plant,36.03,32.1,68.3,57.5
snake_plant,65.35,32.1,68.3,57.5
cactus,50.32,32.1,68.3,57.5
money_plant,36.21,32.1,68.3,56.67
snake_plant,61.56,32.1,68.3,56.67
cactus,49.92,32.1,68.3,56.67
money_plant,35.94,32.1,68.4,57.5
snake_plant,61.38,32.1,68.4,57.5
cactus,49.5,32.1,68.4,57.5
money_plant,35.76,32.1,68.3,57.5
snake_plant,61.25,32.1,68.3,57.5
cactus,49.32,32.1,68.3,57.5
money_plant,36.06,32.0,68.6,57.5
snake_plant,60.97,32.0,68.6,57.5
cactus,49.77,32.0,68.6,57.5
money_plant,35.94,32.0,68.4,57.5
snake_plant,61.28,32.0,68.4,57.5
cactus,49.17,32.0,68.4,57.5
money_plant,35.67,32.0,68.9,57.5
snake_plant,61.1,32.0,68.9,57.5
cactus,49.53,32.0,68.9,57.5
money_plant,36.0,32.0,68.7,57.5
snake_plant,61.16,32.0,68.7,57.5
cactus,49.68,32.0,68.7,57.5
money_plant,36.15,32.0,68.7,57.5
cactus,49.35,32.0,68.7,57.5
money_plant,35.94,32.1,68.7,57.5
snake_plant,61.13,32.1,68.7,57.5
cactus,49.56,32.1,68.7,57.5
money_plant,35.5,32.0,68.6,57.5
snake_plant,61.03,32.0,68.6,57.5
cactus,48.44,32.0,68.6,57.5
money_plant,36.06,32.1,68.4,57.5
snake_plant,61.16,32.1,68.4,57.5
cactus,49.23,32.1,68.4,57.5
money_plant,35.97,32.1,68.6,57.5
snake_plant,60.97,32.1,68.6,57.5
cactus,49.35,32.1,68.6,57.5
money_plant,36.0,32.1,68.6,56.67
snake_plant,61.19,32.1,68.6,56.67
cactus,49.95,32.1,68.6,56.67
money_plant,35.79,32.1,68.7,57.5
snake_plant,61.06,32.1,68.7,57.5
cactus,49.23,32.1,68.7,57.5
money_plant,35.91,32.0,68.7,57.5
snake_plant,61.0,32.0,68.7,57.5
cactus,49.1,32.0,68.7,57.5
money_plant,35.91,32.1,68.9,57.5
snake_plant,60.75,32.1,68.9,57.5
cactus,49.83,32.1,68.9,57.5
money_plant,35.88,32.1,68.7,57.5
snake_plant,60.75,32.1,68.7,57.5
cactus,49.65,32.1,68.7,57.5
money_plant,36.0,32.2,68.5,57.5
snake_plant,62.19,32.2,68.5,57.5
cactus,48.38,32.2,68.5,57.5
money_plant,35.85,32.1,68.7,57.5
snake_plant,60.5,32.1,68.7,57.5
cactus,49.89,32.1,68.7,57.5
money_plant,35.82,32.1,68.6,57.5
snake_plant,60.72,32.1,68.6,57.5
cactus,49.95,32.1,68.6,57.5
money_plant,35.88,32.2,68.7,57.5
snake_plant,60.91,32.2,68.7,57.5
cactus,49.01,32.2,68.7,57.5
money_plant,35.88,32.2,68.6,57.5
snake_plant,60.91,32.2,68.6,57.5
cactus,48.47,32.2,68.6,57.5
money_plant,35.79,32.3,68.8,57.5
snake_plant,60.85,32.3,68.8,57.5
cactus,49.14,32.3,68.8,57.5
money_plant,35.73,32.3,68.4,57.5
snake_plant,60.5,32.3,68.4,57.5
cactus,49.47,32.3,68.4,57.5
money_plant,35.91,32.3,68.6,57.5
snake_plant,60.56,32.3,68.6,57.5
cactus,49.29,32.3,68.6,57.5
money_plant,35.59,32.3,68.6,56.67
snake_plant,60.38,32.3,68.6,56.67
cactus,49.59,32.3,68.6,56.67
money_plant,35.85,32.3,68.5,56.67
snake_plant,60.78,32.3,68.5,56.67
cactus,49.35,32.3,68.5,56.67
money_plant,35.73,32.3,68.5,57.5
snake_plant,60.59,32.3,68.5,57.5
cactus,48.92,32.3,68.5,57.5
money_plant,35.94,32.3,68.6,57.5
snake_plant,62.91,32.3,68.6,57.5
cactus,49.23,32.3,68.6,57.5
money_plant,35.67,32.3,68.5,57.5
snake_plant,60.31,32.3,68.5,57.5
cactus,50.53,32.3,68.5,57.5
money_plant,36.41,32.3,68.6,57.5
snake_plant,60.41,32.3,68.6,57.5
cactus,48.86,32.3,68.6,57.5
snake_plant,60.66,32.3,68.5,57.5
cactus,49.32,32.3,68.5,57.5
money_plant,35.53,32.4,68.5,57.5
snake_plant,60.53,32.4,68.5,57.5
cactus,49.14,32.4,68.5,57.5
money_plant,36.0,32.3,68.5,57.5
snake_plant,59.47,32.3,68.5,57.5
cactus,49.29,32.3,68.5,57.5
money_plant,35.67,32.3,68.6,56.67
snake_plant,60.25,32.3,68.6,56.67
cactus,49.53,32.3,68.6,56.67
money_plant,37.63,32.3,68.7,57.5
snake_plant,60.06,32.3,68.7,57.5
cactus,48.62,32.3,68.7,57.5
money_plant,36.18,32.3,68.7,57.5
cactus,46.74,32.3,68.7,57.5
money_plant,36.06,32.3,68.7,57.5
snake_plant,60.47,32.3,68.7,57.5
cactus,48.86,32.3,68.7,57.5
money_plant,35.85,32.3,68.8,57.5
snake_plant,60.09,32.3,68.8,57.5
cactus,48.71,32.3,68.8,57.5
money_plant,35.47,32.3,68.8,57.5
snake_plant,60.06,32.3,68.8,57.5
cactus,49.01,32.3,68.8,57.5
money_plant,35.94,32.3,68.7,57.5
snake_plant,59.97,32.3,68.7,57.5
cactus,48.19,32.3,68.7,57.5
money_plant,35.91,32.3,69.0,57.5
snake_plant,60.09,32.3,69.0,57.5
cactus,48.95,32.3,69.0,57.5
money_plant,35.82,32.2,68.8,57.5
snake_plant,59.97,32.2,68.8,57.5
cactus,49.01,32.2,68.8,57.5
money_plant,35.64,32.2,69.0,57.5
snake_plant,60.16,32.2,69.0,57.5
cactus,48.65,32.2,69.0,57.5
money_plant,35.61,32.2,68.9,57.5
snake_plant,60.03,32.2,68.9,57.5
cactus,48.44,32.2,68.9,57.5
money_plant,35.97,32.2,69.1,57.5
snake_plant,60.13,32.2,69.1,57.5
cactus,46.74,32.2,69.1,57.5
money_plant,36.0,32.2,69.0,57.5
snake_plant,60.22,32.2,69.0,57.5
cactus,49.01,32.2,69.0,57.5
money_plant,35.79,32.2,69.2,57.5
snake_plant,59.69,32.2,69.2,57.5
cactus,49.47,32.2,69.2,57.5
money_plant,35.53,32.3,69.1,56.67
snake_plant,59.75,32.3,69.1,56.67
cactus,49.1,32.3,69.1,56.67
money_plant,35.59,32.3,68.8,57.5
snake_plant,59.75,32.3,68.8,57.5
cactus,48.83,32.3,68.8,57.5
money_plant,35.82,32.3,69.0,57.5
snake_plant,59.37,32.3,69.0,57.5
cactus,46.62,32.3,69.0,57.5
money_plant,35.59,32.3,69.0,57.5
snake_plant,60.03,32.3,69.0,57.5
money_plant,35.2,32.3,69.0,57.5
snake_plant,59.91,32.3,69.0,57.5
cactus,48.62,32.3,69.0,57.5
money_plant,35.91,32.3,69.1,57.5
snake_plant,59.56,32.3,69.1,57.5
cactus,48.8,32.3,69.1,57.5
money_plant,35.79,32.3,68.9,57.5
snake_plant,59.78,32.3,68.9,57.5
cactus,48.53,32.3,68.9,57.5
money_plant,35.94,32.3,69.0,57.5
snake_plant,59.87,32.3,69.0,57.5
cactus,49.2,32.3,69.0,57.5
money_plant,35.79,32.3,69.1,57.5
cactus,48.53,32.3,69.1,57.5
money_plant,35.85,32.4,68.9,57.5
snake_plant,59.34,32.4,68.9,57.5
cactus,48.01,32.4,68.9,57.5
money_plant,35.14,32.4,68.7,57.5
snake_plant,59.34,32.4,68.7,57.5
cactus,48.53,32.4,68.7,57.5
money_plant,35.61,32.3,69.2,57.5
snake_plant,59.5,32.3,69.2,57.5
cactus,49.04,32.3,69.2,57.5
money_plant,35.7,32.3,69.2,57.5
snake_plant,59.56,32.3,69.2,57.5
cactus,49.32,32.3,69.2,57.5
money_plant,35.53,32.3,69.0,57.5
snake_plant,59.69,32.3,69.0,57.5
cactus,48.8,32.3,69.0,57.5
money_plant,35.67,32.4,68.8,57.5
snake_plant,59.25,32.4,68.8,57.5
cactus,48.74,32.4,68.8,57.5
money_plant,35.67,32.3,68.8,57.5
snake_plant,59.59,32.3,68.8,57.5
cactus,48.86,32.3,68.8,57.5
money_plant,35.64,32.4,68.7,57.5
snake_plant,59.44,32.4,68.7,57.5
cactus,46.68,32.4,68.7,57.5
money_plant,35.7,32.4,68.7,57.5
snake_plant,59.56,32.4,68.7,57.5
cactus,48.07,32.4,68.7,57.5
money_plant,35.64,32.4,68.4,57.5
snake_plant,59.56,32.4,68.4,57.5
cactus,49.01,32.4,68.4,57.5
snake_plant,59.22,32.3,68.4,57.5
cactus,48.65,32.3,68.4,57.5
money_plant,35.79,32.3,68.5,57.5
snake_plant,59.56,32.3,68.5,57.5
cactus,48.62,32.3,68.5,57.5
money_plant,35.5,32.3,68.4,57.5
snake_plant,59.56,32.3,68.4,57.5
cactus,49.01,32.3,68.4,57.5
money_plant,35.53,32.3,68.5,57.5
snake_plant,59.53,32.3,68.5,57.5
cactus,49.1,32.3,68.5,57.5
money_plant,35.53,32.3,68.4,57.5
snake_plant,59.03,32.3,68.4,57.5
cactus,48.35,32.3,68.4,57.5
snake_plant,59.37,32.3,68.4,57.5
cactus,48.95,32.3,68.4,57.5
money_plant,35.67,32.3,68.4,57.5
cactus,47.89,32.3,68.4,57.5
money_plant,35.82,32.3,68.5,57.5
snake_plant,59.41,32.3,68.5,57.5
cactus,46.68,32.3,68.5,57.5
money_plant,35.91,32.3,68.3,57.5
snake_plant,59.34,32.3,68.3,57.5
cactus,49.17,32.3,68.3,57.5
money_plant,35.44,32.2,68.5,57.5
snake_plant,58.65,32.2,68.5,57.5
cactus,48.53,32.2,68.5,57.5
money_plant,35.5,32.3,68.8,57.5
snake_plant,58.28,32.3,68.8,57.5
cactus,48.53,32.3,68.8,57.5
money_plant,35.7,32.2,68.4,57.5
snake_plant,58.9,32.2,68.4,57.5
cactus,49.01,32.2,68.4,57.5
money_plant,35.67,32.2,68.4,57.5
snake_plant,59.22,32.2,68.4,57.5
cactus,48.53,32.2,68.4,57.5
money_plant,35.7,32.2,68.6,57.5
snake_plant,59.03,32.2,68.6,57.5
cactus,47.98,32.2,68.6,57.5
money_plant,35.59,32.2,68.5,57.5
snake_plant,59.34,32.2,68.5,57.5
cactus,48.44,32.2,68.5,57.5
money_plant,35.56,32.1,68.4,57.5
snake_plant,58.56,32.1,68.4,57.5
cactus,46.62,32.1,68.4,57.5
money_plant,35.56,32.2,68.6,57.5
snake_plant,58.97,32.2,68.6,57.5
cactus,46.62,32.2,68.6,57.5
money_plant,35.91,32.2,68.6,57.5
snake_plant,58.72,32.2,68.6,57.5
cactus,48.71,32.2,68.6,57.5
snake_plant,59.12,32.1,68.7,57.5
cactus,46.74,32.1,68.7,57.5
money_plant,35.67,32.1,68.7,57.5
snake_plant,58.9,32.1,68.7,57.5
cactus,47.04,32.1,68.7,57.5
money_plant,35.53,32.2,68.5,57.5
snake_plant,58.75,32.2,68.5,57.5
cactus,49.2,32.2,68.5,57.5
money_plant,35.53,32.1,68.7,57.5
snake_plant,58.69,32.1,68.7,57.5
cactus,49.44,32.1,68.7,57.5
money_plant,35.53,32.1,68.5,57.5
snake_plant,58.75,32.1,68.5,57.5
cactus,46.98,32.1,68.5,57.5
snake_plant,58.87,32.1,68.7,57.5
cactus,46.86,32.1,68.7,57.5
money_plant,35.5,32.1,69.1,57.5
snake_plant,58.62,32.1,69.1,57.5
cactus,49.01,32.1,69.1,57.5
money_plant,35.59,32.0,69.3,57.5
snake_plant,58.78,32.0,69.3,57.5
cactus,48.38,32.0,69.3,57.5
money_plant,35.59,32.0,69.5,57.5
snake_plant,58.97,32.0,69.5,57.5
cactus,47.07,32.0,69.5,57.5
money_plant,35.59,31.9,69.5,57.5
snake_plant,58.65,31.9,69.5,57.5
cactus,46.89,31.9,69.5,57.5
money_plant,35.7,31.9,69.7,57.5
snake_plant,58.75,31.9,69.7,57.5
cactus,48.56,31.9,69.7,57.5
money_plant,35.56,31.9,69.6,57.5
snake_plant,58.62,31.9,69.6,57.5
cactus,48.68,31.9,69.6,57.5
money_plant,34.01,31.9,69.6,57.5
snake_plant,58.06,31.9,69.6,57.5
cactus,46.62,31.9,69.6,57.5
money_plant,35.94,31.9,69.6,57.5
snake_plant,58.9,31.9,69.6,57.5
cactus,47.74,31.9,69.6,57.5
money_plant,35.59,31.9,69.6,57.5
snake_plant,58.65,31.9,69.6,57.5
cactus,49.53,31.9,69.6,57.5
money_plant,35.67,31.9,69.7,57.5
snake_plant,58.65,31.9,69.7,57.5
cactus,48.13,31.9,69.7,57.5
money_plant,35.88,31.9,69.6,57.5
snake_plant,58.53,31.9,69.6,57.5
cactus,48.56,31.9,69.6,57.5
money_plant,36.0,31.9,69.8,57.5
snake_plant,58.25,31.9,69.8,57.5
cactus,48.13,31.9,69.8,57.5
money_plant,35.79,31.9,69.8,57.5
snake_plant,58.53,31.9,69.8,57.5
cactus,47.95,31.9,69.8,57.5
money_plant,35.94,31.9,69.8,57.5
cactus,46.62,31.9,69.8,57.5
money_plant,35.59,31.9,70.1,57.5
snake_plant,58.56,31.9,70.1,57.5
cactus,47.95,31.9,70.1,57.5
money_plant,35.91,31.9,70.0,57.5
snake_plant,58.25,31.9,70.0,57.5
cactus,46.62,31.9,70.0,57.5
money_plant,35.59,31.9,70.0,57.5
snake_plant,58.37,31.9,70.0,57.5
cactus,47.95,31.9,70.0,57.5
money_plant,35.61,31.9,70.0,57.5
snake_plant,58.47,31.9,70.0,57.5
cactus,48.22,31.9,70.0,57.5
money_plant,35.53,31.9,69.9,57.5
snake_plant,58.06,31.9,69.9,57.5
cactus,47.77,31.9,69.9,57.5
money_plant,35.85,31.9,69.8,57.5
snake_plant,58.44,31.9,69.8,57.5
cactus,45.74,31.9,69.8,57.5
money_plant,35.91,31.9,69.9,57.5
snake_plant,57.97,31.9,69.9,57.5
cactus,46.62,31.9,69.9,57.5
money_plant,35.7,31.9,70.0,57.5
snake_plant,58.34,31.9,70.0,57.5
cactus,48.04,31.9,70.0,57.5
money_plant,35.94,31.8,69.7,57.5
snake_plant,57.84,31.8,69.7,57.5
cactus,47.56,31.8,69.7,57.5
money_plant,35.5,31.9,69.9,57.5
snake_plant,58.25,31.9,69.9,57.5
cactus,47.28,31.9,69.9,57.5
money_plant,35.56,31.9,69.9,57.5
snake_plant,56.78,31.9,69.9,57.5
cactus,47.47,31.9,69.9,57.5
money_plant,35.73,31.9,70.0,57.5
snake_plant,58.15,31.9,70.0,57.5
money_plant,35.67,32.0,70.0,57.5
snake_plant,57.9,32.0,70.0,57.5
cactus,45.61,32.0,70.0,57.5
money_plant,35.7,32.0,69.9,57.5
snake_plant,57.93,32.0,69.9,57.5
cactus,45.71,32.0,69.9,57.5
money_plant,35.53,32.0,70.0,57.5
snake_plant,58.15,32.0,70.0,57.5
cactus,45.83,32.0,70.0,57.5
money_plant,35.56,32.0,69.9,57.5
snake_plant,57.62,32.0,69.9,57.5
cactus,45.4,32.0,69.9,57.5
money_plant,35.79,32.0,69.9,56.67
snake_plant,57.87,32.0,69.9,56.67
cactus,45.28,32.0,69.9,56.67
money_plant,35.61,32.0,70.0,57.5
cactus,46.62,32.0,70.0,57.5
money_plant,35.53,32.1,70.0,57.5
snake_plant,57.84,32.1,70.0,57.5
cactus,46.62,32.1,70.0,57.5
money_plant,35.59,32.1,69.9,57.5
snake_plant,57.84,32.1,69.9,57.5
cactus,47.22,32.1,69.9,57.5
money_plant,35.67,32.1,70.1,57.5
snake_plant,57.9,32.1,70.1,57.5
cactus,45.22,32.1,70.1,57.5
money_plant,35.64,32.1,69.9,57.5
snake_plant,57.62,32.1,69.9,57.5
cactus,45.89,32.1,69.9,57.5
money_plant,32.71,32.1,69.9,57.5
snake_plant,57.75,32.1,69.9,57.5
cactus,45.8,32.1,69.9,57.5
money_plant,35.61,32.0,69.9,57.5
snake_plant,57.46,32.0,69.9,57.5
cactus,47.83,32.0,69.9,57.5
money_plant,35.82,32.1,70.0,57.5
snake_plant,57.56,32.1,70.0,57.5
cactus,47.34,32.1,70.0,57.5
snake_plant,58.56,32.0,70.0,57.5
cactus,49.01,32.0,70.0,57.5
money_plant,35.59,32.1,70.0,57.5
snake_plant,57.72,32.1,70.0,57.5
snake_plant,57.5,32.1,70.0,57.5
cactus,47.5,32.1,70.0,57.5
money_plant,35.56,32.1,70.0,57.5
cactus,48.89,32.1,70.0,57.5
snake_plant,57.59,32.1,69.9,57.5
cactus,49.5,32.1,69.9,57.5
money_plant,35.64,32.1,70.0,57.5
snake_plant,57.34,32.1,70.0,57.5
cactus,49.23,32.1,70.0,57.5
money_plant,35.61,32.1,69.8,56.67
snake_plant,57.28,32.1,69.8,56.67
cactus,49.01,32.1,69.8,56.67
money_plant,35.94,32.1,70.0,57.5
snake_plant,57.59,32.1,70.0,57.5
cactus,49.35,32.1,70.0,57.5
money_plant,35.85,32.1,69.9,57.5
snake_plant,57.72,32.1,69.9,57.5
cactus,49.41,32.1,69.9,57.5
snake_plant,57.68,32.1,70.0,57.5
cactus,48.41,32.1,70.0,57.5
money_plant,35.79,32.1,69.8,57.5
snake_plant,57.5,32.1,69.8,57.5
cactus,49.29,32.1,69.8,57.5
money_plant,35.85,32.1,69.7,57.5
snake_plant,57.56,32.1,69.7,57.5
cactus,48.1,32.1,69.7,57.5
money_plant,35.67,32.1,69.8,56.67
snake_plant,57.09,32.1,69.8,56.67
cactus,48.04,32.1,69.8,56.67
money_plant,35.56,32.0,69.8,57.5
snake_plant,57.53,32.0,69.8,57.5
cactus,45.8,32.0,69.8,57.5
money_plant,35.67,32.1,69.6,57.5
snake_plant,57.43,32.1,69.6,57.5
cactus,45.71,32.1,69.6,57.5
money_plant,35.91,32.1,69.6,57.5
snake_plant,57.46,32.1,69.6,57.5
cactus,47.22,32.1,69.6,57.5
money_plant,35.7,32.1,69.8,56.67
snake_plant,57.75,32.1,69.8,56.67
cactus,47.59,32.1,69.8,56.67
money_plant,35.73,32.1,69.6,57.5
snake_plant,57.56,32.1,69.6,57.5
cactus,45.61,32.1,69.6,57.5
money_plant,35.59,32.0,69.5,56.67
snake_plant,57.46,32.0,69.5,56.67
cactus,47.65,32.0,69.5,56.67
money_plant,36.03,32.1,69.6,57.5
cactus,47.59,32.1,69.6,57.5
money_plant,35.67,32.0,69.5,57.5
snake_plant,55.65,32.0,69.5,57.5
cactus,47.83,32.0,69.5,57.5
money_plant,35.56,32.0,69.6,57.5
snake_plant,56.87,32.0,69.6,57.5
cactus,47.98,32.0,69.6,57.5
money_plant,35.61,32.0,69.5,56.67
snake_plant,57.0,32.0,69.5,56.67
cactus,48.04,32.0,69.5,56.67
money_plant,35.56,32.0,69.4,56.67
snake_plant,56.56,32.0,69.4,56.67
cactus,48.65,32.0,69.4,56.67
money_plant,35.53,32.0,69.6,56.67
snake_plant,56.56,32.0,69.6,56.67
cactus,47.53,32.0,69.6,56.67
money_plant,35.79,32.0,69.5,57.5
snake_plant,57.0,32.0,69.5,57.5
cactus,47.19,32.0,69.5,57.5
snake_plant,56.71,32.0,69.3,57.5
cactus,48.1,32.0,69.3,57.5
money_plant,35.53,32.0,69.4,57.5
snake_plant,56.84,32.0,69.4,57.5
cactus,48.07,32.0,69.4,57.5
money_plant,35.61,31.9,69.4,56.67
snake_plant,56.56,31.9,69.4,56.67
cactus,48.04,31.9,69.4,56.67
money_plant,35.67,32.0,69.4,57.5
snake_plant,56.93,32.0,69.4,57.5
cactus,48.04,32.0,69.4,57.5
money_plant,35.82,31.9,69.3,57.5
snake_plant,56.65,31.9,69.3,57.5
cactus,48.35,31.9,69.3,57.5
money_plant,35.56,31.9,69.5,57.5
snake_plant,56.56,31.9,69.5,57.5
cactus,47.71,31.9,69.5,57.5
money_plant,35.82,31.9,69.5,57.5
snake_plant,56.59,31.9,69.5,57.5
cactus,48.04,31.9,69.5,57.5
money_plant,35.53,31.9,69.5,57.5
cactus,47.37,31.9,69.5,57.5
money_plant,35.53,31.9,69.4,57.5
snake_plant,56.71,31.9,69.4,57.5
cactus,49.01,31.9,69.4,57.5
money_plant,35.56,31.9,69.4,57.5
snake_plant,56.68,31.9,69.4,57.5
cactus,49.04,31.9,69.4,57.5
money_plant,35.79,31.9,69.3,57.5
snake_plant,56.28,31.9,69.3,57.5
cactus,49.35,31.9,69.3,57.5
snake_plant,56.84,31.9,69.3,57.5
cactus,47.22,31.9,69.3,57.5
money_plant,35.53,31.9,69.3,57.5
snake_plant,56.62,31.9,69.3,57.5
cactus,48.1,31.9,69.3,57.5
money_plant,35.2,31.9,69.4,57.5
snake_plant,56.49,31.9,69.4,57.5
cactus,48.07,31.9,69.4,57.5
money_plant,35.47,31.8,69.6,57.5
snake_plant,56.56,31.8,69.6,57.5
cactus,48.13,31.8,69.6,57.5
money_plant,35.59,31.8,69.5,57.5
snake_plant,56.53,31.8,69.5,57.5
cactus,46.62,31.8,69.5,57.5
money_plant,35.82,31.8,69.6,57.5
snake_plant,56.96,31.8,69.6,57.5
cactus,46.65,31.8,69.6,57.5
money_plant,35.7,31.8,69.5,57.5
snake_plant,56.24,31.8,69.5,57.5
cactus,46.86,31.8,69.5,57.5
money_plant,35.44,31.8,69.4,57.5
snake_plant,56.21,31.8,69.4,57.5
cactus,46.62,31.8,69.4,57.5
money_plant,35.53,31.8,69.4,57.5
snake_plant,56.53,31.8,69.4,57.5
money_plant,40.27,31.9,69.4,57.5
cactus,46.62,31.9,69.4,57.5
money_plant,35.44,31.8,69.3,57.5
snake_plant,56.43,31.8,69.3,57.5
cactus,49.8,31.8,69.3,57.5
money_plant,35.61,31.8,69.4,57.5
snake_plant,56.28,31.8,69.4,57.5
cactus,49.56,31.8,69.4,57.5
snake_plant,56.34,31.8,69.4,57.5
cactus,49.65,31.8,69.4,57.5
money_plant,35.56,31.8,69.4,57.5
snake_plant,56.43,31.8,69.4,57.5
cactus,49.32,31.8,69.4,57.5
money_plant,35.64,31.8,69.4,57.5
snake_plant,56.09,31.8,69.4,57.5
money_plant,35.5,31.8,69.5,57.5
snake_plant,56.12,31.8,69.5,57.5
cactus,49.59,31.8,69.5,57.5
money_plant,35.53,31.8,69.3,57.5
snake_plant,55.96,31.8,69.3,57.5
cactus,49.01,31.8,69.3,57.5
money_plant,35.61,31.9,69.4,57.5
snake_plant,56.24,31.9,69.4,57.5
cactus,49.44,31.9,69.4,57.5
money_plant,35.67,31.9,69.3,57.5
snake_plant,55.87,31.9,69.3,57.5
cactus,49.17,31.9,69.3,57.5
cactus,49.01,31.9,69.3,57.5
snake_plant,55.77,31.9,69.3,57.5
cactus,49.04,31.9,69.3,57.5
money_plant,35.56,31.9,69.1,57.5
snake_plant,55.52,31.9,69.1,57.5
cactus,49.01,31.9,69.1,57.5
money_plant,35.53,31.9,69.1,57.5
snake_plant,55.4,31.9,69.1,57.5
cactus,49.07,31.9,69.1,57.5
money_plant,35.38,32.0,69.2,57.5
snake_plant,55.4,32.0,69.2,57.5
cactus,49.29,32.0,69.2,57.5
money_plant,35.47,31.9,69.3,57.5
snake_plant,55.56,31.9,69.3,57.5
cactus,49.14,31.9,69.3,57.5
money_plant,35.5,32.0,69.1,57.5
snake_plant,55.49,32.0,69.1,57.5
cactus,49.89,32.0,69.1,57.5
money_plant,35.44,31.9,68.9,57.5
snake_plant,55.56,31.9,68.9,57.5
cactus,49.04,31.9,68.9,57.5
money_plant,35.5,32.0,69.2,57.5
snake_plant,55.15,32.0,69.2,57.5
cactus,49.01,32.0,69.2,57.5
money_plant,35.61,32.0,69.2,57.5
snake_plant,55.21,32.0,69.2,57.5
cactus,49.17,32.0,69.2,57.5
money_plant,35.56,32.0,69.2,57.5
snake_plant,55.24,32.0,69.2,57.5
cactus,49.32,32.0,69.2,57.5
snake_plant,55.49,32.0,69.2,57.5
cactus,49.2,32.0,69.2,57.5
money_plant,37.69,32.0,69.2,56.67
snake_plant,55.34,32.0,69.2,56.67
cactus,49.23,32.0,69.2,56.67
money_plant,35.56,32.0,69.1,56.67
snake_plant,55.02,32.0,69.1,56.67
cactus,49.04,32.0,69.1,56.67
money_plant,35.47,32.0,69.1,57.5
snake_plant,54.84,32.0,69.1,57.5
cactus,49.07,32.0,69.1,57.5
money_plant,35.56,32.0,69.1,57.5
snake_plant,55.12,32.0,69.1,57.5
cactus,49.17,32.0,69.1,57.5
snake_plant,55.12,32.0,69.2,57.5
money_plant,35.56,32.0,69.2,56.67
snake_plant,55.12,32.0,69.2,56.67
cactus,48.25,32.0,69.2,56.67
money_plant,35.5,32.0,69.3,57.5
snake_plant,54.99,32.0,69.3,57.5
cactus,49.01,32.0,69.3,57.5
money_plant,34.04,31.9,69.3,57.5
snake_plant,54.65,31.9,69.3,57.5
cactus,48.98,31.9,69.3,57.5
snake_plant,55.15,31.9,69.4,57.5
cactus,48.68,31.9,69.4,57.5
money_plant,35.32,31.9,69.3,57.5
snake_plant,54.96,31.9,69.3,57.5
snake_plant,54.21,31.9,69.4,57.5
money_plant,35.44,31.9,69.5,56.67
snake_plant,54.84,31.9,69.5,56.67
cactus,46.62,31.9,69.5,56.67
money_plant,35.47,31.9,69.3,56.67
snake_plant,54.84,31.9,69.3,56.67
cactus,45.83,31.9,69.3,56.67
money_plant,35.44,31.9,69.1,56.67
snake_plant,55.34,31.9,69.1,56.67
cactus,45.77,31.9,69.1,56.67
money_plant,35.53,31.9,69.2,56.67
snake_plant,54.96,31.9,69.2,56.67
cactus,45.77,31.9,69.2,56.67
money_plant,37.48,31.9,69.1,56.67
snake_plant,54.9,31.9,69.1,56.67
cactus,49.41,31.9,69.1,56.67
money_plant,35.38,31.9,68.8,56.67
snake_plant,54.55,31.9,68.8,56.67
cactus,49.1,31.9,68.8,56.67
money_plant,35.32,31.9,68.7,56.67
snake_plant,54.55,31.9,68.7,56.67
cactus,49.01,31.9,68.7,56.67
money_plant,35.5,31.9,68.5,56.67
snake_plant,54.62,31.9,68.5,56.67
cactus,48.41,31.9,68.5,56.67
money_plant,35.41,31.9,68.8,56.67
snake_plant,54.84,31.9,68.8,56.67
cactus,47.65,31.9,68.8,56.67
money_plant,35.53,31.8,68.9,56.67
snake_plant,54.55,31.8,68.9,56.67
cactus,48.44,31.8,68.9,56.67
money_plant,35.44,31.8,68.8,57.5
snake_plant,54.84,31.8,68.8,57.5
cactus,48.13,31.8,68.8,57.5
money_plant,35.32,31.8,68.7,57.5
snake_plant,54.71,31.8,68.7,57.5
cactus,48.44,31.8,68.7,57.5
money_plant,35.38,31.8,68.7,56.67
snake_plant,56.15,31.8,68.7,56.67
cactus,48.1,31.8,68.7,56.67
money_plant,35.38,31.7,68.6,57.5
snake_plant,54.65,31.7,68.6,57.5
cactus,48.38,31.7,68.6,57.5
money_plant,35.38,31.7,68.8,57.5
snake_plant,54.55,31.7,68.8,57.5
cactus,47.86,31.7,68.8,57.5
money_plant,35.5,31.7,68.7,56.67
snake_plant,54.99,31.7,68.7,56.67
cactus,48.22,31.7,68.7,56.67
money_plant,35.32,31.7,68.8,56.67
snake_plant,54.59,31.7,68.8,56.67
cactus,48.19,31.7,68.8,56.67
money_plant,34.46,31.7,70.0,56.67
snake_plant,54.77,31.7,70.0,56.67
cactus,47.19,31.7,70.0,56.67
money_plant,35.5,31.6,70.5,56.67
snake_plant,54.55,31.6,70.5,56.67
cactus,46.62,31.6,70.5,56.67
money_plant,35.5,31.6,70.6,56.67
snake_plant,54.71,31.6,70.6,56.67
cactus,47.74,31.6,70.6,56.67
money_plant,35.41,31.6,70.7,56.67
snake_plant,54.55,31.6,70.7,56.67
cactus,47.07,31.6,70.7,56.67
money_plant,35.44,31.7,70.7,56.67
snake_plant,54.33,31.7,70.7,56.67
cactus,47.86,31.7,70.7,56.67
money_plant,35.23,31.7,70.8,56.67
snake_plant,54.15,31.7,70.8,56.67
cactus,46.74,31.7,70.8,56.67
money_plant,35.56,31.7,70.7,56.67
snake_plant,54.59,31.7,70.7,56.67
cactus,46.62,31.7,70.7,56.67
money_plant,35.32,31.7,70.6,56.67
snake_plant,54.49,31.7,70.6,56.67
cactus,46.62,31.7,70.6,56.67
money_plant,35.29,31.7,70.7,56.67
cactus,47.25,31.7,70.7,56.67
money_plant,35.5,31.7,70.4,56.67
snake_plant,54.52,31.7,70.4,56.67
cactus,45.8,31.7,70.4,56.67
money_plant,35.38,31.7,70.5,56.67
snake_plant,54.52,31.7,70.5,56.67
cactus,45.71,31.7,70.5,56.67
money_plant,35.53,31.7,70.5,56.67
snake_plant,54.33,31.7,70.5,56.67
cactus,45.4,31.7,70.5,56.67
money_plant,35.26,31.7,70.3,56.67
snake_plant,54.02,31.7,70.3,56.67
cactus,45.68,31.7,70.3,56.67
money_plant,35.2,31.7,70.3,56.67
snake_plant,54.21,31.7,70.3,56.67
cactus,45.64,31.7,70.3,56.67
money_plant,35.38,31.7,70.2,56.67
snake_plant,54.12,31.7,70.2,56.67
cactus,45.61,31.7,70.2,56.67
money_plant,35.38,31.7,69.9,56.67
snake_plant,54.15,31.7,69.9,56.67
cactus,45.22,31.7,69.9,56.67
money_plant,35.17,31.6,70.4,56.67
snake_plant,53.96,31.6,70.4,56.67
cactus,45.71,31.6,70.4,56.67
money_plant,35.32,31.5,70.4,56.67
snake_plant,53.8,31.5,70.4,56.67
cactus,45.58,31.5,70.4,56.67
money_plant,35.38,31.5,70.4,56.67
snake_plant,54.05,31.5,70.4,56.67
cactus,47.83,31.5,70.4,56.67
money_plant,35.29,31.4,70.5,56.67
snake_plant,53.93,31.4,70.5,56.67
cactus,45.68,31.4,70.5,56.67
money_plant,35.17,31.4,70.7,56.67
snake_plant,53.93,31.4,70.7,56.67
cactus,45.77,31.4,70.7,56.67
money_plant,35.47,31.4,70.5,56.67
snake_plant,54.12,31.4,70.5,56.67
cactus,45.77,31.4,70.5,56.67
money_plant,35.47,31.4,70.4,56.67
snake_plant,53.74,31.4,70.4,56.67
cactus,45.74,31.4,70.4,56.67
snake_plant,53.8,31.4,70.4,56.67
cactus,45.61,31.4,70.4,56.67
money_plant,35.59,31.4,70.6,56.67
snake_plant,53.93,31.4,70.6,56.67
cactus,45.61,31.4,70.6,56.67
money_plant,35.32,31.3,70.6,56.67
snake_plant,53.93,31.3,70.6,56.67
cactus,45.46,31.3,70.6,56.67
money_plant,35.35,31.3,70.6,56.67
snake_plant,53.71,31.3,70.6,56.67
money_plant,35.23,31.3,70.5,56.67
snake_plant,53.9,31.3,70.5,56.67
cactus,45.19,31.3,70.5,56.67
money_plant,35.26,31.3,70.6,56.67
cactus,45.4,31.3,70.6,56.67
money_plant,34.73,31.4,70.6,56.67
snake_plant,53.87,31.4,70.6,56.67
cactus,45.46,31.4,70.6,56.67
money_plant,35.35,31.4,70.6,56.67
snake_plant,53.96,31.4,70.6,56.67
money_plant,35.5,31.4,70.5,56.67
snake_plant,53.77,31.4,70.5,56.67
cactus,45.55,31.4,70.5,56.67
money_plant,35.05,31.4,70.5,56.67
snake_plant,53.71,31.4,70.5,56.67
cactus,45.52,31.4,70.5,56.67
money_plant,35.23,31.4,70.5,56.67
snake_plant,54.02,31.4,70.5,56.67
cactus,45.46,31.4,70.5,56.67
money_plant,35.2,31.5,70.4,56.67
snake_plant,53.55,31.5,70.4,56.67
cactus,45.64,31.5,70.4,56.67
money_plant,35.2,31.5,70.5,56.67
snake_plant,53.55,31.5,70.5,56.67
cactus,45.46,31.5,70.5,56.67
money_plant,35.32,31.5,70.3,56.67
snake_plant,53.87,31.5,70.3,56.67
cactus,45.22,31.5,70.3,56.67
money_plant,35.23,31.5,70.3,56.67
snake_plant,53.46,31.5,70.3,56.67
snake_plant,53.62,31.5,70.4,56.67
cactus,45.4,31.5,70.4,56.67
money_plant,38.04,31.5,70.3,56.67
snake_plant,53.65,31.5,70.3,56.67
money_plant,35.08,31.5,70.4,56.67
snake_plant,53.46,31.5,70.4,56.67
cactus,45.13,31.5,70.4,56.67
money_plant,35.26,31.6,70.2,56.67
snake_plant,53.15,31.6,70.2,56.67
cactus,45.13,31.6,70.2,56.67
money_plant,35.14,31.6,70.0,56.67
snake_plant,53.33,31.6,70.0,56.67
cactus,44.95,31.6,70.0,56.67
money_plant,35.2,31.6,70.1,56.67
snake_plant,53.55,31.6,70.1,56.67
cactus,44.92,31.6,70.1,56.67
money_plant,35.32,31.5,70.1,56.67
snake_plant,53.43,31.5,70.1,56.67
cactus,44.95,31.5,70.1,56.67
snake_plant,53.15,31.5,70.1,56.67
cactus,44.8,31.5,70.1,56.67
money_plant,35.14,31.5,70.2,56.67
snake_plant,53.36,31.5,70.2,56.67
cactus,45.04,31.5,70.2,56.67
money_plant,35.23,31.6,70.3,56.67
snake_plant,53.27,31.6,70.3,56.67
cactus,45.13,31.6,70.3,56.67
money_plant,35.14,31.6,70.1,56.67
snake_plant,53.05,31.6,70.1,56.67
cactus,45.31,31.6,70.1,56.67
money_plant,35.38,31.5,70.2,56.67
snake_plant,53.21,31.5,70.2,56.67
cactus,45.19,31.5,70.2,56.67
money_plant,35.59,31.5,70.3,56.67
snake_plant,53.27,31.5,70.3,56.67
cactus,45.19,31.5,70.3,56.67
money_plant,35.35,31.6,70.0,56.67
snake_plant,53.08,31.6,70.0,56.67
cactus,45.34,31.6,70.0,56.67
snake_plant,53.15,31.6,70.1,56.67
cactus,48.62,31.6,70.1,56.67
money_plant,35.32,31.6,70.0,56.67
snake_plant,53.05,31.6,70.0,56.67
cactus,48.32,31.6,70.0,56.67
money_plant,35.02,31.6,70.0,56.67
snake_plant,53.21,31.6,70.0,56.67
cactus,45.83,31.6,70.0,56.67
money_plant,35.26,31.6,70.0,56.67
cactus,52.63,31.6,70.0,56.67
money_plant,35.14,31.5,69.9,56.67
snake_plant,52.99,31.5,69.9,56.67
cactus,48.89,31.5,69.9,56.67
money_plant,35.2,31.5,69.9,56.67
snake_plant,53.15,31.5,69.9,56.67
cactus,48.86,31.5,69.9,56.67
money_plant,35.17,31.5,69.8,56.67
snake_plant,52.99,31.5,69.8,56.67
cactus,49.01,31.5,69.8,56.67
snake_plant,52.77,31.5,69.9,56.67
cactus,48.95,31.5,69.9,56.67
money_plant,35.2,31.5,70.0,56.67
snake_plant,52.83,31.5,70.0,56.67
cactus,48.86,31.5,70.0,56.67
money_plant,35.32,31.5,69.8,56.67
snake_plant,53.21,31.5,69.8,56.67
cactus,45.77,31.5,69.8,56.67
money_plant,35.32,31.5,70.0,56.67
snake_plant,53.05,31.5,70.0,56.67
cactus,48.8,31.5,70.0,56.67
money_plant,35.23,31.5,69.8,56.67
snake_plant,53.05,31.5,69.8,56.67
money_plant,35.35,31.5,69.9,56.67
snake_plant,53.02,31.5,69.9,56.67
cactus,48.56,31.5,69.9,56.67
money_plant,35.23,31.4,69.9,56.67
snake_plant,53.36,31.4,69.9,56.67
cactus,45.58,31.4,69.9,56.67
money_plant,35.2,31.4,69.9,56.67
snake_plant,52.71,31.4,69.9,56.67
cactus,45.46,31.4,69.9,56.67
money_plant,35.2,31.4,70.0,56.67
snake_plant,52.33,31.4,70.0,56.67
cactus,47.89,31.4,70.0,56.67
money_plant,35.11,31.4,70.1,56.67
snake_plant,52.71,31.4,70.1,56.67
cactus,48.32,31.4,70.1,56.67
money_plant,35.32,31.4,69.9,56.67
cactus,45.43,31.4,69.9,56.67
money_plant,35.26,31.4,70.0,56.67
snake_plant,52.71,31.4,70.0,56.67
cactus,45.28,31.4,70.0,56.67
money_plant,35.2,31.4,70.1,56.67
snake_plant,52.55,31.4,70.1,56.67
cactus,48.25,31.4,70.1,56.67
money_plant,35.08,31.4,70.1,56.67
snake_plant,52.68,31.4,70.1,56.67
cactus,48.22,31.4,70.1,56.67
money_plant,35.05,31.4,70.1,56.67
snake_plant,52.64,31.4,70.1,56.67
cactus,48.04,31.4,70.1,56.67
money_plant,34.99,31.4,69.9,56.67
snake_plant,52.55,31.4,69.9,56.67
cactus,47.95,31.4,69.9,56.67
money_plant,35.17,31.4,70.0,56.67
snake_plant,52.58,31.4,70.0,56.67
cactus,48.04,31.4,70.0,56.67
money_plant,35.08,31.4,69.9,56.67
snake_plant,51.46,31.4,69.9,56.67
cactus,47.59,31.4,69.9,56.67
money_plant,35.05,31.3,69.8,56.67
snake_plant,52.21,31.3,69.8,56.67
cactus,48.04,31.3,69.8,56.67
money_plant,35.08,31.3,70.0,56.67
snake_plant,52.33,31.3,70.0,56.67
cactus,48.07,31.3,70.0,56.67
money_plant,35.08,31.3,69.8,56.67
snake_plant,52.55,31.3,69.8,56.67
cactus,47.44,31.3,69.8,56.67
money_plant,35.32,31.3,69.9,56.67
snake_plant,52.46,31.3,69.9,56.67
cactus,47.59,31.3,69.9,56.67
money_plant,35.11,31.3,69.9,56.67
snake_plant,52.55,31.3,69.9,56.67
cactus,47.56,31.3,69.9,56.67
money_plant,35.17,31.3,70.0,56.67
snake_plant,52.39,31.3,70.0,56.67
cactus,47.86,31.3,70.0,56.67
money_plant,35.2,31.3,70.1,56.67
snake_plant,52.14,31.3,70.1,56.67
cactus,45.1,31.3,70.1,56.67
snake_plant,52.36,31.3,70.0,56.67
cactus,44.67,31.3,70.0,56.67
money_plant,34.99,31.3,69.9,56.67
snake_plant,52.3,31.3,69.9,56.67
cactus,44.73,31.3,69.9,56.67
money_plant,34.96,31.3,69.8,56.67
snake_plant,52.33,31.3,69.8,56.67
cactus,44.52,31.3,69.8,56.67
money_plant,35.44,31.3,69.9,56.67
snake_plant,52.18,31.3,69.9,56.67
cactus,44.64,31.3,69.9,56.67
money_plant,35.23,31.3,69.8,56.67
cactus,44.64,31.3,69.8,56.67
snake_plant,53.52,31.3,69.8,56.67
cactus,47.22,31.3,69.8,56.67
money_plant,35.26,31.3,69.8,56.67
snake_plant,52.05,31.3,69.8,56.67
cactus,47.1,31.3,69.8,56.67
snake_plant,52.24,31.3,69.9,56.67
cactus,45.04,31.3,69.9,56.67
snake_plant,52.11,31.3,69.8,56.67
cactus,45.04,31.3,69.8,56.67
money_plant,35.56,31.3,69.8,56.67
snake_plant,51.55,31.3,69.8,56.67
cactus,47.98,31.3,69.8,56.67
money_plant,35.17,31.3,69.8,56.67
snake_plant,51.99,31.3,69.8,56.67
cactus,46.98,31.3,69.8,56.67
money_plant,35.05,31.3,69.7,56.67
snake_plant,52.05,31.3,69.7,56.67
cactus,46.74,31.3,69.7,56.67
money_plant,35.11,31.3,69.8,56.67
snake_plant,51.96,31.3,69.8,56.67
cactus,46.62,31.3,69.8,56.67
money_plant,35.2,31.4,69.8,56.67
snake_plant,51.89,31.4,69.8,56.67
cactus,46.62,31.4,69.8,56.67
money_plant,34.9,31.4,69.8,56.67
snake_plant,52.05,31.4,69.8,56.67
cactus,44.64,31.4,69.8,56.67
snake_plant,51.92,31.4,69.8,56.67
cactus,44.61,31.4,69.8,56.67
money_plant,35.05,31.4,69.5,56.67
snake_plant,52.05,31.4,69.5,56.67
cactus,44.43,31.4,69.5,56.67
money_plant,35.23,31.4,69.8,56.67
snake_plant,51.96,31.4,69.8,56.67
cactus,44.34,31.4,69.8,56.67
money_plant,35.08,31.4,69.6,56.67
snake_plant,51.83,31.4,69.6,56.67
cactus,44.28,31.4,69.6,56.67
money_plant,35.41,31.4,69.7,56.67
snake_plant,51.64,31.4,69.7,56.67
cactus,44.55,31.4,69.7,56.67
money_plant,35.02,31.4,69.6,56.67
snake_plant,51.74,31.4,69.6,56.67
cactus,44.34,31.4,69.6,56.67
money_plant,35.05,31.4,69.7,56.67
snake_plant,51.74,31.4,69.7,56.67
cactus,44.19,31.4,69.7,56.67
money_plant,34.84,31.4,69.7,56.67
snake_plant,51.77,31.4,69.7,56.67
cactus,44.16,31.4,69.7,56.67
money_plant,34.99,31.4,69.6,56.67
snake_plant,51.71,31.4,69.6,56.67
cactus,44.16,31.4,69.6,56.67
money_plant,34.19,31.4,69.6,56.67
cactus,46.62,31.4,69.6,56.67
money_plant,35.14,31.4,69.8,56.67
snake_plant,51.49,31.4,69.8,56.67
cactus,47.1,31.4,69.8,56.67
money_plant,34.99,31.4,69.8,56.67
snake_plant,51.42,31.4,69.8,56.67
cactus,44.25,31.4,69.8,56.67
snake_plant,51.55,31.4,69.6,56.67
money_plant,35.11,31.4,69.6,56.67
snake_plant,52.33,31.4,69.8,56.67
cactus,45.71,31.4,69.8,56.67
cactus,44.19,31.4,69.8,56.67
money_plant,35.08,31.4,69.8,56.67
snake_plant,51.55,31.4,69.8,56.67
cactus,44.16,31.4,69.8,56.67
money_plant,34.9,31.4,69.7,56.67
snake_plant,51.39,31.4,69.7,56.67
cactus,44.07,31.4,69.7,56.67
money_plant,34.87,31.5,69.7,56.67
snake_plant,51.55,31.5,69.7,56.67
cactus,44.95,31.5,69.7,56.67
money_plant,35.44,31.5,69.6,56.67
snake_plant,51.46,31.5,69.6,56.67
cactus,45.19,31.5,69.6,56.67
money_plant,34.9,31.5,69.4,56.67
snake_plant,51.21,31.5,69.4,56.67
cactus,44.13,31.5,69.4,56.67
money_plant,35.14,31.4,69.6,56.67
snake_plant,51.36,31.4,69.6,56.67
cactus,43.98,31.4,69.6,56.67
money_plant,34.84,31.5,69.6,56.67
snake_plant,51.52,31.5,69.6,56.67
cactus,44.01,31.5,69.6,56.67
money_plant,35.02,31.4,69.5,56.67
snake_plant,51.46,31.4,69.5,56.67
cactus,43.95,31.4,69.5,56.67
money_plant,34.99,31.5,69.5,56.67
snake_plant,51.52,31.5,69.5,56.67
cactus,43.82,31.5,69.5,56.67
money_plant,34.76,31.4,69.8,56.67
snake_plant,51.24,31.4,69.8,56.67
cactus,44.07,31.4,69.8,56.67
money_plant,35.14,31.5,69.5,56.67
snake_plant,51.49,31.5,69.5,56.67
cactus,43.7,31.5,69.5,56.67
money_plant,35.05,31.5,69.6,56.67
snake_plant,51.05,31.5,69.6,56.67
cactus,43.64,31.5,69.6,56.67
snake_plant,50.86,31.4,69.6,56.67
cactus,43.46,31.4,69.6,56.67
money_plant,34.96,31.4,69.6,56.67
snake_plant,51.02,31.4,69.6,56.67
cactus,43.49,31.4,69.6,56.67
money_plant,35.14,31.5,69.6,0.0
snake_plant,51.08,31.5,69.6,0.0
cactus,43.25,31.5,69.6,0.0
money_plant,35.02,31.5,69.7,0.0
snake_plant,51.08,31.5,69.7,0.0
cactus,43.52,31.5,69.7,0.0
money_plant,34.96,31.5,69.4,0.0
snake_plant,51.58,31.5,69.4,0.0
cactus,43.76,31.5,69.4,0.0
money_plant,34.93,31.5,69.4,0.0
snake_plant,51.64,31.5,69.4,0.0
cactus,43.88,31.5,69.4,0.0
money_plant,34.99,31.5,69.4,0.0
snake_plant,51.05,31.5,69.4,0.0
cactus,43.82,31.5,69.4,0.0
money_plant,34.9,31.5,69.2,0.0
snake_plant,51.08,31.5,69.2,0.0
cactus,44.07,31.5,69.2,0.0
money_plant,34.84,31.5,69.2,0.0
snake_plant,50.86,31.5,69.2,0.0
cactus,43.85,31.5,69.2,0.0
money_plant,35.02,31.5,69.3,0.0
snake_plant,50.7,31.5,69.3,0.0
cactus,43.73,31.5,69.3,0.0
money_plant,35.23,31.5,69.2,0.0
snake_plant,50.7,31.5,69.2,0.0
cactus,43.64,31.5,69.2,0.0
snake_plant,50.77,31.5,69.2,0.0
cactus,43.19,31.5,69.2,0.0
money_plant,34.9,31.5,69.3,0.0
snake_plant,50.92,31.5,69.3,0.0
cactus,43.1,31.5,69.3,0.0
money_plant,35.14,31.5,69.2,0.0
snake_plant,50.89,31.5,69.2,0.0
cactus,43.13,31.5,69.2,0.0
money_plant,35.05,31.5,69.3,0.0
snake_plant,50.83,31.5,69.3,0.0
cactus,43.16,31.5,69.3,0.0
money_plant,35.08,31.5,69.1,0.0
snake_plant,50.83,31.5,69.1,0.0
cactus,42.97,31.5,69.1,0.0
money_plant,35.05,31.5,69.1,0.0
snake_plant,50.52,31.5,69.1,0.0
cactus,43.19,31.5,69.1,0.0
money_plant,35.11,31.5,69.3,0.0
snake_plant,50.89,31.5,69.3,0.0
cactus,44.43,31.5,69.3,0.0
money_plant,35.26,31.5,69.3,0.0
snake_plant,50.99,31.5,69.3,0.0
cactus,43.31,31.5,69.3,0.0
money_plant,35.11,31.5,69.2,0.0
money_plant,32.15,31.5,69.3,0.0
snake_plant,51.24,31.5,69.3,0.0
cactus,43.07,31.5,69.3,0.0
money_plant,34.99,31.5,69.3,0.0
snake_plant,50.61,31.5,69.3,0.0
cactus,42.97,31.5,69.3,0.0
money_plant,34.99,31.5,69.2,0.0
snake_plant,50.58,31.5,69.2,0.0
money_plant,34.87,31.5,69.3,0.0
snake_plant,50.55,31.5,69.3,0.0
cactus,43.19,31.5,69.3,0.0
snake_plant,50.58,31.5,69.3,0.0
cactus,43.64,31.5,69.3,0.0
money_plant,34.67,31.5,69.3,0.0
snake_plant,50.77,31.5,69.3,0.0
cactus,43.4,31.5,69.3,0.0
money_plant,35.08,31.5,69.2,0.0
snake_plant,50.64,31.5,69.2,0.0
cactus,43.46,31.5,69.2,0.0
money_plant,35.02,31.5,69.1,0.0
snake_plant,50.55,31.5,69.1,0.0
cactus,43.64,31.5,69.1,0.0
money_plant,34.93,31.5,69.3,0.0
snake_plant,50.45,31.5,69.3,0.0
cactus,43.37,31.5,69.3,0.0
money_plant,34.79,31.4,69.3,0.0
snake_plant,50.58,31.4,69.3,0.0
cactus,43.61,31.4,69.3,0.0
money_plant,34.25,31.5,69.2,0.0
snake_plant,50.39,31.5,69.2,0.0
cactus,43.73,31.5,69.2,0.0
money_plant,34.93,31.4,69.3,0.0
snake_plant,50.55,31.4,69.3,0.0
cactus,43.79,31.4,69.3,0.0
money_plant,34.87,31.4,69.3,0.0
cactus,43.73,31.4,69.3,0.0
money_plant,35.08,31.4,69.2,0.0
snake_plant,50.49,31.4,69.2,0.0
cactus,43.95,31.4,69.2,0.0
money_plant,35.02,31.4,69.3,0.0
snake_plant,50.52,31.4,69.3,0.0
cactus,43.7,31.4,69.3,0.0
money_plant,34.96,31.5,69.2,0.0
snake_plant,50.2,31.5,69.2,0.0
cactus,43.76,31.5,69.2,0.0
money_plant,34.87,31.4,69.2,0.0
snake_plant,50.52,31.4,69.2,0.0
cactus,43.85,31.4,69.2,0.0
money_plant,34.99,31.4,69.4,0.0
snake_plant,50.36,31.4,69.4,0.0
cactus,44.01,31.4,69.4,0.0
money_plant,35.47,31.4,69.3,0.0
snake_plant,50.27,31.4,69.3,0.0
cactus,43.95,31.4,69.3,0.0
cactus,43.98,31.4,69.3,0.0
money_plant,34.99,31.4,69.2,0.0
snake_plant,50.45,31.4,69.2,0.0
cactus,43.76,31.4,69.2,0.0
snake_plant,50.55,31.4,69.2,0.0
cactus,44.16,31.4,69.2,0.0
money_plant,34.87,31.4,69.4,0.0
snake_plant,50.05,31.4,69.4,0.0
cactus,44.34,31.4,69.4,0.0
money_plant,35.02,31.4,69.5,0.0
snake_plant,50.27,31.4,69.5,0.0
cactus,44.31,31.4,69.5,0.0
cactus,44.64,31.4,69.3,0.0
money_plant,35.2,31.4,69.4,0.0
snake_plant,50.39,31.4,69.4,0.0
cactus,44.43,31.4,69.4,0.0
snake_plant,50.11,31.4,69.4,0.0
cactus,44.16,31.4,69.4,0.0
money_plant,35.14,31.4,69.5,0.0
snake_plant,49.98,31.4,69.5,0.0
cactus,46.95,31.4,69.5,0.0
money_plant,34.61,31.3,69.3,0.0
snake_plant,50.02,31.3,69.3,0.0
cactus,47.5,31.3,69.3,0.0
money_plant,35.02,31.3,69.4,0.0
snake_plant,50.23,31.3,69.4,0.0
cactus,47.62,31.3,69.4,0.0
money_plant,34.9,31.4,69.5,0.0
snake_plant,50.42,31.4,69.5,0.0
cactus,47.5,31.4,69.5,0.0
money_plant,35.08,31.4,69.5,0.0
snake_plant,50.02,31.4,69.5,0.0
cactus,47.77,31.4,69.5,0.0
money_plant,35.02,31.4,69.4,0.0
snake_plant,49.92,31.4,69.4,0.0
cactus,47.37,31.4,69.4,0.0
money_plant,34.73,31.3,69.4,0.0
snake_plant,49.77,31.3,69.4,0.0
cactus,47.07,31.3,69.4,0.0
money_plant,34.84,31.4,69.2,0.0
snake_plant,50.02,31.4,69.2,0.0
cactus,47.25,31.4,69.2,0.0
money_plant,34.9,31.3,69.4,0.0
snake_plant,49.95,31.3,69.4,0.0
cactus,46.89,31.3,69.4,0.0
money_plant,34.58,31.3,69.5,0.0
snake_plant,50.14,31.3,69.5,0.0
cactus,47.53,31.3,69.5,0.0
money_plant,34.96,31.3,69.5,0.0
snake_plant,50.05,31.3,69.5,0.0
cactus,47.5,31.3,69.5,0.0
money_plant,35.08,31.3,69.6,0.0
snake_plant,49.95,31.3,69.6,0.0
cactus,44.61,31.3,69.6,0.0
money_plant,35.17,31.3,69.5,0.0
cactus,46.68,31.3,69.5,0.0
money_plant,34.96,31.3,69.3,0.0
snake_plant,49.73,31.3,69.3,0.0
cactus,46.62,31.3,69.3,0.0
money_plant,34.67,31.3,69.4,0.0
snake_plant,49.51,31.3,69.4,0.0
cactus,46.62,31.3,69.4,0.0
money_plant,36.47,31.3,69.6,0.0
snake_plant,49.67,31.3,69.6,0.0
cactus,46.65,31.3,69.6,0.0
snake_plant,49.73,31.3,69.5,0.0
cactus,45.61,31.3,69.5,0.0
money_plant,34.73,31.3,69.7,0.0
snake_plant,49.58,31.3,69.7,0.0
cactus,46.62,31.3,69.7,0.0
money_plant,35.02,31.3,69.6,0.0
snake_plant,49.83,31.3,69.6,0.0
cactus,45.07,31.3,69.6,0.0
money_plant,34.9,31.2,69.7,0.0
snake_plant,49.55,31.2,69.7,0.0
cactus,44.73,31.2,69.7,0.0
money_plant,34.81,31.3,69.5,0.0
snake_plant,49.64,31.3,69.5,0.0
cactus,45.34,31.3,69.5,0.0
money_plant,34.99,31.3,69.8,0.0
snake_plant,48.08,31.3,69.8,0.0
cactus,45.19,31.3,69.8,0.0
money_plant,34.76,31.3,69.5,0.0
snake_plant,49.58,31.3,69.5,0.0
cactus,45.25,31.3,69.5,0.0
money_plant,34.4,31.3,69.7,0.0
snake_plant,49.55,31.3,69.7,0.0
cactus,45.25,31.3,69.7,0.0
money_plant,35.02,31.2,69.7,0.0
snake_plant,49.61,31.2,69.7,0.0
cactus,45.89,31.2,69.7,0.0
money_plant,35.05,31.2,69.6,0.0
snake_plant,49.58,31.2,69.6,0.0
cactus,45.04,31.2,69.6,0.0
money_plant,34.93,31.3,69.6,0.0
snake_plant,49.55,31.3,69.6,0.0
cactus,44.73,31.3,69.6,0.0
money_plant,34.96,31.2,69.5,0.0
snake_plant,49.55,31.2,69.5,0.0
cactus,43.95,31.2,69.5,0.0
money_plant,34.84,31.2,69.8,0.0
snake_plant,49.55,31.2,69.8,0.0
cactus,43.95,31.2,69.8,0.0
money_plant,35.05,31.1,69.7,0.0
snake_plant,49.7,31.1,69.7,0.0
cactus,44.01,31.1,69.7,0.0
money_plant,31.32,31.2,69.7,0.0
snake_plant,49.39,31.2,69.7,0.0
cactus,44.1,31.2,69.7,0.0
money_plant,35.53,31.1,69.6,0.0
snake_plant,49.55,31.1,69.6,0.0
cactus,43.95,31.1,69.6,0.0
money_plant,35.08,31.2,69.7,0.0
cactus,43.98,31.2,69.7,0.0
money_plant,34.96,31.2,69.8,0.0
snake_plant,49.14,31.2,69.8,0.0
cactus,46.62,31.2,69.8,0.0
money_plant,35.11,31.2,69.6,0.0
snake_plant,49.51,31.2,69.6,0.0
cactus,43.76,31.2,69.6,0.0
money_plant,35.05,31.2,69.9,0.0
snake_plant,49.64,31.2,69.9,0.0
cactus,44.43,31.2,69.9,0.0
money_plant,34.93,31.2,69.6,0.0
snake_plant,49.33,31.2,69.6,0.0
cactus,45.13,31.2,69.6,0.0
money_plant,35.02,31.1,69.6,0.0
snake_plant,49.33,31.1,69.6,0.0
cactus,44.95,31.1,69.6,0.0
money_plant,34.73,31.2,69.6,0.0
snake_plant,49.36,31.2,69.6,0.0
cactus,43.98,31.2,69.6,0.0
money_plant,34.84,31.1,69.7,0.0
snake_plant,49.39,31.1,69.7,0.0
cactus,44.67,31.1,69.7,0.0
money_plant,34.49,31.1,69.5,0.0
snake_plant,49.39,31.1,69.5,0.0
cactus,44.52,31.1,69.5,0.0
money_plant,34.93,31.1,69.6,0.0
snake_plant,49.39,31.1,69.6,0.0
money_plant,34.99,31.1,69.8,0.0
snake_plant,49.36,31.1,69.8,0.0
cactus,43.76,31.1,69.8,0.0
money_plant,35.02,31.1,69.8,0.0
cactus,43.67,31.1,69.8,0.0
money_plant,36.27,31.1,69.7,0.0
snake_plant,49.51,31.1,69.7,0.0
cactus,43.67,31.1,69.7,0.0
money_plant,34.84,31.0,69.7,0.0
snake_plant,49.11,31.0,69.7,0.0
cactus,43.64,31.0,69.7,0.0
money_plant,35.05,31.0,69.7,0.0
snake_plant,49.39,31.0,69.7,0.0
cactus,43.4,31.0,69.7,0.0
money_plant,35.11,31.0,69.7,0.0
snake_plant,49.14,31.0,69.7,0.0
cactus,43.58,31.0,69.7,0.0
money_plant,34.96,31.0,69.7,0.0
snake_plant,50.7,31.0,69.7,0.0
cactus,43.46,31.0,69.7,0.0
money_plant,34.7,31.0,69.9,0.0
snake_plant,49.39,31.0,69.9,0.0
cactus,43.55,31.0,69.9,0.0
money_plant,34.87,31.1,69.8,0.0
snake_plant,49.48,31.1,69.8,0.0
cactus,43.49,31.1,69.8,0.0
money_plant,32.0,31.0,69.7,0.0
snake_plant,49.23,31.0,69.7,0.0
cactus,43.55,31.0,69.7,0.0
money_plant,34.84,31.0,69.9,0.0
snake_plant,49.55,31.0,69.9,0.0
cactus,43.52,31.0,69.9,0.0
money_plant,34.84,31.0,69.8,0.0
snake_plant,48.95,31.0,69.8,0.0
cactus,43.46,31.0,69.8,0.0
money_plant,34.49,31.0,69.8,0.0
snake_plant,49.26,31.0,69.8,0.0
cactus,43.34,31.0,69.8,0.0
money_plant,35.2,31.0,69.8,0.0
cactus,43.52,31.0,69.8,0.0
snake_plant,48.89,31.0,69.8,0.0
money_plant,34.9,31.0,70.0,0.0
snake_plant,48.73,31.0,70.0,0.0
cactus,43.46,31.0,70.0,0.0
money_plant,34.93,31.0,69.7,0.0
snake_plant,49.26,31.0,69.7,0.0
money_plant,34.73,31.0,70.0,0.0
snake_plant,48.89,31.0,70.0,0.0
cactus,43.58,31.0,70.0,0.0
money_plant,34.96,31.0,69.8,0.0
snake_plant,48.08,31.0,69.8,0.0
cactus,43.4,31.0,69.8,0.0
money_plant,34.9,30.9,69.8,0.0
snake_plant,49.01,30.9,69.8,0.0
cactus,43.19,30.9,69.8,0.0
money_plant,34.76,31.0,69.9,0.0
snake_plant,48.7,31.0,69.9,0.0
cactus,43.58,31.0,69.9,0.0
money_plant,34.73,30.9,69.8,0.0
cactus,43.49,30.9,69.8,0.0
money_plant,34.67,31.0,69.9,0.0
snake_plant,48.89,31.0,69.9,0.0
cactus,43.46,31.0,69.9,0.0
money_plant,34.01,30.9,69.8,0.0
snake_plant,48.83,30.9,69.8,0.0
money_plant,34.7,31.0,70.1,0.0
snake_plant,48.86,31.0,70.1,0.0
cactus,43.4,31.0,70.1,0.0
money_plant,34.76,30.9,69.8,0.0
snake_plant,48.73,30.9,69.8,0.0
cactus,43.7,30.9,69.8,0.0
money_plant,34.67,30.9,69.9,0.0
snake_plant,49.26,30.9,69.9,0.0
cactus,44.19,30.9,69.9,0.0
money_plant,34.79,30.9,70.3,0.0
snake_plant,48.7,30.9,70.3,0.0
cactus,44.43,30.9,70.3,0.0
money_plant,34.79,30.9,70.0,0.0
snake_plant,48.54,30.9,70.0,0.0
cactus,44.55,30.9,70.0,0.0
money_plant,34.84,31.0,70.0,0.0
snake_plant,48.7,31.0,70.0,0.0
cactus,44.8,31.0,70.0,0.0
money_plant,34.58,30.9,70.0,0.0
snake_plant,48.76,30.9,70.0,0.0
cactus,44.89,30.9,70.0,0.0
money_plant,35.47,31.0,70.3,0.0
snake_plant,48.83,31.0,70.3,0.0
cactus,44.83,31.0,70.3,0.0
snake_plant,48.48,31.0,70.0,0.0
cactus,44.92,31.0,70.0,0.0
money_plant,35.02,31.0,70.0,0.0
snake_plant,48.45,31.0,70.0,0.0
cactus,46.62,31.0,70.0,0.0
money_plant,34.73,31.0,70.1,0.0
snake_plant,48.54,31.0,70.1,0.0
cactus,45.71,31.0,70.1,0.0
money_plant,34.73,31.0,69.8,0.0
snake_plant,48.54,31.0,69.8,0.0
cactus,46.62,31.0,69.8,0.0
money_plant,34.81,31.0,70.1,0.0
snake_plant,48.23,31.0,70.1,0.0
money_plant,34.58,31.1,70.1,0.0
snake_plant,48.39,31.1,70.1,0.0
cactus,45.52,31.1,70.1,0.0
money_plant,34.64,31.0,69.8,0.0
snake_plant,48.58,31.0,69.8,0.0
cactus,45.4,31.0,69.8,0.0
money_plant,34.73,31.0,69.7,0.0
snake_plant,48.51,31.0,69.7,0.0
cactus,44.98,31.0,69.7,0.0
money_plant,34.9,31.0,69.7,0.0
snake_plant,48.61,31.0,69.7,0.0
cactus,44.76,31.0,69.7,0.0
money_plant,34.76,31.0,69.7,0.0
snake_plant,48.73,31.0,69.7,0.0
cactus,44.83,31.0,69.7,0.0
money_plant,34.55,31.0,69.8,0.0
snake_plant,48.45,31.0,69.8,0.0
cactus,44.67,31.0,69.8,0.0
snake_plant,48.7,31.0,69.8,0.0
cactus,44.46,31.0,69.8,0.0
snake_plant,48.54,31.0,69.7,0.0
cactus,43.76,31.0,69.7,0.0
money_plant,34.76,31.0,69.8,0.0
snake_plant,48.51,31.0,69.8,0.0
cactus,43.31,31.0,69.8,0.0
money_plant,34.64,30.9,69.7,0.0
snake_plant,48.48,30.9,69.7,0.0
cactus,43.31,30.9,69.7,0.0
money_plant,34.58,30.9,69.9,0.0
snake_plant,48.2,30.9,69.9,0.0
cactus,43.19,30.9,69.9,0.0
money_plant,34.64,31.0,69.9,0.0
snake_plant,48.33,31.0,69.9,0.0
money_plant,34.76,30.9,70.0,0.0
snake_plant,48.23,30.9,70.0,0.0
cactus,43.34,30.9,70.0,0.0
money_plant,36.15,31.0,70.2,0.0
snake_plant,48.58,31.0,70.2,0.0
cactus,42.91,31.0,70.2,0.0
money_plant,34.84,31.0,70.2,0.0
snake_plant,48.29,31.0,70.2,0.0
cactus,42.79,31.0,70.2,0.0
snake_plant,48.39,31.0,69.9,0.0
cactus,43.16,31.0,69.9,0.0
money_plant,34.79,31.0,69.9,0.0
snake_plant,48.36,31.0,69.9,0.0
cactus,43.19,31.0,69.9,0.0
money_plant,34.9,31.0,69.9,0.0
snake_plant,48.54,31.0,69.9,0.0
snake_plant,48.08,31.0,69.9,0.0
cactus,42.97,31.0,69.9,0.0
money_plant,34.84,30.9,70.3,0.0
snake_plant,48.11,30.9,70.3,0.0
cactus,42.73,30.9,70.3,0.0
money_plant,34.67,30.9,70.2,0.0
snake_plant,48.08,30.9,70.2,0.0
cactus,42.49,30.9,70.2,0.0
money_plant,34.67,31.0,70.2,0.0
snake_plant,48.08,31.0,70.2,0.0
cactus,42.52,31.0,70.2,0.0
money_plant,35.41,31.0,69.9,0.0
snake_plant,48.14,31.0,69.9,0.0
cactus,42.43,31.0,69.9,0.0
money_plant,34.87,30.9,69.9,0.0
snake_plant,48.14,30.9,69.9,0.0
cactus,42.79,30.9,69.9,0.0
money_plant,34.9,30.9,69.9,0.0
snake_plant,48.08,30.9,69.9,0.0
cactus,43.25,30.9,69.9,0.0
money_plant,34.99,31.0,70.0,0.0
snake_plant,48.11,31.0,70.0,0.0
cactus,43.13,31.0,70.0,0.0
snake_plant,48.48,31.0,69.7,0.0
cactus,42.79,31.0,69.7,0.0
money_plant,35.47,30.9,70.0,0.0
snake_plant,48.11,30.9,70.0,0.0
cactus,42.73,30.9,70.0,0.0
money_plant,34.7,30.9,70.0,0.0
snake_plant,48.14,30.9,70.0,0.0
cactus,42.37,30.9,70.0,0.0
snake_plant,48.08,30.9,69.7,0.0
cactus,41.85,30.9,69.7,0.0
snake_plant,46.76,30.9,69.9,0.0
cactus,41.91,30.9,69.9,0.0
money_plant,34.73,30.9,70.0,0.0
snake_plant,48.08,30.9,70.0,0.0
cactus,41.88,30.9,70.0,0.0
money_plant,34.67,30.9,70.0,0.0
cactus,42.34,30.9,70.0,0.0
money_plant,34.9,30.9,70.0,0.0
cactus,42.67,30.9,70.0,0.0
money_plant,34.49,30.9,70.0,0.0
cactus,41.52,30.9,70.0,0.0
money_plant,35.08,30.9,70.0,0.0
cactus,41.31,30.9,70.0,0.0
money_plant,34.64,30.9,69.9,0.0
cactus,42.06,30.9,69.9,0.0
cactus,41.52,30.9,69.9,0.0
money_plant,34.58,30.9,70.1,0.0
snake_plant,48.08,30.9,70.1,0.0
cactus,42.55,30.9,70.1,0.0
money_plant,37.42,30.9,70.0,0.0
snake_plant,47.26,30.9,70.0,0.0
cactus,41.27,30.9,70.0,0.0
money_plant,34.64,30.9,70.2,0.0
snake_plant,48.11,30.9,70.2,0.0
cactus,41.55,30.9,70.2,0.0
cactus,42.03,30.9,70.0,0.0
money_plant,34.99,30.9,70.0,0.0
snake_plant,48.08,30.9,69.8,0.0
cactus,41.09,30.9,69.8,0.0
cactus,41.06,30.9,70.0,0.0
money_plant,34.64,30.9,70.0,0.0
snake_plant,46.54,30.9,70.0,0.0
cactus,41.15,30.9,70.0,0.0
money_plant,34.7,30.8,70.0,0.0
snake_plant,48.08,30.8,70.0,0.0
cactus,40.85,30.8,70.0,0.0
money_plant,34.79,30.8,70.2,0.0
snake_plant,47.32,30.8,70.2,0.0
cactus,40.91,30.8,70.2,0.0
money_plant,34.67,30.8,70.3,0.0
snake_plant,48.08,30.8,70.3,0.0
cactus,40.94,30.8,70.3,0.0
money_plant,34.73,30.8,70.4,0.0
snake_plant,48.08,30.8,70.4,0.0
cactus,41.12,30.8,70.4,0.0
money_plant,34.64,30.8,70.1,0.0
snake_plant,47.36,30.8,70.1,0.0
cactus,41.21,30.8,70.1,0.0
money_plant,34.76,30.8,70.2,0.0
snake_plant,47.36,30.8,70.2,0.0
cactus,41.67,30.8,70.2,0.0
money_plant,34.4,30.8,70.1,0.0
snake_plant,47.39,30.8,70.1,0.0
cactus,41.67,30.8,70.1,0.0
money_plant,34.64,30.9,70.1,0.0
cactus,41.64,30.9,70.1,0.0
money_plant,34.76,30.8,70.1,0.0
cactus,42.76,30.8,70.1,0.0
money_plant,34.52,30.8,70.1,0.0
snake_plant,48.08,30.8,70.1,0.0
cactus,42.55,30.8,70.1,0.0
money_plant,34.61,30.8,70.2,0.0
snake_plant,47.04,30.8,70.2,0.0
cactus,41.91,30.8,70.2,0.0
money_plant,34.67,30.8,70.1,0.0
cactus,42.22,30.8,70.1,0.0
money_plant,34.58,30.8,70.1,0.0
snake_plant,47.26,30.8,70.1,0.0
cactus,41.4,30.8,70.1,0.0
money_plant,34.58,30.8,70.3,0.0
snake_plant,47.1,30.8,70.3,0.0
cactus,42.22,30.8,70.3,0.0
money_plant,34.64,30.8,70.2,0.0
snake_plant,48.08,30.8,70.2,0.0
cactus,44.16,30.8,70.2,0.0
money_plant,34.79,30.8,70.3,0.0
cactus,41.88,30.8,70.3,0.0
money_plant,34.87,30.7,70.3,0.0
snake_plant,47.14,30.7,70.3,0.0
cactus,41.24,30.7,70.3,0.0
money_plant,34.64,30.8,70.4,0.0
snake_plant,47.2,30.8,70.4,0.0
cactus,41.18,30.8,70.4,0.0
snake_plant,47.23,30.8,70.3,0.0
cactus,41.27,30.8,70.3,0.0
money_plant,34.7,30.8,70.3,0.0
cactus,41.15,30.8,70.3,0.0
money_plant,34.58,30.8,70.4,0.0
snake_plant,47.32,30.8,70.4,0.0
cactus,41.21,30.8,70.4,0.0
money_plant,34.84,30.8,70.1,0.0
snake_plant,47.14,30.8,70.1,0.0
money_plant,34.84,30.8,70.2,0.0
snake_plant,46.89,30.8,70.2,0.0
cactus,41.24,30.8,70.2,0.0
money_plant,34.64,30.8,70.3,0.0
snake_plant,46.98,30.8,70.3,0.0
cactus,41.24,30.8,70.3,0.0
cactus,39.61,30.8,70.3,0.0
cactus,41.15,30.8,70.2,0.0
money_plant,34.67,30.8,70.2,0.0
cactus,41.21,30.8,70.2,0.0
snake_plant,47.23,30.8,70.2,0.0
cactus,41.18,30.8,70.2,0.0
money_plant,33.24,30.8,70.3,0.0
cactus,40.97,30.8,70.3,0.0
money_plant,34.76,30.8,70.5,0.0
snake_plant,47.39,30.8,70.5,0.0
cactus,41.15,30.8,70.5,0.0
snake_plant,46.85,30.8,70.3,0.0
cactus,41.06,30.8,70.3,0.0
money_plant,34.61,30.8,70.3,0.0
snake_plant,43.94,30.8,70.3,0.0
snake_plant,47.04,30.8,70.3,0.0
money_plant,34.58,30.7,70.3,0.0
snake_plant,46.98,30.7,70.3,0.0
cactus,41.27,30.7,70.3,0.0
money_plant,34.76,30.8,70.4,0.0
snake_plant,47.04,30.8,70.4,0.0
cactus,41.31,30.8,70.4,0.0
money_plant,35.38,30.7,70.5,0.0
snake_plant,46.64,30.7,70.5,0.0
cactus,41.24,30.7,70.5,0.0
snake_plant,46.64,30.8,70.3,0.0
money_plant,34.7,30.7,70.4,0.0
snake_plant,46.76,30.7,70.4,0.0
cactus,41.15,30.7,70.4,0.0
money_plant,34.58,30.7,70.5,0.0
snake_plant,46.7,30.7,70.5,0.0
money_plant,35.67,30.7,70.3,0.0
snake_plant,46.92,30.7,70.3,0.0
money_plant,34.84,30.7,70.5,0.0
snake_plant,47.04,30.7,70.5,0.0
cactus,41.18,30.7,70.5,0.0
money_plant,34.64,30.8,70.5,0.0
snake_plant,46.54,30.8,70.5,0.0
cactus,40.79,30.8,70.5,0.0
money_plant,34.55,30.7,70.3,0.0
snake_plant,46.82,30.7,70.3,0.0
cactus,40.94,30.7,70.3,0.0
money_plant,34.64,30.7,70.5,0.0
snake_plant,46.82,30.7,70.5,0.0
cactus,40.94,30.7,70.5,0.0
money_plant,34.84,30.7,70.4,0.0
cactus,40.97,30.7,70.4,0.0
money_plant,34.73,30.7,70.5,0.0
snake_plant,46.54,30.7,70.5,0.0
cactus,41.12,30.7,70.5,0.0
money_plant,34.87,30.7,70.6,0.0
snake_plant,46.85,30.7,70.6,0.0
cactus,41.06,30.7,70.6,0.0
snake_plant,46.38,30.7,70.5,0.0
snake_plant,46.64,30.8,70.4,0.0
cactus,40.94,30.8,70.4,0.0
snake_plant,46.57,30.8,70.4,0.0
cactus,40.55,30.8,70.4,0.0
money_plant,34.61,30.7,70.3,0.0
snake_plant,47.04,30.7,70.3,0.0
cactus,41.09,30.7,70.3,0.0
money_plant,34.64,30.7,70.4,0.0
snake_plant,46.64,30.7,70.4,0.0
cactus,41.18,30.7,70.4,0.0
money_plant,34.61,30.7,70.4,0.0
snake_plant,46.54,30.7,70.4,0.0
cactus,41.21,30.7,70.4,0.0
money_plant,34.76,30.7,70.4,0.0
cactus,41.27,30.7,70.4,0.0
money_plant,34.7,30.7,70.6,0.0
snake_plant,48.08,30.7,70.6,0.0
cactus,41.24,30.7,70.6,0.0
money_plant,34.96,30.7,70.5,0.0
snake_plant,46.6,30.7,70.5,0.0
snake_plant,46.48,30.7,70.4,0.0
snake_plant,46.67,30.7,70.6,0.0
money_plant,34.79,30.7,70.6,0.0
snake_plant,46.48,30.7,70.6,0.0
money_plant,34.96,30.6,70.4,0.0
snake_plant,46.54,30.6,70.4,0.0
cactus,41.31,30.6,70.4,0.0
money_plant,34.84,30.6,70.6,0.0
snake_plant,46.1,30.6,70.6,0.0
cactus,41.15,30.6,70.6,0.0
money_plant,34.58,30.7,70.6,0.0
snake_plant,46.26,30.7,70.6,0.0
money_plant,34.76,30.6,70.4,0.0
snake_plant,46.51,30.6,70.4,0.0
cactus,40.42,30.6,70.4,0.0
money_plant,35.05,30.7,70.6,0.0
snake_plant,46.54,30.7,70.6,0.0
cactus,41.21,30.7,70.6,0.0
money_plant,34.84,30.7,70.6,0.0
snake_plant,46.57,30.7,70.6,0.0
snake_plant,46.23,30.7,70.5,0.0
money_plant,34.76,30.7,70.5,0.0
snake_plant,46.32,30.7,70.5,0.0
snake_plant,46.35,30.7,70.6,0.0
snake_plant,46.13,30.7,70.5,0.0
money_plant,34.67,30.7,70.4,0.0
snake_plant,46.51,30.7,70.4,0.0
cactus,41.06,30.7,70.4,0.0
money_plant,34.79,30.7,70.5,0.0
snake_plant,46.51,30.7,70.5,0.0
money_plant,34.87,30.7,70.7,0.0
snake_plant,46.26,30.7,70.7,0.0
cactus,40.88,30.7,70.7,0.0
money_plant,34.67,30.7,70.5,0.0
snake_plant,46.35,30.7,70.5,0.0
money_plant,34.76,30.7,70.6,0.0
snake_plant,46.51,30.7,70.6,0.0
cactus,41.21,30.7,70.5,0.0
money_plant,34.79,30.7,70.7,0.0
snake_plant,46.73,30.7,70.7,0.0
cactus,41.21,30.7,70.7,0.0
snake_plant,46.13,30.7,70.6,0.0
money_plant,34.64,30.7,70.7,0.0
snake_plant,46.45,30.7,70.7,0.0
cactus,41.24,30.7,70.7,0.0
money_plant,37.9,30.7,70.6,0.0
snake_plant,46.32,30.7,70.6,0.0
snake_plant,46.01,30.7,70.6,0.0
money_plant,34.73,30.7,70.6,0.0
cactus,41.09,30.7,70.5,0.0
snake_plant,46.04,30.7,70.4,0.0
money_plant,36.44,30.7,70.5,0.0
snake_plant,45.76,30.7,70.5,0.0
money_plant,34.73,30.6,70.5,0.0
snake_plant,46.23,30.6,70.5,0.0
cactus,40.76,30.6,70.5,0.0
money_plant,34.55,30.6,70.7,0.0
snake_plant,46.04,30.6,70.7,0.0
cactus,41.21,30.6,70.7,0.0
money_plant,34.67,30.6,70.7,0.0
snake_plant,45.82,30.6,70.7,0.0
cactus,41.12,30.6,70.7,0.0
money_plant,34.73,30.6,70.7,0.0
snake_plant,46.07,30.6,70.7,0.0
cactus,41.09,30.6,70.7,0.0
snake_plant,45.7,30.6,70.6,0.0
cactus,41.18,30.6,70.6,0.0
money_plant,33.93,30.6,70.7,0.0
money_plant,34.49,30.6,70.7,0.0
snake_plant,46.26,30.6,70.7,0.0
money_plant,34.67,30.6,70.9,0.0
snake_plant,46.01,30.6,70.9,0.0
cactus,41.24,30.6,70.9,0.0
money_plant,34.7,30.6,70.7,0.0
snake_plant,46.17,30.6,70.7,0.0
cactus,41.06,30.6,70.7,0.0
money_plant,34.64,30.6,70.8,0.0
snake_plant,45.7,30.6,70.8,0.0
cactus,40.85,30.6,70.8,0.0
money_plant,34.58,30.6,70.7,0.0
snake_plant,46.1,30.6,70.7,0.0
snake_plant,45.73,30.6,70.7,0.0
cactus,41.03,30.6,70.7,0.0
money_plant,34.58,30.6,70.8,0.0
snake_plant,46.07,30.6,70.8,0.0
cactus,41.24,30.6,70.8,0.0
money_plant,34.58,30.6,71.1,0.0
snake_plant,45.95,30.6,71.1,0.0
cactus,41.37,30.6,71.1,0.0
snake_plant,45.88,30.6,70.8,0.0
cactus,41.4,30.6,70.8,0.0
cactus,41.46,30.6,70.7,0.0
money_plant,34.49,30.6,71.0,0.0
snake_plant,45.57,30.6,71.0,0.0
cactus,41.43,30.6,71.0,0.0
snake_plant,45.54,30.7,70.5,0.0
cactus,41.55,30.7,70.5,0.0
money_plant,34.49,30.6,70.5,0.0
snake_plant,46.04,30.6,70.5,0.0
cactus,41.55,30.6,70.5,0.0
money_plant,34.67,30.6,71.1,0.0
snake_plant,45.54,30.6,71.1,0.0
cactus,41.24,30.6,71.1,0.0
money_plant,37.57,30.6,71.0,0.0
snake_plant,45.88,30.6,71.0,0.0
cactus,41.24,30.6,71.0,0.0
money_plant,34.76,30.6,70.7,0.0
snake_plant,45.88,30.6,70.7,0.0
cactus,41.24,30.6,70.7,0.0
money_plant,34.52,30.7,70.7,0.0
snake_plant,45.63,30.7,70.7,0.0
cactus,41.34,30.7,70.7,0.0
money_plant,34.55,30.7,70.7,0.0
snake_plant,45.54,30.7,70.7,0.0
cactus,41.31,30.7,70.7,0.0
snake_plant,46.07,30.7,70.6,0.0
cactus,41.18,30.7,70.6,0.0
money_plant,34.58,30.7,70.7,0.0
snake_plant,45.76,30.7,70.7,0.0
cactus,41.27,30.7,70.7,0.0
snake_plant,45.54,30.7,70.6,0.0
money_plant,34.52,30.7,70.5,0.0
snake_plant,45.45,30.7,70.5,0.0
cactus,41.4,30.7,70.5,0.0
snake_plant,45.6,30.7,70.7,0.0
money_plant,34.52,30.6,70.9,0.0
snake_plant,45.6,30.6,70.9,0.0
cactus,41.09,30.6,70.9,0.0
money_plant,34.79,30.6,70.8,0.0
snake_plant,45.54,30.6,70.7,0.0
cactus,41.4,30.6,70.7,0.0
snake_plant,45.45,30.6,70.8,0.0
cactus,41.7,30.6,70.8,0.0
money_plant,36.47,30.6,70.7,0.0
cactus,41.31,30.6,70.7,0.0
money_plant,34.64,30.6,70.6,0.0
snake_plant,45.32,30.6,70.6,0.0
cactus,41.4,30.6,70.6,0.0
money_plant,34.58,30.6,70.9,0.0
snake_plant,45.73,30.6,70.9,0.0
cactus,41.31,30.6,70.9,0.0
money_plant,34.64,30.6,71.0,0.0
snake_plant,45.54,30.6,71.0,0.0
cactus,41.31,30.6,71.0,0.0
money_plant,36.15,30.6,70.8,0.0
snake_plant,45.38,30.6,70.8,0.0
cactus,41.27,30.6,70.8,0.0
money_plant,34.01,30.6,70.7,0.0
snake_plant,45.57,30.6,70.7,0.0
cactus,41.27,30.6,70.7,0.0
cactus,42.19,30.6,70.7,0.0
money_plant,34.55,30.6,70.8,0.0
snake_plant,45.57,30.6,70.8,0.0
cactus,41.09,30.6,70.8,0.0
money_plant,34.61,30.6,70.7,0.0
snake_plant,45.6,30.6,70.7,0.0
cactus,40.91,30.6,70.7,0.0
snake_plant,45.48,30.6,70.5,0.0
cactus,41.21,30.6,70.5,0.0
snake_plant,45.26,30.6,70.7,0.0
snake_plant,45.04,30.6,70.9,0.0
money_plant,34.67,30.6,70.8,0.0
snake_plant,45.54,30.6,70.8,0.0
snake_plant,45.32,30.6,70.7,0.0
snake_plant,45.98,30.6,70.8,0.0
snake_plant,45.48,30.6,70.9,0.0
cactus,41.34,30.6,70.9,0.0
money_plant,34.4,30.6,70.8,0.0
snake_plant,45.26,30.6,70.8,0.0
cactus,40.91,30.6,70.8,0.0
money_plant,34.52,30.6,70.8,0.0
snake_plant,45.35,30.6,70.8,0.0
money_plant,34.58,30.6,71.0,0.0
snake_plant,45.32,30.6,71.0,0.0
money_plant,34.37,30.5,70.7,0.0
snake_plant,45.07,30.5,70.7,0.0
cactus,41.34,30.5,70.7,0.0
money_plant,34.25,30.5,70.9,0.0
snake_plant,45.01,30.5,70.9,0.0
cactus,41.31,30.5,70.9,0.0
money_plant,34.46,30.6,70.8,0.0
cactus,41.55,30.6,70.8,0.0
money_plant,34.55,30.6,71.0,0.0
snake_plant,45.13,30.6,71.0,0.0
cactus,41.27,30.6,71.0,0.0
money_plant,34.46,30.5,70.9,0.0
snake_plant,45.38,30.5,70.9,0.0
cactus,41.27,30.5,70.9,0.0
money_plant,34.61,30.5,70.7,0.0
snake_plant,45.2,30.5,70.7,0.0
cactus,41.4,30.5,70.7,0.0
money_plant,34.61,30.5,70.9,0.0
snake_plant,44.6,30.5,70.9,0.0
cactus,41.4,30.5,70.9,0.0
money_plant,34.58,30.5,70.9,0.0
snake_plant,45.04,30.5,70.9,0.0
cactus,41.34,30.5,70.9,0.0
money_plant,36.56,30.5,70.9,0.0
snake_plant,45.2,30.5,70.9,0.0
money_plant,34.58,30.5,71.1,0.0
snake_plant,44.85,30.5,71.1,0.0
cactus,41.31,30.5,71.1,0.0
snake_plant,45.16,30.5,70.9,0.0
cactus,41.46,30.5,70.9,0.0
money_plant,34.58,30.5,71.0,0.83
snake_plant,45.01,30.5,71.0,0.83
cactus,41.4,30.5,71.0,0.83
money_plant,34.43,30.5,71.0,0.83
snake_plant,44.88,30.5,71.0,0.83
cactus,41.43,30.5,71.0,0.83
money_plant,34.58,30.5,71.1,0.83
snake_plant,45.2,30.5,71.1,0.83
cactus,41.52,30.5,71.1,0.83
money_plant,34.49,30.5,71.0,0.83
snake_plant,44.98,30.5,71.0,0.83
cactus,41.31,30.5,71.0,0.83
money_plant,34.93,30.5,71.0,0.83
snake_plant,45.04,30.5,71.0,0.83
cactus,41.52,30.5,71.0,0.83
money_plant,34.37,30.5,71.0,0.83
cactus,41.46,30.5,71.0,0.83
money_plant,34.43,30.5,70.9,0.83
snake_plant,44.98,30.5,70.9,0.83
cactus,41.43,30.5,70.9,0.83
money_plant,34.55,30.5,71.1,0.83
snake_plant,44.98,30.5,71.1,0.83
cactus,41.61,30.5,71.1,0.83
money_plant,34.61,30.5,71.1,0.83
snake_plant,45.16,30.5,71.1,0.83
cactus,41.34,30.5,71.1,0.83
money_plant,34.58,30.5,70.8,0.83
snake_plant,44.88,30.5,70.8,0.83
cactus,41.58,30.5,70.8,0.83
money_plant,34.46,30.5,71.0,0.83
snake_plant,44.63,30.5,71.0,0.83
cactus,41.55,30.5,71.0,0.83
money_plant,34.46,30.5,70.9,0.83
snake_plant,44.66,30.5,70.9,0.83
cactus,41.46,30.5,70.9,0.83
money_plant,34.52,30.5,71.0,0.83
snake_plant,45.23,30.5,71.0,0.83
money_plant,34.87,30.5,71.1,0.83
snake_plant,45.01,30.5,71.1,0.83
cactus,41.55,30.5,71.1,0.83
cactus,41.67,30.5,71.0,0.83
snake_plant,44.85,30.5,71.0,0.83
cactus,41.64,30.5,71.0,0.83
snake_plant,40.0,30.5,71.0,0.83
cactus,41.58,30.5,71.0,0.83
money_plant,34.37,30.5,71.1,0.83
snake_plant,44.73,30.5,71.1,0.83
money_plant,34.13,30.6,71.1,0.83
snake_plant,44.57,30.6,71.1,0.83
cactus,41.7,30.6,71.1,0.83
money_plant,34.43,30.5,71.1,0.83
cactus,41.64,30.5,71.1,0.83
money_plant,34.4,30.6,71.0,0.83
snake_plant,44.6,30.6,71.0,0.83
cactus,41.43,30.6,71.0,0.83
money_plant,34.13,30.5,71.2,0.83
snake_plant,44.69,30.5,71.2,0.83
cactus,41.64,30.5,71.2,0.83
money_plant,34.58,30.5,71.3,0.83
snake_plant,44.66,30.5,71.3,0.83
cactus,41.67,30.5,71.3,0.83
money_plant,34.43,30.6,71.2,1.67
snake_plant,44.6,30.6,71.2,1.67
cactus,41.55,30.6,71.2,1.67
money_plant,34.46,30.2,73.4,259.17
snake_plant,44.54,30.2,73.4,259.17
cactus,41.73,30.2,73.4,259.17
money_plant,34.58,29.4,76.1,257.5
snake_plant,44.73,29.4,76.1,257.5
cactus,41.73,29.4,76.1,257.5
money_plant,34.52,28.8,77.9,253.33
snake_plant,44.54,28.8,77.9,253.33
cactus,41.7,28.8,77.9,253.33
money_plant,34.55,28.4,79.7,244.17
snake_plant,44.48,28.4,79.7,244.17
cactus,41.67,28.4,79.7,244.17
money_plant,34.52,28.1,80.8,245.0
snake_plant,44.41,28.1,80.8,245.0
cactus,41.67,28.1,80.8,245.0
money_plant,34.43,27.8,82.3,252.5
snake_plant,44.51,27.8,82.3,252.5
cactus,41.55,27.8,82.3,252.5
money_plant,34.55,27.7,82.9,256.67
snake_plant,44.69,27.7,82.9,256.67
cactus,41.55,27.7,82.9,256.67
money_plant,34.49,27.7,83.4,273.33
snake_plant,44.6,27.7,83.4,273.33
cactus,41.24,27.7,83.4,273.33
money_plant,34.58,27.6,83.6,284.17
snake_plant,44.19,27.6,83.6,284.17
cactus,41.4,27.6,83.6,284.17
money_plant,34.25,27.6,84.0,291.67
snake_plant,44.57,27.6,84.0,291.67
cactus,41.34,27.6,84.0,291.67
money_plant,34.28,27.5,84.4,304.17
snake_plant,44.35,27.5,84.4,304.17
cactus,41.27,27.5,84.4,304.17
money_plant,34.58,27.4,84.8,320.83
snake_plant,44.38,27.4,84.8,320.83
cactus,41.31,27.4,84.8,320.83
money_plant,34.07,27.4,84.5,343.33
snake_plant,49.58,27.4,84.5,343.33
cactus,41.15,27.4,84.5,343.33
money_plant,34.52,27.4,84.6,345.83
snake_plant,44.26,27.4,84.6,345.83
cactus,41.18,27.4,84.6,345.83
money_plant,34.28,27.4,85.1,355.0
snake_plant,44.35,27.4,85.1,355.0
cactus,40.76,27.4,85.1,355.0
money_plant,34.13,27.4,85.2,384.17
snake_plant,44.19,27.4,85.2,384.17
cactus,41.15,27.4,85.2,384.17
money_plant,34.43,27.4,85.3,414.17
snake_plant,44.32,27.4,85.3,414.17
cactus,41.15,27.4,85.3,414.17
money_plant,34.25,27.5,84.8,438.33
snake_plant,40.34,27.5,84.8,438.33
cactus,40.85,27.5,84.8,438.33
money_plant,34.16,27.5,85.2,450.0
snake_plant,44.32,27.5,85.2,450.0
cactus,41.24,27.5,85.2,450.0
money_plant,34.37,27.5,84.7,452.5
snake_plant,44.1,27.5,84.7,452.5
cactus,40.97,27.5,84.7,452.5
money_plant,34.13,27.6,84.5,460.83
snake_plant,44.23,27.6,84.5,460.83
cactus,41.03,27.6,84.5,460.83
money_plant,34.13,27.6,84.1,477.5
snake_plant,43.94,27.6,84.1,477.5
cactus,40.97,27.6,84.1,477.5
money_plant,34.19,27.7,83.3,495.0
snake_plant,44.13,27.7,83.3,495.0
cactus,42.06,27.7,83.3,495.0
money_plant,34.28,27.7,83.7,505.0
snake_plant,44.1,27.7,83.7,505.0
cactus,41.18,27.7,83.7,505.0
money_plant,34.13,27.6,83.6,506.67
snake_plant,44.04,27.6,83.6,506.67
cactus,41.24,27.6,83.6,506.67
money_plant,34.19,27.6,84.5,514.17
snake_plant,43.97,27.6,84.5,514.17
cactus,41.09,27.6,84.5,514.17
money_plant,34.19,27.6,84.1,529.17
snake_plant,44.01,27.6,84.1,529.17
cactus,41.21,27.6,84.1,529.17
money_plant,34.13,27.6,84.4,547.5
snake_plant,44.51,27.6,84.4,547.5
cactus,41.09,27.6,84.4,547.5
money_plant,34.01,27.6,84.6,565.0
snake_plant,44.07,27.6,84.6,565.0
cactus,41.18,27.6,84.6,565.0
money_plant,34.16,27.7,84.7,580.0
snake_plant,44.07,27.7,84.7,580.0
cactus,41.03,27.7,84.7,580.0
money_plant,34.13,27.7,85.0,595.0
snake_plant,44.19,27.7,85.0,595.0
cactus,41.09,27.7,85.0,595.0
money_plant,34.07,27.7,84.4,602.5
snake_plant,43.91,27.7,84.4,602.5
cactus,40.94,27.7,84.4,602.5
money_plant,34.16,27.7,84.0,610.0
snake_plant,43.88,27.7,84.0,610.0
cactus,40.82,27.7,84.0,610.0
money_plant,34.01,27.8,84.0,611.67
snake_plant,43.82,27.8,84.0,611.67
cactus,41.09,27.8,84.0,611.67
money_plant,36.68,27.8,84.2,620.0
snake_plant,43.6,27.8,84.2,620.0
cactus,40.85,27.8,84.2,620.0
money_plant,34.04,27.8,84.2,634.17
snake_plant,44.04,27.8,84.2,634.17
cactus,40.33,27.8,84.2,634.17
money_plant,34.07,27.9,84.3,650.83
snake_plant,43.6,27.9,84.3,650.83
cactus,40.76,27.9,84.3,650.83
money_plant,34.01,27.9,84.1,658.33
snake_plant,43.97,27.9,84.1,658.33
cactus,40.79,27.9,84.1,658.33
money_plant,34.16,27.8,84.0,665.0
snake_plant,43.69,27.8,84.0,665.0
cactus,40.7,27.8,84.0,665.0
money_plant,34.1,27.9,84.6,675.0
snake_plant,43.72,27.9,84.6,675.0
cactus,40.73,27.9,84.6,675.0
money_plant,33.93,28.0,84.3,687.5
snake_plant,43.72,28.0,84.3,687.5
cactus,40.7,28.0,84.3,687.5
money_plant,33.93,28.0,84.3,683.33
snake_plant,43.6,28.0,84.3,683.33
cactus,40.79,28.0,84.3,683.33
money_plant,33.81,28.1,84.4,680.0
snake_plant,43.69,28.1,84.4,680.0
cactus,40.79,28.1,84.4,680.0
money_plant,33.9,28.1,84.1,661.67
snake_plant,43.85,28.1,84.1,661.67
cactus,40.85,28.1,84.1,661.67
money_plant,33.81,28.2,83.8,657.5
snake_plant,43.85,28.2,83.8,657.5
cactus,40.82,28.2,83.8,657.5
money_plant,33.96,28.4,83.6,649.17
snake_plant,43.54,28.4,83.6,649.17
cactus,40.7,28.4,83.6,649.17
money_plant,33.84,28.3,83.2,656.67
snake_plant,43.82,28.3,83.2,656.67
cactus,40.27,28.3,83.2,656.67
money_plant,33.93,28.4,82.6,671.67
snake_plant,43.85,28.4,82.6,671.67
cactus,40.82,28.4,82.6,671.67
money_plant,33.63,28.6,81.6,675.0
snake_plant,43.6,28.6,81.6,675.0
cactus,40.79,28.6,81.6,675.0
money_plant,33.9,28.8,80.5,694.17
snake_plant,43.54,28.8,80.5,694.17
cactus,40.64,28.8,80.5,694.17
money_plant,33.69,28.9,80.3,706.67
snake_plant,43.54,28.9,80.3,706.67
cactus,40.73,28.9,80.3,706.67
money_plant,33.81,29.0,79.8,720.83
snake_plant,43.69,29.0,79.8,720.83
cactus,40.61,29.0,79.8,720.83
money_plant,33.69,29.1,79.3,750.83
snake_plant,43.72,29.1,79.3,750.83
cactus,40.67,29.1,79.3,750.83
money_plant,33.78,29.1,78.6,789.17
snake_plant,43.57,29.1,78.6,789.17
cactus,40.67,29.1,78.6,789.17
money_plant,33.72,29.2,78.5,863.33
snake_plant,43.54,29.2,78.5,863.33
cactus,40.58,29.2,78.5,863.33
money_plant,33.72,29.3,78.4,944.17
snake_plant,43.47,29.3,78.4,944.17
cactus,40.3,29.3,78.4,944.17
money_plant,34.04,29.3,79.9,1061.67
snake_plant,42.57,29.3,79.9,1061.67
cactus,40.67,29.3,79.9,1061.67
money_plant,33.66,29.2,80.4,1353.33
snake_plant,43.57,29.2,80.4,1353.33
cactus,40.58,29.2,80.4,1353.33
money_plant,33.93,29.1,78.9,1527.5
snake_plant,43.94,29.1,78.9,1527.5
cactus,40.73,29.1,78.9,1527.5
money_plant,33.84,29.0,79.3,2465.83
snake_plant,43.47,29.0,79.3,2465.83
cactus,40.58,29.0,79.3,2465.83
money_plant,33.78,29.1,78.9,1661.67
snake_plant,41.63,29.1,78.9,1661.67
cactus,40.55,29.1,78.9,1661.67
money_plant,33.9,29.3,78.5,1851.67
snake_plant,44.19,29.3,78.5,1851.67
cactus,40.58,29.3,78.5,1851.67
money_plant,33.81,29.5,78.0,1675.0
snake_plant,43.54,29.5,78.0,1675.0
cactus,40.61,29.5,78.0,1675.0
money_plant,33.93,29.5,78.3,1630.83
snake_plant,43.57,29.5,78.3,1630.83
cactus,40.58,29.5,78.3,1630.83
money_plant,33.96,29.5,77.7,1527.5
snake_plant,43.54,29.5,77.7,1527.5
cactus,40.55,29.5,77.7,1527.5
money_plant,33.78,29.7,77.1,1237.5
snake_plant,43.54,29.7,77.1,1237.5
cactus,40.73,29.7,77.1,1237.5
money_plant,33.9,29.7,76.7,1223.33
snake_plant,43.35,29.7,76.7,1223.33
cactus,40.58,29.7,76.7,1223.33
money_plant,33.57,29.9,76.4,1325.83
snake_plant,43.54,29.9,76.4,1325.83
cactus,40.58,29.9,76.4,1325.83
money_plant,33.78,29.9,75.8,1265.0
snake_plant,43.35,29.9,75.8,1265.0
cactus,40.76,29.9,75.8,1265.0
money_plant,33.6,30.0,75.4,1240.0
snake_plant,43.69,30.0,75.4,1240.0
cactus,40.58,30.0,75.4,1240.0
money_plant,33.96,30.0,75.4,1267.5
snake_plant,43.69,30.0,75.4,1267.5
cactus,40.49,30.0,75.4,1267.5
money_plant,33.69,30.1,75.9,1395.83
snake_plant,43.44,30.1,75.9,1395.83
cactus,40.55,30.1,75.9,1395.83
money_plant,33.93,30.1,75.7,1755.0
snake_plant,43.51,30.1,75.7,1755.0
cactus,40.52,30.1,75.7,1755.0
money_plant,33.63,30.1,75.9,2706.67
snake_plant,43.54,30.1,75.9,2706.67
cactus,40.58,30.1,75.9,2706.67
money_plant,34.04,30.3,75.8,6985.83
snake_plant,43.54,30.3,75.8,6985.83
cactus,40.58,30.3,75.8,6985.83
money_plant,33.9,30.5,75.5,6865.0
snake_plant,43.07,30.5,75.5,6865.0
cactus,40.3,30.5,75.5,6865.0
money_plant,33.9,31.1,73.7,22805.83
snake_plant,43.54,31.1,73.7,22805.83
cactus,40.39,31.1,73.7,22805.83
money_plant,33.9,32.0,71.8,19420.0
snake_plant,43.54,32.0,71.8,19420.0
cactus,40.36,32.0,71.8,19420.0
money_plant,33.63,32.8,69.7,18000.0
snake_plant,43.63,32.8,69.7,18000.0
cactus,40.39,32.8,69.7,18000.0
money_plant,33.69,33.6,67.1,21856.67
snake_plant,43.54,33.6,67.1,21856.67
cactus,39.97,33.6,67.1,21856.67
money_plant,33.78,34.2,65.5,23236.67
snake_plant,43.47,34.2,65.5,23236.67
cactus,40.55,34.2,65.5,23236.67
money_plant,33.3,34.4,65.7,24210.83
snake_plant,43.54,34.4,65.7,24210.83
cactus,40.67,34.4,65.7,24210.83
money_plant,33.6,34.9,64.1,22806.67
snake_plant,43.54,34.9,64.1,22806.67
cactus,40.67,34.9,64.1,22806.67
money_plant,33.66,34.8,63.8,25370.0
snake_plant,43.54,34.8,63.8,25370.0
cactus,40.73,34.8,63.8,25370.0
money_plant,33.48,35.0,64.1,25460.83
snake_plant,43.35,35.0,64.1,25460.83
cactus,40.82,35.0,64.1,25460.83
money_plant,33.66,35.5,62.1,26708.33
snake_plant,43.54,35.5,62.1,26708.33
cactus,41.06,35.5,62.1,26708.33
money_plant,33.6,35.8,62.3,24332.5
snake_plant,43.44,35.8,62.3,24332.5
cactus,40.97,35.8,62.3,24332.5
money_plant,33.81,36.2,60.5,24738.33
snake_plant,45.54,36.2,60.5,24738.33
cactus,41.09,36.2,60.5,24738.33
money_plant,33.81,36.4,60.3,25945.83
snake_plant,43.47,36.4,60.3,25945.83
cactus,41.15,36.4,60.3,25945.83
money_plant,33.78,36.1,61.0,17373.33
snake_plant,43.69,36.1,61.0,17373.33
cactus,41.27,36.1,61.0,17373.33
money_plant,49.75,32.2,71.4,55.0
snake_plant,42.44,32.2,71.4,55.0
cactus,24.4,32.2,71.4,55.0
money_plant,50.19,32.3,71.3,55.0
snake_plant,41.88,32.3,71.3,55.0
cactus,24.52,32.3,71.3,55.0
money_plant,50.16,32.2,71.2,55.0
snake_plant,41.97,32.2,71.2,55.0
cactus,23.25,32.2,71.2,55.0
money_plant,50.34,32.3,71.4,55.0
snake_plant,43.07,32.3,71.4,55.0
cactus,24.8,32.3,71.4,55.0
money_plant,50.58,32.3,71.2,55.0
snake_plant,42.22,32.3,71.2,55.0
cactus,23.76,32.3,71.2,55.0
money_plant,50.73,32.3,71.3,55.0
snake_plant,41.82,32.3,71.3,55.0
cactus,24.8,32.3,71.3,55.0
money_plant,49.27,32.4,71.1,55.0
snake_plant,42.13,32.4,71.1,55.0
cactus,25.25,32.4,71.1,55.0
money_plant,50.7,32.4,71.1,55.0
cactus,25.04,32.4,71.1,55.0
money_plant,51.47,32.4,71.0,55.0
snake_plant,42.07,32.4,71.0,55.0
cactus,25.01,32.4,71.0,55.0
money_plant,50.87,32.4,70.9,55.0
snake_plant,41.6,32.4,70.9,55.0
cactus,25.22,32.4,70.9,55.0
money_plant,50.81,32.4,71.0,55.0
snake_plant,40.31,32.4,71.0,55.0
cactus,25.13,32.4,71.0,55.0
money_plant,50.79,32.4,70.8,55.0
snake_plant,42.07,32.4,70.8,55.0
cactus,25.13,32.4,70.8,55.0
money_plant,50.84,32.4,70.6,55.0
snake_plant,42.03,32.4,70.6,55.0
cactus,25.07,32.4,70.6,55.0
money_plant,50.7,32.4,70.6,55.0
snake_plant,42.07,32.4,70.6,55.0
cactus,24.95,32.4,70.6,55.0
money_plant,50.55,32.4,70.6,55.0
snake_plant,41.85,32.4,70.6,55.0
money_plant,50.55,32.4,70.5,55.0
snake_plant,42.38,32.4,70.5,55.0
cactus,24.64,32.4,70.5,55.0
money_plant,50.7,32.4,70.3,55.0
snake_plant,42.03,32.4,70.3,55.0
cactus,24.98,32.4,70.3,55.0
money_plant,50.67,32.4,70.4,55.0
snake_plant,42.16,32.4,70.4,55.0
cactus,25.07,32.4,70.4,55.0
money_plant,50.49,32.4,70.5,55.0
snake_plant,41.94,32.4,70.5,55.0
cactus,24.92,32.4,70.5,55.0
money_plant,50.31,32.4,70.9,55.0
snake_plant,41.91,32.4,70.9,55.0
money_plant,50.16,32.4,70.8,55.0
snake_plant,41.94,32.4,70.8,55.0
cactus,25.07,32.4,70.8,55.0
money_plant,50.25,32.4,70.7,55.0
snake_plant,42.03,32.4,70.7,55.0
cactus,25.22,32.4,70.7,55.0
money_plant,49.84,32.4,70.5,55.0
snake_plant,41.82,32.4,70.5,55.0
cactus,25.07,32.4,70.5,55.0
money_plant,50.04,32.4,70.6,55.0
snake_plant,41.53,32.4,70.6,55.0
cactus,25.25,32.4,70.6,55.0
money_plant,50.04,32.4,70.4,55.0
snake_plant,42.0,32.4,70.4,55.0
cactus,25.13,32.4,70.4,55.0
snake_plant,42.03,32.4,70.5,55.0
cactus,25.49,32.4,70.5,55.0
money_plant,49.99,32.4,70.5,55.0
snake_plant,42.19,32.4,70.5,55.0
cactus,25.61,32.4,70.5,55.0
money_plant,49.69,32.4,70.7,55.0
snake_plant,41.91,32.4,70.7,55.0
cactus,25.4,32.4,70.7,55.0
money_plant,49.75,32.3,71.2,55.0
snake_plant,41.88,32.3,71.2,55.0
cactus,25.68,32.3,71.2,55.0
money_plant,49.36,32.3,71.8,55.0
snake_plant,42.0,32.3,71.8,55.0
cactus,25.71,32.3,71.8,55.0
money_plant,49.33,32.2,72.1,55.0
snake_plant,41.94,32.2,72.1,55.0
cactus,25.68,32.2,72.1,55.0
money_plant,49.13,32.3,72.2,55.0
snake_plant,41.66,32.3,72.2,55.0
cactus,25.8,32.3,72.2,55.0
money_plant,49.24,32.3,72.3,55.0
snake_plant,41.63,32.3,72.3,55.0
cactus,25.92,32.3,72.3,55.0
money_plant,49.13,32.2,72.3,55.0
snake_plant,41.53,32.2,72.3,55.0
cactus,26.16,32.2,72.3,55.0
money_plant,48.59,32.2,72.3,55.0
snake_plant,41.35,32.2,72.3,55.0
cactus,26.13,32.2,72.3,55.0
money_plant,48.77,32.2,72.4,55.0
snake_plant,41.69,32.2,72.4,55.0
cactus,26.28,32.2,72.4,55.0
money_plant,49.75,32.2,72.5,55.0
snake_plant,41.41,32.2,72.5,55.0
cactus,26.13,32.2,72.5,55.0
money_plant,48.41,32.2,72.4,55.0
snake_plant,41.47,32.2,72.4,55.0
money_plant,48.33,32.2,72.5,55.0
snake_plant,41.19,32.2,72.5,55.0
cactus,26.65,32.2,72.5,55.0
money_plant,47.88,32.3,72.6,55.0
snake_plant,41.16,32.3,72.6,55.0
cactus,26.71,32.3,72.6,55.0
money_plant,45.99,32.3,72.4,55.0
snake_plant,41.31,32.3,72.4,55.0
cactus,26.53,32.3,72.4,55.0
money_plant,47.76,32.3,72.3,55.0
snake_plant,41.19,32.3,72.3,55.0
cactus,26.62,32.3,72.3,55.0
money_plant,47.7,32.3,72.2,55.0
snake_plant,41.25,32.3,72.2,55.0
cactus,26.68,32.3,72.2,55.0
money_plant,47.47,32.3,72.0,55.0
snake_plant,41.44,32.3,72.0,55.0
cactus,26.77,32.3,72.0,55.0
money_plant,47.97,32.3,71.8,55.0
snake_plant,41.19,32.3,71.8,55.0
cactus,27.1,32.3,71.8,55.0
money_plant,47.11,32.3,71.8,55.0
snake_plant,41.0,32.3,71.8,55.0
cactus,27.01,32.3,71.8,55.0
money_plant,47.32,32.3,71.6,55.0
snake_plant,42.32,32.3,71.6,55.0
cactus,27.47,32.3,71.6,55.0
money_plant,46.93,32.3,71.6,55.0
snake_plant,41.03,32.3,71.6,55.0
cactus,27.77,32.3,71.6,55.0
money_plant,46.87,32.4,71.4,55.0
snake_plant,41.0,32.4,71.4,55.0
cactus,27.74,32.4,71.4,55.0
money_plant,46.81,32.3,71.3,55.0
snake_plant,40.81,32.3,71.3,55.0
cactus,27.59,32.3,71.3,55.0
money_plant,46.49,32.3,71.2,55.0
snake_plant,41.22,32.3,71.2,55.0
cactus,28.04,32.3,71.2,55.0
money_plant,46.46,32.4,71.0,55.0
snake_plant,41.03,32.4,71.0,55.0
cactus,28.07,32.4,71.0,55.0
money_plant,46.22,32.3,71.0,55.0
snake_plant,41.03,32.3,71.0,55.0
cactus,27.65,32.3,71.0,55.0
money_plant,46.04,32.3,71.1,55.0
snake_plant,40.81,32.3,71.1,55.0
cactus,27.98,32.3,71.1,55.0
money_plant,45.9,32.3,71.2,55.0
snake_plant,40.75,32.3,71.2,55.0
cactus,28.92,32.3,71.2,55.0
money_plant,46.1,32.3,71.0,55.0
snake_plant,40.94,32.3,71.0,55.0
cactus,28.53,32.3,71.0,55.0
money_plant,45.93,32.3,71.1,55.0
snake_plant,40.69,32.3,71.1,55.0
cactus,28.1,32.3,71.1,55.0
money_plant,45.54,32.3,71.1,55.0
snake_plant,40.53,32.3,71.1,55.0
cactus,27.83,32.3,71.1,55.0
money_plant,45.63,32.3,71.2,55.0
snake_plant,40.97,32.3,71.2,55.0
cactus,28.5,32.3,71.2,55.0
money_plant,45.51,32.3,71.3,55.0
snake_plant,40.53,32.3,71.3,55.0
cactus,28.04,32.3,71.3,55.0
money_plant,45.51,32.3,71.2,55.0
snake_plant,40.88,32.3,71.2,55.0
cactus,28.16,32.3,71.2,55.0
money_plant,44.86,32.3,71.2,55.0
snake_plant,40.59,32.3,71.2,55.0
cactus,29.14,32.3,71.2,55.0
money_plant,44.74,32.3,71.3,55.0
snake_plant,40.59,32.3,71.3,55.0
cactus,29.59,32.3,71.3,55.0
money_plant,44.71,32.3,71.8,54.17
snake_plant,40.53,32.3,71.8,54.17
cactus,29.44,32.3,71.8,54.17
money_plant,44.74,32.2,71.9,54.17
snake_plant,40.53,32.2,71.9,54.17
cactus,28.95,32.2,71.9,54.17
money_plant,27.29,30.8,75.3,56.67
snake_plant,14.49,30.8,75.3,56.67
cactus,48.01,30.8,75.3,56.67
money_plant,27.76,30.8,75.1,56.67
snake_plant,14.33,30.8,75.1,56.67
cactus,47.5,30.8,75.1,56.67
money_plant,26.96,30.7,75.2,56.67
snake_plant,14.33,30.7,75.2,56.67
cactus,47.04,30.7,75.2,56.67
money_plant,26.99,30.8,75.0,56.67
snake_plant,14.21,30.8,75.0,56.67
cactus,46.62,30.8,75.0,56.67
money_plant,26.73,30.7,75.1,56.67
snake_plant,13.8,30.7,75.1,56.67
cactus,46.62,30.7,75.1,56.67
money_plant,26.19,30.8,74.9,56.67
snake_plant,13.49,30.8,74.9,56.67
cactus,46.62,30.8,74.9,56.67
money_plant,26.34,30.8,75.0,56.67
snake_plant,13.49,30.8,75.0,56.67
money_plant,25.84,30.8,75.0,56.67
snake_plant,12.96,30.8,75.0,56.67
cactus,45.71,30.8,75.0,56.67
money_plant,25.72,30.8,74.8,57.5
snake_plant,13.58,30.8,74.8,57.5
cactus,45.83,30.8,74.8,57.5
money_plant,26.1,30.8,75.0,57.5
snake_plant,13.05,30.8,75.0,57.5
cactus,46.62,30.8,75.0,57.5
money_plant,25.84,30.8,75.0,57.5
snake_plant,13.27,30.8,75.0,57.5
cactus,45.68,30.8,75.0,57.5
money_plant,25.84,30.7,75.2,56.67
snake_plant,13.18,30.7,75.2,56.67
cactus,46.62,30.7,75.2,56.67
money_plant,25.75,30.8,75.1,56.67
snake_plant,12.52,30.8,75.1,56.67
cactus,46.62,30.8,75.1,56.67
money_plant,25.51,30.7,75.0,56.67
snake_plant,12.83,30.7,75.0,56.67
cactus,46.62,30.7,75.0,56.67
money_plant,25.75,30.8,74.9,56.67
snake_plant,12.9,30.8,74.9,56.67
cactus,45.43,30.8,74.9,56.67
money_plant,25.1,30.8,75.1,56.67
snake_plant,12.43,30.8,75.1,56.67
cactus,45.49,30.8,75.1,56.67
money_plant,25.19,30.8,74.8,56.67
snake_plant,12.43,30.8,74.8,56.67
cactus,45.83,30.8,74.8,56.67
money_plant,25.48,30.8,74.9,56.67
snake_plant,12.3,30.8,74.9,56.67
cactus,45.58,30.8,74.9,56.67
money_plant,24.98,30.8,74.9,56.67
snake_plant,12.18,30.8,74.9,56.67
cactus,45.8,30.8,74.9,56.67
money_plant,24.24,30.8,74.9,56.67
snake_plant,12.05,30.8,74.9,56.67
cactus,45.77,30.8,74.9,56.67
money_plant,27.61,30.8,74.7,56.67
snake_plant,12.3,30.8,74.7,56.67
cactus,45.83,30.8,74.7,56.67
money_plant,24.77,30.8,74.9,56.67
snake_plant,12.46,30.8,74.9,56.67
cactus,45.89,30.8,74.9,56.67
money_plant,25.01,30.8,74.7,56.67
snake_plant,12.52,30.8,74.7,56.67
cactus,46.62,30.8,74.7,56.67
money_plant,24.44,30.8,74.7,56.67
snake_plant,12.18,30.8,74.7,56.67
cactus,45.89,30.8,74.7,56.67
money_plant,24.09,30.9,74.6,55.0
snake_plant,11.58,30.9,74.6,55.0
cactus,46.62,30.9,74.6,55.0
money_plant,23.35,30.9,74.6,55.0
snake_plant,12.46,30.9,74.6,55.0
cactus,45.92,30.9,74.6,55.0
money_plant,24.44,30.9,74.9,55.0
snake_plant,11.46,30.9,74.9,55.0
cactus,46.62,30.9,74.9,55.0
money_plant,24.71,30.9,74.9,0.0
snake_plant,12.02,30.9,74.9,0.0
cactus,46.62,30.9,74.9,0.0
money_plant,24.3,30.9,74.6,0.0
snake_plant,11.49,30.9,74.6,0.0
cactus,46.62,30.9,74.6,0.0
money_plant,24.3,30.9,74.5,0.0
snake_plant,11.89,30.9,74.5,0.0
cactus,46.62,30.9,74.5,0.0
money_plant,24.12,30.9,74.6,0.0
snake_plant,11.11,30.9,74.6,0.0
money_plant,24.33,30.9,74.6,0.0
snake_plant,11.99,30.9,74.6,0.0
money_plant,24.0,30.9,74.6,0.0
snake_plant,10.95,30.9,74.6,0.0
money_plant,24.41,30.9,74.6,0.0
money_plant,24.15,30.8,74.7,0.0
snake_plant,11.46,30.8,74.7,0.0
cactus,46.62,30.8,74.7,0.0
money_plant,23.76,30.8,74.5,0.0
snake_plant,11.17,30.8,74.5,0.0
cactus,46.62,30.8,74.5,0.0
money_plant,23.7,30.8,74.6,0.0
snake_plant,11.27,30.8,74.6,0.0
cactus,47.25,30.8,74.6,0.0
money_plant,24.12,30.8,74.7,0.0
snake_plant,11.3,30.8,74.7,0.0
cactus,47.07,30.8,74.7,0.0
snake_plant,11.02,30.8,74.6,0.0
cactus,47.07,30.8,74.6,0.0
money_plant,23.82,30.8,74.5,0.0
snake_plant,10.7,30.8,74.5,0.0
cactus,47.25,30.8,74.5,0.0
money_plant,23.94,30.8,74.6,0.0
snake_plant,11.33,30.8,74.6,0.0
cactus,47.95,30.8,74.6,0.0
money_plant,23.73,30.8,74.7,0.0
snake_plant,10.89,30.8,74.7,0.0
cactus,48.16,30.8,74.7,0.0
money_plant,23.5,30.8,74.6,0.0
snake_plant,10.92,30.8,74.6,0.0
cactus,49.07,30.8,74.6,0.0
money_plant,24.36,30.7,74.7,0.0
snake_plant,10.8,30.7,74.7,0.0
cactus,49.1,30.7,74.7,0.0
money_plant,23.59,30.7,74.6,0.0
snake_plant,10.99,30.7,74.6,0.0
cactus,48.59,30.7,74.6,0.0
money_plant,20.71,30.7,74.7,0.0
snake_plant,11.3,30.7,74.7,0.0
cactus,48.32,30.7,74.7,0.0
money_plant,23.41,30.7,74.5,0.0
snake_plant,10.86,30.7,74.5,0.0
cactus,48.98,30.7,74.5,0.0
snake_plant,10.52,30.7,74.6,0.0
cactus,49.98,30.7,74.6,0.0
money_plant,23.41,30.7,74.4,0.0
snake_plant,10.49,30.7,74.4,0.0
cactus,49.1,30.7,74.4,0.0
money_plant,23.53,30.7,74.5,0.0
snake_plant,11.02,30.7,74.5,0.0
cactus,50.56,30.7,74.5,0.0
money_plant,24.06,30.7,74.6,0.0
snake_plant,10.77,30.7,74.6,0.0
cactus,49.44,30.7,74.6,0.0
money_plant,23.7,30.7,74.5,0.0
snake_plant,10.89,30.7,74.5,0.0
cactus,49.17,30.7,74.5,0.0
money_plant,23.29,30.7,74.6,0.0
cactus,49.04,30.7,74.6,0.0
money_plant,23.14,30.7,74.6,0.0
cactus,49.83,30.7,74.6,0.0
money_plant,24.15,30.7,74.5,0.0
snake_plant,10.8,30.7,74.5,0.0
cactus,49.41,30.7,74.5,0.0
money_plant,23.17,30.7,74.5,0.0
snake_plant,10.77,30.7,74.5,0.0
cactus,49.98,30.7,74.5,0.0
money_plant,23.02,30.7,74.5,0.0
snake_plant,10.52,30.7,74.5,0.0
cactus,50.2,30.7,74.5,0.0
money_plant,23.2,30.7,74.5,0.0
snake_plant,10.55,30.7,74.5,0.0
cactus,50.38,30.7,74.5,0.0
snake_plant,10.36,30.7,74.5,0.0
cactus,50.74,30.7,74.5,0.0
money_plant,23.11,30.7,74.4,0.0
snake_plant,10.89,30.7,74.4,0.0
cactus,52.05,30.7,74.4,0.0
money_plant,22.9,30.7,74.5,0.0
snake_plant,10.27,30.7,74.5,0.0
cactus,52.5,30.7,74.5,0.0
money_plant,23.2,30.7,74.6,0.0
snake_plant,11.08,30.7,74.6,0.0
cactus,52.44,30.7,74.6,0.0
money_plant,22.99,30.7,74.4,0.0
snake_plant,10.52,30.7,74.4,0.0
cactus,52.38,30.7,74.4,0.0
money_plant,22.87,30.6,74.4,0.0
snake_plant,10.58,30.6,74.4,0.0
cactus,52.35,30.6,74.4,0.0
money_plant,22.9,30.6,74.4,0.0
snake_plant,9.8,30.6,74.4,0.0
cactus,52.08,30.6,74.4,0.0
money_plant,22.76,30.7,74.4,0.0
cactus,51.9,30.7,74.4,0.0
money_plant,23.23,30.6,74.5,0.0
snake_plant,10.58,30.6,74.5,0.0
cactus,51.93,30.6,74.5,0.0
money_plant,22.96,30.6,74.4,0.0
snake_plant,10.49,30.6,74.4,0.0
cactus,51.53,30.6,74.4,0.0
money_plant,23.05,30.6,74.5,0.0
snake_plant,10.49,30.6,74.5,0.0
cactus,51.2,30.6,74.5,0.0
money_plant,22.81,30.6,74.5,0.0
snake_plant,10.39,30.6,74.5,0.0
cactus,50.93,30.6,74.5,0.0
money_plant,22.73,30.6,74.4,0.0
snake_plant,10.3,30.6,74.4,0.0
cactus,51.14,30.6,74.4,0.0
money_plant,23.2,30.6,74.5,0.0
cactus,51.29,30.6,74.5,0.0
snake_plant,9.58,30.6,74.4,0.0
cactus,51.23,30.6,74.4,0.0
money_plant,23.02,30.6,74.5,0.0
snake_plant,10.23,30.6,74.5,0.0
cactus,51.81,30.6,74.5,0.0
money_plant,22.79,30.6,74.3,0.0
snake_plant,10.39,30.6,74.3,0.0
cactus,51.71,30.6,74.3,0.0
money_plant,23.2,30.6,74.4,0.0
snake_plant,10.55,30.6,74.4,0.0
cactus,51.59,30.6,74.4,0.0
money_plant,22.76,30.6,74.4,0.0
snake_plant,10.14,30.6,74.4,0.0
cactus,51.71,30.6,74.4,0.0
money_plant,22.64,30.6,74.2,0.0
snake_plant,10.49,30.6,74.2,0.0
cactus,51.38,30.6,74.2,0.0
money_plant,22.84,30.6,74.4,0.0
snake_plant,10.27,30.6,74.4,0.0
cactus,51.5,30.6,74.4,0.0
money_plant,22.64,30.6,74.4,0.0
snake_plant,10.2,30.6,74.4,0.0
cactus,51.26,30.6,74.4,0.0
money_plant,22.81,30.5,74.3,0.0
snake_plant,10.27,30.5,74.3,0.0
cactus,50.99,30.5,74.3,0.0
money_plant,22.43,30.5,74.4,0.0
snake_plant,9.89,30.5,74.4,0.0
cactus,50.96,30.5,74.4,0.0
money_plant,22.99,30.5,74.4,0.0
snake_plant,10.14,30.5,74.4,0.0
cactus,50.74,30.5,74.4,0.0
money_plant,22.73,30.5,74.2,0.0
snake_plant,10.02,30.5,74.2,0.0
cactus,50.93,30.5,74.2,0.0
money_plant,22.52,30.5,74.1,0.0
snake_plant,9.86,30.5,74.1,0.0
cactus,51.29,30.5,74.1,0.0
money_plant,22.4,30.5,74.4,0.0
snake_plant,9.55,30.5,74.4,0.0
cactus,51.9,30.5,74.4,0.0
money_plant,22.4,30.5,74.3,0.0
snake_plant,9.8,30.5,74.3,0.0
cactus,51.62,30.5,74.3,0.0
money_plant,22.67,30.5,74.2,0.0
snake_plant,9.64,30.5,74.2,0.0
cactus,51.87,30.5,74.2,0.0
money_plant,22.4,30.5,74.2,0.0
snake_plant,8.45,30.5,74.2,0.0
cactus,51.81,30.5,74.2,0.0
money_plant,22.7,30.5,74.3,0.0
snake_plant,9.45,30.5,74.3,0.0
cactus,51.26,30.5,74.3,0.0
money_plant,22.25,30.5,74.4,0.0
snake_plant,9.48,30.5,74.4,0.0
cactus,51.38,30.5,74.4,0.0
money_plant,22.58,30.5,74.2,0.0
snake_plant,9.51,30.5,74.2,0.0
cactus,50.99,30.5,74.2,0.0
money_plant,22.55,30.5,74.2,0.0
snake_plant,9.23,30.5,74.2,0.0
cactus,51.11,30.5,74.2,0.0
money_plant,22.31,30.5,74.2,0.0
snake_plant,9.45,30.5,74.2,0.0
cactus,50.41,30.5,74.2,0.0
snake_plant,9.48,30.5,74.2,0.0
cactus,50.2,30.5,74.2,0.0
money_plant,23.35,30.5,74.2,0.0
snake_plant,9.55,30.5,74.2,0.0
cactus,50.08,30.5,74.2,0.0
money_plant,22.25,30.5,74.2,0.0
snake_plant,9.42,30.5,74.2,0.0
cactus,51.62,30.5,74.2,0.0
money_plant,22.13,30.5,74.3,0.0
snake_plant,8.79,30.5,74.3,0.0
cactus,50.47,30.5,74.3,0.0
money_plant,22.19,30.5,74.2,0.0
snake_plant,8.64,30.5,74.2,0.0
cactus,49.98,30.5,74.2,0.0
snake_plant,9.01,30.5,74.2,0.0
cactus,49.8,30.5,74.2,0.0
money_plant,22.07,30.5,74.2,0.0
snake_plant,8.95,30.5,74.2,0.0
cactus,49.77,30.5,74.2,0.0
snake_plant,9.26,30.5,74.2,0.0
cactus,49.95,30.5,74.2,0.0
money_plant,22.25,30.5,74.3,0.0
snake_plant,9.26,30.5,74.3,0.0
cactus,49.86,30.5,74.3,0.0
money_plant,22.43,30.5,74.1,0.0
snake_plant,9.48,30.5,74.1,0.0
cactus,50.02,30.5,74.1,0.0
snake_plant,8.98,30.5,74.2,0.0
cactus,51.38,30.5,74.2,0.0
money_plant,22.4,30.5,74.1,0.0
snake_plant,9.2,30.5,74.1,0.0
cactus,49.98,30.5,74.1,0.0
money_plant,22.1,30.4,74.2,0.0
snake_plant,9.42,30.4,74.2,0.0
cactus,49.98,30.4,74.2,0.0
money_plant,22.34,30.5,74.1,0.0
snake_plant,9.61,30.5,74.1,0.0
money_plant,22.19,30.5,74.1,0.0
snake_plant,8.89,30.5,74.1,0.0
cactus,49.95,30.5,74.1,0.0
money_plant,22.19,30.5,74.0,0.0
snake_plant,8.98,30.5,74.0,0.0
cactus,49.83,30.5,74.0,0.0
money_plant,22.22,30.5,74.1,0.0
snake_plant,9.08,30.5,74.1,0.0
cactus,50.29,30.5,74.1,0.0
money_plant,22.25,30.4,74.2,0.0
snake_plant,9.08,30.4,74.2,0.0
money_plant,20.56,30.5,74.1,0.0
snake_plant,8.42,30.5,74.1,0.0
cactus,50.14,30.5,74.1,0.0
money_plant,21.63,30.5,74.2,0.0
snake_plant,8.48,30.5,74.2,0.0
cactus,50.05,30.5,74.2,0.0
money_plant,22.07,30.4,74.1,0.0
snake_plant,8.48,30.4,74.1,0.0
cactus,50.14,30.4,74.1,0.0
money_plant,22.1,30.4,74.0,0.0
snake_plant,8.95,30.4,74.0,0.0
cactus,50.26,30.4,74.0,0.0
money_plant,22.16,30.4,74.1,0.0
snake_plant,9.05,30.4,74.1,0.0
cactus,50.2,30.4,74.1,0.0
money_plant,21.99,30.5,74.1,0.0
snake_plant,8.54,30.5,74.1,0.0
cactus,50.2,30.5,74.1,0.0
money_plant,22.19,30.5,73.9,0.0
snake_plant,8.98,30.5,73.9,0.0
cactus,50.26,30.5,73.9,0.0
snake_plant,8.76,30.5,74.2,0.0
cactus,50.26,30.5,74.2,0.0
money_plant,21.93,30.4,74.0,0.0
snake_plant,8.48,30.4,74.0,0.0
cactus,50.38,30.4,74.0,0.0
money_plant,21.84,30.4,74.1,0.0
snake_plant,8.64,30.4,74.1,0.0
cactus,50.29,30.4,74.1,0.0
snake_plant,8.45,30.4,74.2,0.0
cactus,50.17,30.4,74.2,0.0
snake_plant,8.54,30.4,74.1,0.0
cactus,50.11,30.4,74.1,0.0
cactus,50.26,30.4,74.1,0.0
money_plant,21.96,30.4,74.1,0.0
snake_plant,8.83,30.4,74.1,0.0
cactus,50.17,30.4,74.1,0.0
money_plant,21.78,30.4,74.1,0.0
snake_plant,8.76,30.4,74.1,0.0
cactus,49.95,30.4,74.1,0.0
cactus,50.17,30.4,74.0,0.0
money_plant,21.81,30.4,73.9,0.0
snake_plant,8.45,30.4,73.9,0.0
cactus,50.14,30.4,73.9,0.0
money_plant,22.04,30.4,73.9,0.0
snake_plant,8.7,30.4,73.9,0.0
cactus,49.98,30.4,73.9,0.0
money_plant,21.93,30.4,74.1,0.0
snake_plant,8.42,30.4,74.1,0.0
cactus,49.98,30.4,74.1,0.0
money_plant,21.75,30.4,74.2,0.0
snake_plant,10.58,30.4,74.2,0.0
cactus,50.02,30.4,74.2,0.0
money_plant,21.9,30.4,74.1,0.0
snake_plant,7.95,30.4,74.1,0.0
money_plant,21.81,30.4,74.1,0.0
snake_plant,8.58,30.4,74.1,0.0
money_plant,18.67,30.5,74.0,0.0
snake_plant,8.42,30.5,74.0,0.0
cactus,50.5,30.5,74.0,0.0
cactus,50.44,30.4,74.1,0.0
money_plant,21.75,30.4,74.1,0.0
cactus,51.08,30.4,74.1,0.0
snake_plant,5.45,30.4,74.1,0.0
cactus,50.02,30.4,74.1,0.0
money_plant,21.84,30.4,74.0,0.0
cactus,49.8,30.4,74.0,0.0
money_plant,21.99,30.4,74.0,0.0
cactus,49.32,30.4,74.0,0.0
money_plant,21.3,30.4,74.0,0.0
snake_plant,7.76,30.4,74.0,0.0
cactus,49.38,30.4,74.0,0.0
money_plant,21.54,30.4,74.1,0.0
cactus,50.9,30.4,74.1,0.0
money_plant,21.6,30.4,74.0,0.0
snake_plant,8.29,30.4,74.0,0.0
cactus,50.99,30.4,74.0,0.0
snake_plant,8.14,30.4,74.1,0.0
cactus,50.96,30.4,74.1,0.0
money_plant,21.33,30.4,74.1,0.0
snake_plant,8.26,30.4,74.1,0.0
money_plant,21.36,30.3,73.9,0.0
snake_plant,8.39,30.3,73.9,0.0
cactus,50.93,30.3,73.9,0.0
money_plant,21.63,30.3,74.1,0.0
snake_plant,8.17,30.3,74.1,0.0
cactus,50.68,30.3,74.1,0.0
money_plant,21.81,30.3,74.0,0.0
snake_plant,8.48,30.3,74.0,0.0
cactus,49.98,30.3,74.0,0.0
money_plant,21.3,30.3,74.2,0.0
snake_plant,15.49,30.3,74.2,0.0
cactus,49.56,30.3,74.2,0.0
money_plant,21.24,30.3,74.1,0.0
snake_plant,8.01,30.3,74.1,0.0
cactus,49.32,30.3,74.1,0.0
money_plant,21.3,30.3,74.1,0.0
snake_plant,7.98,30.3,74.1,0.0
cactus,49.5,30.3,74.1,0.0
money_plant,22.04,30.3,74.0,0.0
snake_plant,8.36,30.3,74.0,0.0
cactus,49.04,30.3,74.0,0.0
money_plant,22.07,30.3,74.1,0.0
snake_plant,8.14,30.3,74.1,0.0
cactus,50.08,30.3,74.1,0.0
money_plant,21.39,30.2,74.1,0.0
snake_plant,8.51,30.2,74.1,0.0
cactus,49.47,30.2,74.1,0.0
money_plant,21.87,30.2,74.1,0.0
snake_plant,7.76,30.2,74.1,0.0
cactus,49.07,30.2,74.1,0.0
money_plant,21.45,30.2,74.1,0.0
snake_plant,8.01,30.2,74.1,0.0
cactus,49.01,30.2,74.1,0.0
money_plant,18.4,30.3,74.1,0.0
snake_plant,7.92,30.3,74.1,0.0
cactus,49.01,30.3,74.1,0.0
money_plant,21.48,30.2,74.0,0.0
snake_plant,7.82,30.2,74.0,0.0
cactus,49.2,30.2,74.0,0.0
money_plant,21.63,30.2,74.3,0.0
snake_plant,7.54,30.2,74.3,0.0
cactus,49.07,30.2,74.3,0.0
money_plant,17.78,30.2,74.2,0.0
snake_plant,8.51,30.2,74.2,0.0
cactus,48.47,30.2,74.2,0.0
money_plant,21.57,30.2,74.1,0.0
snake_plant,7.7,30.2,74.1,0.0
cactus,48.56,30.2,74.1,0.0
money_plant,21.78,30.2,74.2,0.0
snake_plant,6.92,30.2,74.2,0.0
cactus,48.8,30.2,74.2,0.0
money_plant,21.36,30.1,74.2,0.0
snake_plant,7.48,30.1,74.2,0.0
cactus,48.83,30.1,74.2,0.0
money_plant,21.24,30.1,74.1,0.0
snake_plant,8.14,30.1,74.1,0.0
cactus,49.32,30.1,74.1,0.0
money_plant,21.27,30.1,74.2,0.0
snake_plant,7.76,30.1,74.2,0.0
cactus,49.35,30.1,74.2,0.0
money_plant,21.21,30.1,74.2,0.0
cactus,49.07,30.1,74.2,0.0
money_plant,21.3,30.1,74.2,0.0
snake_plant,7.04,30.1,74.2,0.0
cactus,49.01,30.1,74.2,0.0
money_plant,21.57,30.1,74.2,0.0
snake_plant,9.45,30.1,74.2,0.0
money_plant,21.84,30.1,74.2,0.0
snake_plant,7.92,30.1,74.2,0.0
cactus,48.92,30.1,74.2,0.0
money_plant,21.33,30.1,74.1,0.0
snake_plant,8.01,30.1,74.1,0.0
cactus,49.04,30.1,74.1,0.0
money_plant,21.27,30.1,74.1,0.0
snake_plant,7.64,30.1,74.1,0.0
cactus,48.71,30.1,74.1,0.0
snake_plant,7.42,30.1,74.2,0.0
cactus,49.14,30.1,74.2,0.0
money_plant,21.27,30.1,74.3,0.0
snake_plant,7.48,30.1,74.3,0.0
cactus,49.32,30.1,74.3,0.0
snake_plant,7.45,30.1,74.2,0.0
cactus,49.41,30.1,74.2,0.0
money_plant,21.1,30.1,74.1,0.0
snake_plant,7.61,30.1,74.1,0.0
cactus,49.07,30.1,74.1,0.0
snake_plant,7.82,30.1,74.2,0.0
money_plant,21.33,30.1,73.9,0.0
snake_plant,7.14,30.1,73.9,0.0
cactus,49.23,30.1,73.9,0.0
money_plant,21.96,30.1,74.0,0.0
snake_plant,7.64,30.1,74.0,0.0
cactus,48.89,30.1,74.0,0.0
money_plant,21.45,30.1,74.1,0.0
snake_plant,7.48,30.1,74.1,0.0
cactus,48.65,30.1,74.1,0.0
money_plant,21.39,30.1,74.1,0.0
snake_plant,7.7,30.1,74.1,0.0
cactus,51.62,30.1,74.1,0.0
snake_plant,7.79,30.2,74.1,0.0
cactus,48.38,30.2,74.1,0.0
money_plant,21.16,30.2,74.0,0.0
snake_plant,7.42,30.2,74.0,0.0
cactus,48.38,30.2,74.0,0.0
money_plant,21.36,30.2,74.0,0.0
snake_plant,7.54,30.2,74.0,0.0
money_plant,21.16,30.1,74.1,0.0
snake_plant,7.26,30.1,74.1,0.0
cactus,48.5,30.1,74.1,0.0
money_plant,21.3,30.2,74.0,0.0
snake_plant,7.39,30.2,74.0,0.0
cactus,48.1,30.2,74.0,0.0
money_plant,21.19,30.2,73.9,0.0
snake_plant,7.26,30.2,73.9,0.0
cactus,48.19,30.2,73.9,0.0
money_plant,20.65,30.2,73.9,0.0
snake_plant,7.48,30.2,73.9,0.0
cactus,48.07,30.2,73.9,0.0
money_plant,21.1,30.2,73.9,0.0
snake_plant,7.42,30.2,73.9,0.0
cactus,48.13,30.2,73.9,0.0
money_plant,21.33,30.2,74.1,0.0
snake_plant,6.79,30.2,74.1,0.0
money_plant,20.92,30.2,73.9,0.0
snake_plant,7.07,30.2,73.9,0.0
cactus,47.95,30.2,73.9,0.0
money_plant,20.74,30.2,73.9,0.0
snake_plant,6.57,30.2,73.9,0.0
snake_plant,7.45,30.2,74.0,0.0
cactus,48.01,30.2,74.0,0.0
money_plant,21.3,30.2,73.9,0.0
cactus,48.04,30.2,73.9,0.0
money_plant,21.3,30.2,73.8,0.0
snake_plant,7.29,30.2,73.8,0.0
cactus,48.13,30.2,73.8,0.0
money_plant,21.21,30.1,73.8,0.0
snake_plant,6.82,30.1,73.8,0.0
cactus,48.13,30.1,73.8,0.0
money_plant,21.13,30.1,73.9,0.0
snake_plant,7.2,30.1,73.9,0.0
cactus,48.07,30.1,73.9,0.0
money_plant,20.8,30.1,73.9,0.0
snake_plant,6.7,30.1,73.9,0.0
cactus,48.04,30.1,73.9,0.0
snake_plant,7.2,30.2,73.8,0.0
cactus,48.04,30.2,73.8,0.0
snake_plant,6.85,30.1,73.9,0.0
money_plant,20.68,30.2,73.9,0.0
snake_plant,7.51,30.2,73.9,0.0
money_plant,20.74,30.2,74.0,0.0
snake_plant,6.92,30.2,74.0,0.0
money_plant,17.81,30.2,73.9,0.0
snake_plant,7.39,30.2,73.9,0.0
cactus,47.89,30.2,73.9,0.0
money_plant,20.83,30.2,73.9,0.0
snake_plant,6.13,30.2,73.9,0.0
money_plant,20.56,30.2,74.0,0.0
snake_plant,6.95,30.2,74.0,0.0
cactus,48.04,30.2,74.0,0.0
money_plant,21.24,30.2,74.0,0.0
snake_plant,6.01,30.2,74.0,0.0
money_plant,20.8,30.2,73.8,0.0
snake_plant,6.48,30.2,73.8,0.0
cactus,48.95,30.2,73.8,0.0
money_plant,20.95,30.2,73.8,0.0
snake_plant,6.82,30.2,73.8,0.0
cactus,49.71,30.2,73.8,0.0
money_plant,20.89,30.2,73.8,0.0
snake_plant,6.57,30.2,73.8,0.0
cactus,49.74,30.2,73.8,0.0
money_plant,20.71,30.2,73.8,0.0
snake_plant,6.51,30.2,73.8,0.0
cactus,49.83,30.2,73.8,0.0
money_plant,21.24,30.2,73.8,0.0
snake_plant,7.1,30.2,73.8,0.0
cactus,49.47,30.2,73.8,0.0
snake_plant,6.85,30.2,73.8,0.0
cactus,49.32,30.2,73.8,0.0
snake_plant,6.35,30.2,73.9,0.0
cactus,49.04,30.2,73.9,0.0
money_plant,20.86,30.2,73.8,0.0
cactus,49.01,30.2,73.8,0.0
money_plant,21.04,30.2,73.7,0.0
snake_plant,6.42,30.2,73.7,0.0
cactus,49.01,30.2,73.7,0.0
snake_plant,6.45,30.2,73.8,0.0
cactus,49.1,30.2,73.8,0.0
money_plant,20.98,30.2,73.8,0.0
snake_plant,6.98,30.2,73.8,0.0
cactus,49.53,30.2,73.8,0.0
snake_plant,6.42,30.2,73.9,0.0
cactus,49.5,30.2,73.9,0.0
money_plant,20.98,30.2,74.0,0.0
snake_plant,6.57,30.2,74.0,0.0
cactus,49.29,30.2,74.0,0.0
money_plant,21.16,30.2,73.8,0.0
money_plant,21.63,30.2,73.8,0.0
snake_plant,6.04,30.2,73.8,0.0
cactus,48.8,30.2,73.8,0.0
cactus,48.86,30.2,73.8,0.0
snake_plant,6.26,30.2,73.9,0.0
cactus,48.56,30.2,73.9,0.0
money_plant,20.92,30.2,73.7,0.0
snake_plant,6.54,30.2,73.7,0.0
cactus,48.07,30.2,73.7,0.0
money_plant,20.74,30.2,73.7,0.0
snake_plant,6.45,30.2,73.7,0.0
cactus,48.32,30.2,73.7,0.0
money_plant,20.83,30.2,73.8,0.0
cactus,48.38,30.2,73.8,0.0
money_plant,20.86,30.2,73.9,0.0
snake_plant,6.2,30.2,73.9,0.0
cactus,48.5,30.2,73.9,0.0
money_plant,21.01,30.2,73.7,0.0
snake_plant,6.48,30.2,73.7,0.0
cactus,48.59,30.2,73.7,0.0
money_plant,20.62,30.1,73.8,0.0
snake_plant,6.26,30.1,73.8,0.0
cactus,47.89,30.1,73.8,0.0
money_plant,21.16,30.2,73.7,0.0
snake_plant,6.82,30.2,73.7,0.0
cactus,48.8,30.2,73.7,0.0
money_plant,20.86,30.2,73.7,0.0
snake_plant,6.35,30.2,73.7,0.0
cactus,48.71,30.2,73.7,0.0
money_plant,20.65,30.2,73.6,0.0
snake_plant,7.76,30.2,73.6,0.0
cactus,49.07,30.2,73.6,0.0
money_plant,20.8,30.2,73.7,0.0
cactus,49.1,30.2,73.7,0.0
snake_plant,6.7,30.2,73.7,0.0
cactus,49.53,30.2,73.7,0.0
money_plant,20.77,30.2,73.8,0.0
snake_plant,6.2,30.2,73.8,0.0
cactus,48.83,30.2,73.8,0.0
money_plant,20.5,30.1,73.8,0.0
snake_plant,6.35,30.1,73.8,0.0
cactus,48.53,30.1,73.8,0.0
snake_plant,6.64,30.2,73.8,0.0
cactus,48.68,30.2,73.8,0.0
money_plant,20.53,30.2,73.9,0.0
snake_plant,6.45,30.2,73.9,0.0
cactus,48.83,30.2,73.9,0.0
money_plant,21.13,30.2,73.8,0.0
snake_plant,6.42,30.2,73.8,0.0
cactus,48.71,30.2,73.8,0.0
money_plant,20.5,30.2,73.8,0.0
snake_plant,6.35,30.2,73.8,0.0
cactus,48.53,30.2,73.8,0.0
snake_plant,6.13,30.2,73.8,0.0
cactus,48.41,30.2,73.8,0.0
money_plant,20.41,30.2,73.9,0.0
snake_plant,5.76,30.2,73.9,0.0
money_plant,20.36,30.1,73.8,0.0
snake_plant,6.01,30.1,73.8,0.0
cactus,48.62,30.1,73.8,0.0
money_plant,20.44,30.2,73.7,0.0
snake_plant,6.13,30.2,73.7,0.0
money_plant,20.33,30.2,73.8,0.0
snake_plant,5.79,30.2,73.8,0.0
cactus,48.47,30.2,73.8,0.0
money_plant,20.39,30.1,73.8,0.0
snake_plant,5.48,30.1,73.8,0.0
cactus,48.01,30.1,73.8,0.0
money_plant,20.83,30.1,73.8,0.0
snake_plant,6.13,30.1,73.8,0.0
money_plant,20.65,30.1,73.7,0.0
snake_plant,5.98,30.1,73.7,0.0
cactus,47.59,30.1,73.7,0.0
snake_plant,5.67,30.2,73.8,0.0
cactus,47.56,30.2,73.8,0.0
money_plant,20.41,30.1,73.8,0.0
cactus,47.92,30.1,73.8,0.0
money_plant,20.56,30.1,73.7,0.0
snake_plant,5.45,30.1,73.7,0.0
cactus,47.92,30.1,73.7,0.0
money_plant,20.92,30.2,73.8,0.0
snake_plant,5.98,30.2,73.8,0.0
cactus,47.53,30.2,73.8,0.0
money_plant,20.5,30.2,73.7,0.0
snake_plant,5.16,30.2,73.7,0.0
cactus,47.41,30.2,73.7,0.0
money_plant,20.68,30.2,73.7,0.0
snake_plant,6.26,30.2,73.7,0.0
money_plant,20.53,30.1,73.7,0.0
cactus,47.44,30.1,73.7,0.0
money_plant,20.36,30.1,73.7,0.0
snake_plant,5.82,30.1,73.7,0.0
cactus,47.22,30.1,73.7,0.0
money_plant,20.74,30.2,73.8,0.0
snake_plant,6.07,30.2,73.8,0.0
cactus,47.25,30.2,73.8,0.0
money_plant,20.36,30.2,73.8,0.0
snake_plant,5.45,30.2,73.8,0.0
cactus,47.22,30.2,73.8,0.0
snake_plant,6.1,30.2,73.7,0.0
cactus,47.19,30.2,73.7,0.0
snake_plant,5.63,30.2,73.7,0.0
cactus,47.13,30.2,73.7,0.0
money_plant,20.47,30.1,73.7,0.0
snake_plant,6.26,30.1,73.7,0.0
cactus,47.5,30.1,73.7,0.0
snake_plant,5.29,30.1,73.8,0.0
cactus,47.13,30.1,73.8,0.0
money_plant,20.41,30.2,73.7,0.0
snake_plant,5.54,30.2,73.7,0.0
cactus,47.16,30.2,73.7,0.0
money_plant,20.44,30.2,73.6,0.0
snake_plant,5.67,30.2,73.6,0.0
cactus,47.28,30.2,73.6,0.0
money_plant,20.41,30.1,73.7,0.0
snake_plant,5.48,30.1,73.7,0.0
cactus,47.1,30.1,73.7,0.0
money_plant,20.53,30.2,73.7,0.0
snake_plant,4.98,30.2,73.7,0.0
cactus,47.07,30.2,73.7,0.0
money_plant,20.44,30.1,73.8,0.0
cactus,47.07,30.1,73.8,0.0
money_plant,20.36,30.1,73.6,0.0
snake_plant,5.6,30.1,73.6,0.0
cactus,47.77,30.1,73.6,0.0
money_plant,20.56,30.1,73.6,0.0
snake_plant,7.48,30.1,73.6,0.0
cactus,47.86,30.1,73.6,0.0
money_plant,20.39,30.1,73.7,0.0
snake_plant,5.29,30.1,73.7,0.0
money_plant,20.74,30.1,73.7,0.0
cactus,47.34,30.1,73.7,0.0
money_plant,20.33,30.1,73.8,0.0
money_plant,20.15,30.1,73.6,0.0
snake_plant,5.38,30.1,73.6,0.0
cactus,46.62,30.1,73.6,0.0
snake_plant,5.01,30.1,73.6,0.0
cactus,47.07,30.1,73.6,0.0
snake_plant,5.32,30.1,73.7,0.0
cactus,47.07,30.1,73.7,0.0
money_plant,20.5,30.1,73.7,0.0
snake_plant,5.13,30.1,73.7,0.0
money_plant,20.27,30.1,73.8,0.0
snake_plant,5.16,30.1,73.8,0.0
money_plant,21.01,30.1,73.6,0.0
snake_plant,5.16,30.1,73.6,0.0
cactus,47.34,30.1,73.6,0.0
money_plant,20.44,30.1,73.6,0.0
snake_plant,5.48,30.1,73.6,0.0
cactus,47.22,30.1,73.6,0.0
money_plant,20.39,30.1,73.6,0.0
snake_plant,5.7,30.1,73.6,0.0
cactus,47.37,30.1,73.6,0.0
cactus,47.71,30.1,73.6,0.0
snake_plant,5.76,30.1,73.7,0.0
cactus,48.04,30.1,73.7,0.0
snake_plant,4.88,30.1,73.6,0.0
cactus,48.47,30.1,73.6,0.0
snake_plant,5.35,30.1,73.6,0.0
cactus,48.53,30.1,73.6,0.0
snake_plant,4.79,30.1,73.8,0.0
money_plant,20.06,30.0,73.6,0.0
snake_plant,5.04,30.0,73.6,0.0
cactus,48.86,30.0,73.6,0.0
money_plant,20.68,30.1,73.6,0.0
snake_plant,5.82,30.1,73.6,0.0
cactus,49.8,30.1,73.6,0.0
money_plant,20.36,30.0,73.7,0.0
snake_plant,5.26,30.0,73.7,0.0
cactus,48.74,30.0,73.7,0.0
snake_plant,4.91,30.1,73.7,0.0
cactus,48.92,30.1,73.7,0.0
money_plant,20.06,30.1,73.6,0.0
snake_plant,4.32,30.1,73.6,0.0
cactus,48.62,30.1,73.6,0.0
money_plant,20.03,30.1,73.7,0.0
snake_plant,4.82,30.1,73.7,0.0
money_plant,20.12,30.1,73.8,0.0
snake_plant,4.88,30.1,73.8,0.0
cactus,47.98,30.1,73.8,0.0
money_plant,20.06,30.1,73.8,0.0
snake_plant,4.44,30.1,73.8,0.0
cactus,47.71,30.1,73.8,0.0
snake_plant,4.51,30.1,73.7,0.0
cactus,47.86,30.1,73.7,0.0
money_plant,20.33,30.1,73.7,0.0
snake_plant,4.88,30.1,73.7,0.0
cactus,47.65,30.1,73.7,0.0
money_plant,20.44,30.1,73.7,0.0
snake_plant,4.98,30.1,73.7,0.0
cactus,47.68,30.1,73.7,0.0
money_plant,20.33,30.0,73.6,0.0
snake_plant,4.95,30.0,73.6,0.0
cactus,47.68,30.0,73.6,0.0
money_plant,20.15,30.0,73.7,51.67
snake_plant,4.88,30.0,73.7,51.67
cactus,47.34,30.0,73.7,51.67
money_plant,20.53,30.1,73.7,54.17
snake_plant,5.45,30.1,73.7,54.17
cactus,47.47,30.1,73.7,54.17
money_plant,20.24,30.1,73.7,0.0
snake_plant,4.63,30.1,73.7,0.0
money_plant,20.36,30.1,73.7,2.5
snake_plant,5.16,30.1,73.7,2.5
cactus,47.1,30.1,73.7,2.5
money_plant,20.36,29.6,75.3,7.5
snake_plant,4.48,29.6,75.3,7.5
cactus,47.1,29.6,75.3,7.5
money_plant,20.27,28.9,77.9,8.33
snake_plant,4.82,28.9,77.9,8.33
cactus,47.47,28.9,77.9,8.33
money_plant,20.36,28.4,79.6,10.83
snake_plant,5.16,28.4,79.6,10.83
cactus,47.22,28.4,79.6,10.83
money_plant,20.5,28.1,80.6,13.33
snake_plant,5.76,28.1,80.6,13.33
cactus,47.16,28.1,80.6,13.33
money_plant,20.36,28.1,80.8,15.0
snake_plant,5.26,28.1,80.8,15.0
cactus,47.07,28.1,80.8,15.0
money_plant,20.39,27.7,82.4,16.67
snake_plant,5.29,27.7,82.4,16.67
cactus,47.07,27.7,82.4,16.67
money_plant,20.36,27.7,82.5,19.17
snake_plant,5.01,27.7,82.5,19.17
cactus,47.07,27.7,82.5,19.17
money_plant,20.3,27.6,82.8,22.5
snake_plant,5.41,27.6,82.8,22.5
cactus,47.07,27.6,82.8,22.5
money_plant,20.36,27.6,83.1,24.17
snake_plant,4.91,27.6,83.1,24.17
cactus,46.98,27.6,83.1,24.17
money_plant,20.21,27.6,83.1,25.83
snake_plant,5.13,27.6,83.1,25.83
cactus,46.98,27.6,83.1,25.83
money_plant,19.56,27.3,83.8,28.33
snake_plant,4.85,27.3,83.8,28.33
cactus,47.04,27.3,83.8,28.33
money_plant,20.39,27.2,83.9,29.17
snake_plant,5.07,27.2,83.9,29.17
cactus,46.89,27.2,83.9,29.17
money_plant,20.36,27.1,84.5,30.0
snake_plant,5.48,27.1,84.5,30.0
cactus,46.92,27.1,84.5,30.0
money_plant,20.44,27.1,84.8,29.17
snake_plant,5.16,27.1,84.8,29.17
cactus,46.86,27.1,84.8,29.17
money_plant,20.21,27.0,84.9,29.17
snake_plant,5.32,27.0,84.9,29.17
cactus,46.62,27.0,84.9,29.17
money_plant,19.97,27.1,84.2,29.17
snake_plant,4.48,27.1,84.2,29.17
cactus,46.65,27.1,84.2,29.17
money_plant,18.96,27.1,84.3,30.0
snake_plant,4.95,27.1,84.3,30.0
cactus,46.68,27.1,84.3,30.0
money_plant,20.15,27.1,85.1,32.5
snake_plant,4.88,27.1,85.1,32.5
cactus,46.65,27.1,85.1,32.5
money_plant,20.36,27.0,84.1,35.83
snake_plant,4.82,27.0,84.1,35.83
cactus,46.62,27.0,84.1,35.83
money_plant,20.03,27.0,84.8,39.17
snake_plant,5.16,27.0,84.8,39.17
cactus,46.62,27.0,84.8,39.17
money_plant,20.18,26.9,85.3,42.5
snake_plant,4.76,26.9,85.3,42.5
cactus,46.89,26.9,85.3,42.5
money_plant,20.36,26.9,85.4,43.33
snake_plant,5.07,26.9,85.4,43.33
cactus,46.86,26.9,85.4,43.33
money_plant,20.3,26.8,85.7,46.67
snake_plant,4.29,26.8,85.7,46.67
cactus,46.62,26.8,85.7,46.67
money_plant,20.39,26.8,86.7,48.33
snake_plant,6.82,26.8,86.7,48.33
cactus,46.62,26.8,86.7,48.33
money_plant,20.21,26.7,87.2,48.33
snake_plant,5.45,26.7,87.2,48.33
cactus,46.62,26.7,87.2,48.33
money_plant,19.91,26.7,86.6,48.33
snake_plant,5.1,26.7,86.6,48.33
cactus,46.62,26.7,86.6,48.33
money_plant,20.15,26.6,86.3,49.17
snake_plant,5.48,26.6,86.3,49.17
cactus,46.62,26.6,86.3,49.17
money_plant,20.12,26.6,87.0,50.0
snake_plant,5.26,26.6,87.0,50.0
cactus,46.62,26.6,87.0,50.0
money_plant,20.15,26.6,87.3,50.83
snake_plant,5.88,26.6,87.3,50.83
cactus,46.62,26.6,87.3,50.83
money_plant,20.3,26.6,87.3,51.67
snake_plant,5.51,26.6,87.3,51.67
cactus,45.13,26.6,87.3,51.67
money_plant,20.03,26.6,87.0,54.17
snake_plant,7.45,26.6,87.0,54.17
cactus,46.62,26.6,87.0,54.17
money_plant,19.85,26.6,86.9,58.33
snake_plant,5.04,26.6,86.9,58.33
cactus,45.83,26.6,86.9,58.33
money_plant,19.64,26.6,87.2,62.5
snake_plant,5.01,26.6,87.2,62.5
cactus,46.62,26.6,87.2,62.5
money_plant,19.91,26.7,86.2,68.33
snake_plant,4.79,26.7,86.2,68.33
cactus,46.62,26.7,86.2,68.33
money_plant,20.21,26.7,85.7,75.83
snake_plant,4.04,26.7,85.7,75.83
cactus,46.62,26.7,85.7,75.83
money_plant,20.0,26.7,85.7,84.17
snake_plant,4.41,26.7,85.7,84.17
cactus,46.62,26.7,85.7,84.17
money_plant,20.0,26.8,85.7,85.0
snake_plant,4.51,26.8,85.7,85.0
cactus,46.62,26.8,85.7,85.0
money_plant,20.18,26.7,85.2,87.5
snake_plant,5.38,26.7,85.2,87.5
cactus,46.62,26.7,85.2,87.5
money_plant,20.33,26.8,85.8,90.0
snake_plant,6.51,26.8,85.8,90.0
cactus,46.62,26.8,85.8,90.0
money_plant,20.33,26.8,85.8,95.83
snake_plant,4.19,26.8,85.8,95.83
cactus,46.62,26.8,85.8,95.83
money_plant,19.67,27.0,85.8,105.0
snake_plant,3.97,27.0,85.8,105.0
cactus,46.62,27.0,85.8,105.0
money_plant,20.15,26.9,86.6,115.83
snake_plant,9.83,26.9,86.6,115.83
cactus,46.62,26.9,86.6,115.83
money_plant,19.97,26.9,86.6,130.0
snake_plant,4.79,26.9,86.6,130.0
cactus,45.95,26.9,86.6,130.0
money_plant,19.59,26.9,86.5,140.0
snake_plant,4.48,26.9,86.5,140.0
cactus,45.68,26.9,86.5,140.0
money_plant,19.85,27.0,87.4,145.0
snake_plant,4.32,27.0,87.4,145.0
cactus,45.77,27.0,87.4,145.0
money_plant,19.79,27.0,86.3,149.17
snake_plant,4.82,27.0,86.3,149.17
cactus,45.89,27.0,86.3,149.17
money_plant,19.82,27.0,86.8,145.0
snake_plant,4.48,27.0,86.8,145.0
cactus,45.95,27.0,86.8,145.0
money_plant,20.18,27.0,86.4,145.0
snake_plant,4.63,27.0,86.4,145.0
cactus,46.62,27.0,86.4,145.0
money_plant,20.06,27.0,86.4,142.5
snake_plant,4.48,27.0,86.4,142.5
cactus,46.62,27.0,86.4,142.5
money_plant,19.94,27.0,86.4,139.17
snake_plant,4.35,27.0,86.4,139.17
cactus,46.62,27.0,86.4,139.17
money_plant,19.97,27.0,86.7,137.5
snake_plant,4.32,27.0,86.7,137.5
cactus,45.8,27.0,86.7,137.5
money_plant,20.15,27.0,86.6,138.33
snake_plant,4.54,27.0,86.6,138.33
cactus,45.68,27.0,86.6,138.33
money_plant,19.94,27.0,86.2,151.67
snake_plant,4.29,27.0,86.2,151.67
cactus,45.61,27.0,86.2,151.67
money_plant,19.91,27.2,85.6,167.5
snake_plant,4.07,27.2,85.6,167.5
cactus,45.83,27.2,85.6,167.5
money_plant,19.76,27.5,85.3,170.0
snake_plant,4.01,27.5,85.3,170.0
cactus,46.62,27.5,85.3,170.0
money_plant,19.64,27.6,84.9,175.83
snake_plant,3.82,27.6,84.9,175.83
cactus,46.62,27.6,84.9,175.83
money_plant,20.06,27.6,84.8,180.83
snake_plant,4.48,27.6,84.8,180.83
cactus,46.62,27.6,84.8,180.83
money_plant,19.08,27.5,85.8,195.0
snake_plant,4.41,27.5,85.8,195.0
cactus,46.8,27.5,85.8,195.0
money_plant,19.7,27.4,85.3,219.17
snake_plant,4.48,27.4,85.3,219.17
cactus,47.01,27.4,85.3,219.17
money_plant,19.44,27.5,84.4,241.67
snake_plant,3.97,27.5,84.4,241.67
cactus,47.22,27.5,84.4,241.67
money_plant,19.76,27.6,84.3,262.5
snake_plant,3.97,27.6,84.3,262.5
cactus,47.28,27.6,84.3,262.5
money_plant,19.56,27.5,84.7,276.67
snake_plant,3.57,27.5,84.7,276.67
cactus,47.5,27.5,84.7,276.67
money_plant,19.56,27.5,86.0,293.33
snake_plant,3.88,27.5,86.0,293.33
cactus,47.25,27.5,86.0,293.33
money_plant,19.44,27.4,86.2,315.83
snake_plant,3.91,27.4,86.2,315.83
cactus,47.19,27.4,86.2,315.83
money_plant,19.85,27.3,85.9,331.67
snake_plant,3.91,27.3,85.9,331.67
cactus,47.04,27.3,85.9,331.67
money_plant,19.53,27.3,86.6,340.0
snake_plant,3.47,27.3,86.6,340.0
cactus,46.92,27.3,86.6,340.0
money_plant,19.2,27.3,86.4,363.33
snake_plant,3.88,27.3,86.4,363.33
cactus,46.77,27.3,86.4,363.33
money_plant,16.86,27.3,86.3,395.0
snake_plant,3.94,27.3,86.3,395.0
cactus,46.98,27.3,86.3,395.0
money_plant,19.91,27.3,86.6,390.0
snake_plant,4.13,27.3,86.6,390.0
cactus,46.74,27.3,86.6,390.0
money_plant,19.41,27.4,85.7,371.67
snake_plant,4.01,27.4,85.7,371.67
cactus,46.89,27.4,85.7,371.67
money_plant,19.41,27.6,84.8,354.17
snake_plant,3.51,27.6,84.8,354.17
cactus,47.5,27.6,84.8,354.17
money_plant,19.35,27.6,84.8,340.83
snake_plant,3.41,27.6,84.8,340.83
cactus,47.16,27.6,84.8,340.83
money_plant,18.93,27.6,85.8,340.0
snake_plant,7.67,27.6,85.8,340.0
cactus,46.74,27.6,85.8,340.0
money_plant,19.79,27.5,86.0,345.0
snake_plant,3.85,27.5,86.0,345.0
cactus,46.77,27.5,86.0,345.0
money_plant,19.41,27.5,85.1,345.83
snake_plant,3.57,27.5,85.1,345.83
cactus,46.65,27.5,85.1,345.83
money_plant,19.56,27.4,84.7,350.0
snake_plant,3.76,27.4,84.7,350.0
cactus,46.62,27.4,84.7,350.0
money_plant,19.41,27.4,84.8,343.33
snake_plant,3.76,27.4,84.8,343.33
cactus,46.62,27.4,84.8,343.33
money_plant,19.91,27.5,84.2,339.17
snake_plant,3.88,27.5,84.2,339.17
cactus,46.62,27.5,84.2,339.17
money_plant,19.41,27.7,84.2,333.33
snake_plant,3.79,27.7,84.2,333.33
cactus,46.62,27.7,84.2,333.33
money_plant,19.73,27.9,83.1,318.33
snake_plant,3.47,27.9,83.1,318.33
cactus,46.62,27.9,83.1,318.33
money_plant,19.56,28.0,82.8,309.17
snake_plant,3.6,28.0,82.8,309.17
cactus,46.62,28.0,82.8,309.17
money_plant,19.41,28.2,82.2,293.33
snake_plant,3.16,28.2,82.2,293.33
cactus,45.8,28.2,82.2,293.33
money_plant,19.73,28.3,81.6,276.67
snake_plant,4.13,28.3,81.6,276.67
cactus,45.64,28.3,81.6,276.67
money_plant,23.23,28.3,82.0,254.17
snake_plant,3.44,28.3,82.0,254.17
cactus,45.49,28.3,82.0,254.17
money_plant,19.67,28.2,82.9,245.0
snake_plant,3.88,28.2,82.9,245.0
cactus,45.22,28.2,82.9,245.0
money_plant,19.38,28.0,83.8,255.83
snake_plant,3.47,28.0,83.8,255.83
cactus,45.22,28.0,83.8,255.83
money_plant,19.5,27.8,83.7,289.17
snake_plant,3.76,27.8,83.7,289.17
cactus,45.04,27.8,83.7,289.17
money_plant,19.5,27.8,84.4,340.83
snake_plant,3.69,27.8,84.4,340.83
cactus,45.07,27.8,84.4,340.83
money_plant,18.87,27.7,85.0,367.5
snake_plant,3.19,27.7,85.0,367.5
cactus,45.01,27.7,85.0,367.5
money_plant,19.67,27.6,85.1,413.33
snake_plant,3.26,27.6,85.1,413.33
cactus,45.04,27.6,85.1,413.33
money_plant,19.47,27.7,83.9,509.17
snake_plant,3.66,27.7,83.9,509.17
cactus,45.04,27.7,83.9,509.17
money_plant,19.79,27.8,83.9,554.17
snake_plant,3.66,27.8,83.9,554.17
cactus,44.8,27.8,83.9,554.17
money_plant,19.7,27.9,83.3,605.0
snake_plant,3.41,27.9,83.3,605.0
cactus,44.92,27.9,83.3,605.0
money_plant,19.5,28.1,83.0,650.0
snake_plant,2.97,28.1,83.0,650.0
cactus,44.98,28.1,83.0,650.0
money_plant,19.61,28.2,82.4,1087.5
snake_plant,3.26,28.2,82.4,1087.5
cactus,44.8,28.2,82.4,1087.5
money_plant,19.35,28.3,82.4,958.33
snake_plant,3.26,28.3,82.4,958.33
cactus,44.92,28.3,82.4,958.33
money_plant,19.53,28.4,81.6,765.83
snake_plant,3.44,28.4,81.6,765.83
cactus,44.7,28.4,81.6,765.83
money_plant,19.29,28.5,82.3,712.5
snake_plant,2.88,28.5,82.3,712.5
cactus,44.86,28.5,82.3,712.5
money_plant,19.32,28.4,83.3,624.17
snake_plant,3.69,28.4,83.3,624.17
cactus,44.83,28.4,83.3,624.17
money_plant,19.47,28.4,82.1,612.5
snake_plant,2.13,28.4,82.1,612.5
cactus,44.8,28.4,82.1,612.5
money_plant,19.67,28.3,82.0,707.5
snake_plant,3.26,28.3,82.0,707.5
cactus,44.98,28.3,82.0,707.5
money_plant,18.46,28.4,81.7,739.17
snake_plant,3.51,28.4,81.7,739.17
cactus,44.95,28.4,81.7,739.17
money_plant,19.44,28.4,82.3,709.17
snake_plant,3.0,28.4,82.3,709.17
cactus,45.07,28.4,82.3,709.17
money_plant,19.38,28.5,82.0,703.33
snake_plant,3.32,28.5,82.0,703.33
cactus,45.13,28.5,82.0,703.33
money_plant,19.5,28.6,81.8,673.33
snake_plant,3.22,28.6,81.8,673.33
cactus,45.13,28.6,81.8,673.33
money_plant,19.02,28.7,81.2,635.0
snake_plant,7.07,28.7,81.2,635.0
cactus,45.13,28.7,81.2,635.0
money_plant,19.26,28.9,80.4,609.17
snake_plant,2.75,28.9,80.4,609.17
cactus,45.16,28.9,80.4,609.17
money_plant,19.14,29.0,80.0,579.17
snake_plant,3.19,29.0,80.0,579.17
cactus,45.28,29.0,80.0,579.17
money_plant,19.26,29.0,79.2,571.67
snake_plant,2.79,29.0,79.2,571.67
cactus,45.13,29.0,79.2,571.67
money_plant,19.32,29.1,79.1,608.33
snake_plant,2.82,29.1,79.1,608.33
cactus,45.07,29.1,79.1,608.33
money_plant,19.41,29.2,78.8,668.33
snake_plant,2.88,29.2,78.8,668.33
cactus,45.13,29.2,78.8,668.33
money_plant,19.32,29.2,78.5,794.17
snake_plant,2.85,29.2,78.5,794.17
cactus,45.4,29.2,78.5,794.17
money_plant,19.05,29.3,78.4,1181.67
snake_plant,2.88,29.3,78.4,1181.67
cactus,45.34,29.3,78.4,1181.67
money_plant,19.2,29.4,78.1,1505.83
snake_plant,2.5,29.4,78.1,1505.83
cactus,45.28,29.4,78.1,1505.83
money_plant,19.08,29.4,78.0,1518.33
snake_plant,2.79,29.4,78.0,1518.33
cactus,45.31,29.4,78.0,1518.33
money_plant,19.26,29.5,77.7,1430.83
snake_plant,3.04,29.5,77.7,1430.83
cactus,45.13,29.5,77.7,1430.83
money_plant,19.14,29.5,77.7,2923.33
snake_plant,3.04,29.5,77.7,2923.33
cactus,45.13,29.5,77.7,2923.33
money_plant,19.41,29.4,79.2,2202.5
snake_plant,2.85,29.4,79.2,2202.5
cactus,45.13,29.4,79.2,2202.5
money_plant,19.29,29.3,79.3,1287.5
snake_plant,2.94,29.3,79.3,1287.5
cactus,45.1,29.3,79.3,1287.5
money_plant,19.26,29.1,80.2,1277.5
snake_plant,2.57,29.1,80.2,1277.5
cactus,45.13,29.1,80.2,1277.5
money_plant,19.02,29.1,79.7,2089.17
snake_plant,2.69,29.1,79.7,2089.17
cactus,45.16,29.1,79.7,2089.17
money_plant,19.29,29.2,78.8,1368.33
snake_plant,2.57,29.2,78.8,1368.33
cactus,45.16,29.2,78.8,1368.33
money_plant,19.61,29.1,79.8,2236.67
snake_plant,3.16,29.1,79.8,2236.67
cactus,45.13,29.1,79.8,2236.67
money_plant,19.47,29.3,79.6,15558.33
snake_plant,2.47,29.3,79.6,15558.33
cactus,45.28,29.3,79.6,15558.33
money_plant,19.02,29.5,78.5,4169.17
snake_plant,2.91,29.5,78.5,4169.17
cactus,45.4,29.5,78.5,4169.17
money_plant,19.44,29.5,78.0,5730.83
snake_plant,2.88,29.5,78.0,5730.83
cactus,45.4,29.5,78.0,5730.83
money_plant,19.41,29.7,78.0,9910.83
snake_plant,2.69,29.7,78.0,9910.83
cactus,45.31,29.7,78.0,9910.83
money_plant,19.11,30.1,78.3,32581.67
snake_plant,2.07,30.1,78.3,32581.67
cactus,45.71,30.1,78.3,32581.67
money_plant,19.32,30.5,76.7,32743.33
snake_plant,2.66,30.5,76.7,32743.33
cactus,45.58,30.5,76.7,32743.33
money_plant,19.32,31.0,75.4,33446.66
snake_plant,2.5,31.0,75.4,33446.66
cactus,45.49,31.0,75.4,33446.66
money_plant,19.35,31.5,74.2,18620.83
snake_plant,2.57,31.5,74.2,18620.83
cactus,46.62,31.5,74.2,18620.83
money_plant,19.02,31.9,72.6,3609.17
snake_plant,2.38,31.9,72.6,3609.17
cactus,46.62,31.9,72.6,3609.17
money_plant,19.02,31.9,72.3,3123.33
snake_plant,2.57,31.9,72.3,3123.33
cactus,45.95,31.9,72.3,3123.33
money_plant,19.23,32.2,72.4,5324.17
snake_plant,2.47,32.2,72.4,5324.17
cactus,45.77,32.2,72.4,5324.17
money_plant,19.2,32.4,70.7,23741.67
snake_plant,2.19,32.4,70.7,23741.67
cactus,45.8,32.4,70.7,23741.67
money_plant,19.35,32.5,70.5,36183.33
snake_plant,1.78,32.5,70.5,36183.33
cactus,45.92,32.5,70.5,36183.33
money_plant,19.2,32.6,70.2,36871.66
snake_plant,2.47,32.6,70.2,36871.66
cactus,46.62,32.6,70.2,36871.66
money_plant,18.01,32.8,68.9,35459.16
snake_plant,2.41,32.8,68.9,35459.16
cactus,46.62,32.8,68.9,35459.16
money_plant,19.41,32.5,69.7,27748.33
snake_plant,1.91,32.5,69.7,27748.33
cactus,46.62,32.5,69.7,27748.33
money_plant,19.26,32.5,70.7,32720.83
snake_plant,2.0,32.5,70.7,32720.83
cactus,46.62,32.5,70.7,32720.83
money_plant,19.44,32.5,70.7,13598.33
snake_plant,1.82,32.5,70.7,13598.33
cactus,46.86,32.5,70.7,13598.33
money_plant,19.08,32.0,71.9,7900.83
snake_plant,2.32,32.0,71.9,7900.83
cactus,47.16,32.0,71.9,7900.83
money_plant,19.2,32.0,72.0,34111.66
snake_plant,2.13,32.0,72.0,34111.66
cactus,47.04,32.0,72.0,34111.66
money_plant,19.35,32.3,71.3,38903.33
snake_plant,2.0,32.3,71.3,38903.33
cactus,47.13,32.3,71.3,38903.33
money_plant,19.5,32.6,70.7,38047.5
snake_plant,1.91,32.6,70.7,38047.5
cactus,47.28,32.6,70.7,38047.5
money_plant,19.41,32.8,70.2,39190.83
snake_plant,1.94,32.8,70.2,39190.83
cactus,47.34,32.8,70.2,39190.83
money_plant,19.29,33.0,69.4,39390.0
snake_plant,1.91,33.0,69.4,39390.0
cactus,47.37,33.0,69.4,39390.0
money_plant,19.41,33.2,69.4,37638.33
snake_plant,1.97,33.2,69.4,37638.33
cactus,47.44,33.2,69.4,37638.33
money_plant,19.38,33.3,68.7,28409.17
snake_plant,1.78,33.3,68.7,28409.17
cactus,47.47,33.3,68.7,28409.17
money_plant,19.26,33.2,68.5,8414.17
snake_plant,2.13,33.2,68.5,8414.17
cactus,47.77,33.2,68.5,8414.17
money_plant,20.56,32.9,68.7,775.83
snake_plant,2.32,32.9,68.7,775.83
cactus,47.98,32.9,68.7,775.83
money_plant,19.41,32.1,70.8,405.0
snake_plant,2.32,32.1,70.8,405.0
cactus,48.04,32.1,70.8,405.0
money_plant,19.59,31.5,72.8,392.5
snake_plant,2.25,31.5,72.8,392.5
cactus,48.19,31.5,72.8,392.5
money_plant,19.91,31.2,74.8,456.67
snake_plant,2.22,31.2,74.8,456.67
cactus,48.19,31.2,74.8,456.67
money_plant,18.55,30.9,75.1,608.33
snake_plant,2.47,30.9,75.1,608.33
cactus,48.38,30.9,75.1,608.33
money_plant,20.15,30.9,74.7,980.0
snake_plant,2.47,30.9,74.7,980.0
cactus,48.44,30.9,74.7,980.0
money_plant,19.76,30.9,74.5,1670.0
snake_plant,2.47,30.9,74.5,1670.0
cactus,48.5,30.9,74.5,1670.0
money_plant,19.56,30.9,74.8,2124.17
snake_plant,2.47,30.9,74.8,2124.17
cactus,48.62,30.9,74.8,2124.17
money_plant,19.76,31.1,73.8,2349.17
snake_plant,2.54,31.1,73.8,2349.17
cactus,48.5,31.1,73.8,2349.17
money_plant,19.82,31.3,74.0,2351.67
snake_plant,2.79,31.3,74.0,2351.67
cactus,48.62,31.3,74.0,2351.67
money_plant,20.15,31.5,73.3,2106.67
snake_plant,2.47,31.5,73.3,2106.67
cactus,48.77,31.5,73.3,2106.67
money_plant,19.91,31.6,73.3,1983.33
snake_plant,2.25,31.6,73.3,1983.33
cactus,48.68,31.6,73.3,1983.33
money_plant,19.91,31.5,72.1,1418.33
snake_plant,0.44,31.5,72.1,1418.33
cactus,49.2,31.5,72.1,1418.33
money_plant,19.73,31.5,73.0,1248.33
snake_plant,2.16,31.5,73.0,1248.33
cactus,49.41,31.5,73.0,1248.33
money_plant,19.88,31.5,73.5,1190.0
snake_plant,2.16,31.5,73.5,1190.0
cactus,49.23,31.5,73.5,1190.0
money_plant,20.15,31.5,73.5,1220.83
snake_plant,0.0,31.5,73.5,1220.83
cactus,49.32,31.5,73.5,1220.83
money_plant,20.09,31.5,73.5,1275.83
snake_plant,2.57,31.5,73.5,1275.83
cactus,49.65,31.5,73.5,1275.83
money_plant,20.15,31.3,74.1,1293.33
snake_plant,1.97,31.3,74.1,1293.33
cactus,49.44,31.3,74.1,1293.33
money_plant,19.91,31.3,73.8,1336.67
snake_plant,1.94,31.3,73.8,1336.67
cactus,49.35,31.3,73.8,1336.67
money_plant,20.18,31.5,73.3,1360.0
snake_plant,2.28,31.5,73.3,1360.0
cactus,49.29,31.5,73.3,1360.0
money_plant,19.88,31.6,74.9,1380.0
snake_plant,2.0,31.6,74.9,1380.0
cactus,49.53,31.6,74.9,1380.0
money_plant,20.18,31.7,72.7,1435.0
snake_plant,1.5,31.7,72.7,1435.0
cactus,49.07,31.7,72.7,1435.0
money_plant,19.91,31.7,72.7,1480.0
snake_plant,2.35,31.7,72.7,1480.0
cactus,49.04,31.7,72.7,1480.0
money_plant,19.88,31.7,72.1,1451.67
snake_plant,1.91,31.7,72.1,1451.67
cactus,49.29,31.7,72.1,1451.67
money_plant,20.44,31.6,72.6,1395.0
snake_plant,2.41,31.6,72.6,1395.0
cactus,49.01,31.6,72.6,1395.0
money_plant,19.59,31.7,72.5,1383.33
snake_plant,2.1,31.7,72.5,1383.33
cactus,49.14,31.7,72.5,1383.33
money_plant,20.3,31.8,72.3,1628.33
snake_plant,2.03,31.8,72.3,1628.33
cactus,49.01,31.8,72.3,1628.33
money_plant,20.21,31.9,71.7,1418.33
snake_plant,2.47,31.9,71.7,1418.33
cactus,49.01,31.9,71.7,1418.33
money_plant,19.97,32.0,71.5,1478.33
snake_plant,1.91,32.0,71.5,1478.33
cactus,48.98,32.0,71.5,1478.33
money_plant,20.03,32.1,71.0,1487.5
snake_plant,1.97,32.1,71.0,1487.5
cactus,49.04,32.1,71.0,1487.5
money_plant,19.94,32.2,70.6,1632.5
snake_plant,2.16,32.2,70.6,1632.5
cactus,49.01,32.2,70.6,1632.5
money_plant,20.03,32.2,70.5,1483.33
snake_plant,2.19,32.2,70.5,1483.33
cactus,48.92,32.2,70.5,1483.33
money_plant,21.69,32.3,70.6,1500.83
snake_plant,1.88,32.3,70.6,1500.83
cactus,49.01,32.3,70.6,1500.83
money_plant,20.36,32.2,70.0,1369.17
snake_plant,1.47,32.2,70.0,1369.17
cactus,49.17,32.2,70.0,1369.17
money_plant,19.94,32.1,70.8,1315.83
snake_plant,2.07,32.1,70.8,1315.83
cactus,49.01,32.1,70.8,1315.83
money_plant,19.88,32.1,71.0,1222.5
snake_plant,0.0,32.1,71.0,1222.5
cactus,49.01,32.1,71.0,1222.5
money_plant,20.41,32.2,70.8,1158.33
snake_plant,2.28,32.2,70.8,1158.33
cactus,49.04,32.2,70.8,1158.33
money_plant,20.3,32.3,70.3,1080.83
snake_plant,1.69,32.3,70.3,1080.83
cactus,49.01,32.3,70.3,1080.83
money_plant,20.21,32.4,70.3,987.5
snake_plant,2.0,32.4,70.3,987.5
cactus,48.86,32.4,70.3,987.5
money_plant,19.85,32.3,69.5,898.33
snake_plant,2.07,32.3,69.5,898.33
cactus,48.98,32.3,69.5,898.33
money_plant,20.39,32.2,70.8,910.0
snake_plant,1.88,32.2,70.8,910.0
cactus,49.01,32.2,70.8,910.0
money_plant,20.65,32.3,70.7,865.0
snake_plant,1.88,32.3,70.7,865.0
cactus,49.01,32.3,70.7,865.0
money_plant,20.21,32.3,70.5,714.17
snake_plant,1.63,32.3,70.5,714.17
cactus,48.95,32.3,70.5,714.17
money_plant,20.77,32.4,70.2,663.33
snake_plant,1.66,32.4,70.2,663.33
cactus,48.95,32.4,70.2,663.33
money_plant,20.5,32.3,70.3,619.17
snake_plant,1.78,32.3,70.3,619.17
cactus,49.01,32.3,70.3,619.17
money_plant,20.36,32.3,70.5,557.5
snake_plant,1.6,32.3,70.5,557.5
cactus,49.01,32.3,70.5,557.5
money_plant,20.36,32.3,70.3,520.83
snake_plant,0.0,32.3,70.3,520.83
cactus,48.95,32.3,70.3,520.83
money_plant,20.39,32.2,70.7,510.83
snake_plant,2.16,32.2,70.7,510.83
cactus,49.01,32.2,70.7,510.83
money_plant,20.41,32.2,70.9,508.33
snake_plant,1.47,32.2,70.9,508.33
cactus,48.8,32.2,70.9,508.33
money_plant,20.36,32.3,70.7,505.83
snake_plant,1.94,32.3,70.7,505.83
cactus,48.8,32.3,70.7,505.83
money_plant,20.36,32.2,70.4,502.5
snake_plant,1.66,32.2,70.4,502.5
cactus,48.8,32.2,70.4,502.5
money_plant,20.77,32.2,70.7,466.67
snake_plant,1.0,32.2,70.7,466.67
cactus,48.68,32.2,70.7,466.67
money_plant,20.5,32.3,70.7,629.17
snake_plant,1.94,32.3,70.7,629.17
cactus,48.8,32.3,70.7,629.17
money_plant,20.68,32.3,70.6,616.67
snake_plant,1.69,32.3,70.6,616.67
cactus,48.56,32.3,70.6,616.67
money_plant,20.5,32.2,70.5,540.0
snake_plant,1.56,32.2,70.5,540.0
cactus,48.59,32.2,70.5,540.0
money_plant,20.39,32.1,71.6,768.33
snake_plant,1.94,32.1,71.6,768.33
cactus,48.5,32.1,71.6,768.33
money_plant,20.36,32.0,71.1,644.17
snake_plant,1.38,32.0,71.1,644.17
cactus,48.53,32.0,71.1,644.17
money_plant,20.44,31.9,71.7,462.5
snake_plant,1.91,31.9,71.7,462.5
cactus,48.47,31.9,71.7,462.5
money_plant,20.44,31.9,71.7,405.0
snake_plant,1.78,31.9,71.7,405.0
cactus,48.38,31.9,71.7,405.0
money_plant,20.44,31.8,71.4,438.33
snake_plant,1.97,31.8,71.4,438.33
cactus,48.32,31.8,71.4,438.33
money_plant,20.95,31.8,72.2,528.33
snake_plant,1.47,31.8,72.2,528.33
cactus,48.38,31.8,72.2,528.33
money_plant,20.41,31.8,72.3,459.17
snake_plant,1.63,31.8,72.3,459.17
cactus,48.13,31.8,72.3,459.17
money_plant,20.62,31.8,72.1,450.83
snake_plant,1.97,31.8,72.1,450.83
cactus,48.29,31.8,72.1,450.83
money_plant,20.62,31.9,71.9,645.0
snake_plant,1.53,31.9,71.9,645.0
cactus,48.13,31.9,71.9,645.0
money_plant,20.39,32.0,71.8,595.83
snake_plant,1.47,32.0,71.8,595.83
cactus,48.04,32.0,71.8,595.83
money_plant,20.83,32.0,71.4,574.17
snake_plant,1.88,32.0,71.4,574.17
cactus,48.04,32.0,71.4,574.17
money_plant,20.62,32.0,71.4,567.5
snake_plant,1.91,32.0,71.4,567.5
cactus,48.07,32.0,71.4,567.5
money_plant,20.86,32.0,71.3,713.33
snake_plant,1.6,32.0,71.3,713.33
cactus,48.04,32.0,71.3,713.33
money_plant,20.5,32.1,71.1,695.83
snake_plant,1.53,32.1,71.1,695.83
cactus,47.95,32.1,71.1,695.83
money_plant,20.39,32.2,71.0,670.83
snake_plant,1.38,32.2,71.0,670.83
cactus,48.01,32.2,71.0,670.83
money_plant,21.3,32.2,71.0,611.67
snake_plant,1.63,32.2,71.0,611.67
cactus,47.71,32.2,71.0,611.67
money_plant,20.36,32.2,70.7,600.83
snake_plant,1.94,32.2,70.7,600.83
cactus,47.86,32.2,70.7,600.83
money_plant,20.53,32.1,70.9,605.83
snake_plant,1.35,32.1,70.9,605.83
cactus,47.83,32.1,70.9,605.83
money_plant,20.62,32.2,70.7,598.33
snake_plant,1.66,32.2,70.7,598.33
cactus,47.59,32.2,70.7,598.33
money_plant,20.77,32.1,70.7,611.67
snake_plant,1.94,32.1,70.7,611.67
cactus,47.59,32.1,70.7,611.67
money_plant,20.5,32.2,70.3,678.33
snake_plant,1.47,32.2,70.3,678.33
cactus,47.71,32.2,70.3,678.33
money_plant,22.1,32.2,70.5,682.5
snake_plant,1.63,32.2,70.5,682.5
cactus,47.53,32.2,70.5,682.5
money_plant,20.5,32.1,70.5,658.33
snake_plant,1.0,32.1,70.5,658.33
cactus,47.5,32.1,70.5,658.33
money_plant,20.53,32.1,69.9,650.83
snake_plant,1.47,32.1,69.9,650.83
cactus,47.34,32.1,69.9,650.83
money_plant,20.36,32.1,69.9,622.5
snake_plant,1.13,32.1,69.9,622.5
cactus,47.34,32.1,69.9,622.5
money_plant,20.59,32.1,70.0,595.83
snake_plant,1.82,32.1,70.0,595.83
cactus,47.1,32.1,70.0,595.83
money_plant,20.77,32.1,69.9,576.67
snake_plant,1.44,32.1,69.9,576.67
cactus,47.28,32.1,69.9,576.67
money_plant,20.5,32.1,70.1,593.33
snake_plant,1.53,32.1,70.1,593.33
cactus,46.77,32.1,70.1,593.33
money_plant,20.5,32.2,69.9,598.33
snake_plant,1.25,32.2,69.9,598.33
cactus,47.31,32.2,69.9,598.33
money_plant,20.68,32.2,70.0,676.67
snake_plant,1.47,32.2,70.0,676.67
cactus,47.25,32.2,70.0,676.67
money_plant,20.62,32.2,69.3,612.5
snake_plant,1.38,32.2,69.3,612.5
cactus,47.22,32.2,69.3,612.5
money_plant,20.77,32.2,69.3,671.67
snake_plant,1.06,32.2,69.3,671.67
cactus,47.07,32.2,69.3,671.67
money_plant,20.74,32.3,69.1,710.83
snake_plant,1.31,32.3,69.1,710.83
cactus,47.13,32.3,69.1,710.83
money_plant,20.95,32.3,69.4,705.0
snake_plant,1.25,32.3,69.4,705.0
cactus,47.07,32.3,69.4,705.0
money_plant,20.74,32.3,68.4,536.67
snake_plant,1.47,32.3,68.4,536.67
cactus,47.07,32.3,68.4,536.67
money_plant,20.5,32.3,68.7,496.67
snake_plant,1.44,32.3,68.7,496.67
cactus,47.07,32.3,68.7,496.67
money_plant,20.39,32.3,68.9,475.83
snake_plant,1.28,32.3,68.9,475.83
cactus,47.07,32.3,68.9,475.83
money_plant,20.56,32.3,69.0,571.67
snake_plant,0.81,32.3,69.0,571.67
cactus,47.07,32.3,69.0,571.67
money_plant,20.8,32.3,69.0,571.67
snake_plant,1.53,32.3,69.0,571.67
cactus,46.92,32.3,69.0,571.67
money_plant,20.74,32.3,69.2,509.17
snake_plant,1.25,32.3,69.2,509.17
cactus,47.04,32.3,69.2,509.17
money_plant,20.77,32.3,68.8,466.67
snake_plant,0.69,32.3,68.8,466.67
cactus,46.89,32.3,68.8,466.67
money_plant,20.36,32.3,69.0,434.17
snake_plant,0.91,32.3,69.0,434.17
cactus,46.8,32.3,69.0,434.17
money_plant,21.04,32.2,69.2,405.83
snake_plant,1.47,32.2,69.2,405.83
cactus,46.77,32.2,69.2,405.83
money_plant,21.04,32.2,69.3,405.83
snake_plant,0.0,32.2,69.3,405.83
cactus,46.71,32.2,69.3,405.83
money_plant,17.48,32.1,69.6,450.0
snake_plant,0.88,32.1,69.6,450.0
cactus,46.98,32.1,69.6,450.0
money_plant,22.22,32.1,69.4,621.67
snake_plant,0.81,32.1,69.4,621.67
cactus,46.8,32.1,69.4,621.67
money_plant,20.3,32.2,69.5,605.0
snake_plant,1.13,32.2,69.5,605.0
cactus,46.8,32.2,69.5,605.0
money_plant,20.53,32.2,69.4,504.17
snake_plant,0.91,32.2,69.4,504.17
cactus,46.74,32.2,69.4,504.17
money_plant,21.72,32.2,69.2,474.17
snake_plant,1.31,32.2,69.2,474.17
cactus,46.83,32.2,69.2,474.17
money_plant,20.68,32.3,69.0,483.33
snake_plant,0.85,32.3,69.0,483.33
cactus,46.8,32.3,69.0,483.33
money_plant,20.83,32.3,69.0,464.17
snake_plant,0.81,32.3,69.0,464.17
cactus,46.74,32.3,69.0,464.17
money_plant,20.74,32.3,68.5,445.0
snake_plant,0.53,32.3,68.5,445.0
cactus,46.62,32.3,68.5,445.0
money_plant,20.89,32.4,69.0,425.0
snake_plant,0.81,32.4,69.0,425.0
cactus,46.71,32.4,69.0,425.0
money_plant,20.47,32.3,67.7,460.0
snake_plant,0.59,32.3,67.7,460.0
cactus,46.62,32.3,67.7,460.0
money_plant,20.98,32.3,67.9,474.17
snake_plant,0.63,32.3,67.9,474.17
cactus,46.62,32.3,67.9,474.17
money_plant,20.98,32.3,68.4,465.0
snake_plant,1.25,32.3,68.4,465.0
cactus,47.1,32.3,68.4,465.0
money_plant,20.15,32.3,68.7,428.33
snake_plant,0.75,32.3,68.7,428.33
cactus,46.62,32.3,68.7,428.33
money_plant,20.39,32.3,68.7,384.17
snake_plant,1.0,32.3,68.7,384.17
cactus,46.62,32.3,68.7,384.17
money_plant,20.53,32.3,68.6,386.67
snake_plant,0.94,32.3,68.6,386.67
cactus,46.62,32.3,68.6,386.67
money_plant,20.86,32.2,68.8,367.5
snake_plant,0.75,32.2,68.8,367.5
cactus,46.8,32.2,68.8,367.5
money_plant,20.36,32.2,68.9,371.67
snake_plant,0.47,32.2,68.9,371.67
cactus,46.62,32.2,68.9,371.67
money_plant,20.62,32.2,68.3,394.17
snake_plant,1.38,32.2,68.3,394.17
cactus,46.62,32.2,68.3,394.17
money_plant,20.68,32.2,69.0,430.0
snake_plant,0.69,32.2,69.0,430.0
cactus,46.62,32.2,69.0,430.0
money_plant,20.8,32.2,69.0,389.17
snake_plant,0.85,32.2,69.0,389.17
cactus,46.62,32.2,69.0,389.17
money_plant,20.8,32.2,69.1,343.33
snake_plant,0.38,32.2,69.1,343.33
cactus,46.62,32.2,69.1,343.33
money_plant,20.41,32.2,69.0,303.33
snake_plant,0.5,32.2,69.0,303.33
cactus,46.62,32.2,69.0,303.33
money_plant,20.92,32.2,68.9,281.67
snake_plant,0.72,32.2,68.9,281.67
cactus,46.62,32.2,68.9,281.67
money_plant,20.98,32.2,69.0,273.33
snake_plant,0.0,32.2,69.0,273.33
cactus,46.62,32.2,69.0,273.33
money_plant,20.53,32.1,69.1,290.0
snake_plant,0.41,32.1,69.1,290.0
cactus,46.62,32.1,69.1,290.0
money_plant,20.98,32.1,69.0,305.0
snake_plant,0.47,32.1,69.0,305.0
cactus,46.62,32.1,69.0,305.0
money_plant,20.3,32.1,69.0,304.17
snake_plant,0.22,32.1,69.0,304.17
cactus,46.62,32.1,69.0,304.17
money_plant,20.89,32.1,69.1,295.0
snake_plant,0.5,32.1,69.1,295.0
cactus,46.62,32.1,69.1,295.0
money_plant,20.62,32.1,69.1,290.83
snake_plant,0.41,32.1,69.1,290.83
cactus,46.62,32.1,69.1,290.83
money_plant,20.53,32.1,69.1,306.67
snake_plant,0.56,32.1,69.1,306.67
cactus,46.62,32.1,69.1,306.67
money_plant,20.36,32.1,69.1,347.5
snake_plant,1.28,32.1,69.1,347.5
cactus,46.62,32.1,69.1,347.5
money_plant,20.62,32.1,69.1,392.5
snake_plant,0.47,32.1,69.1,392.5
cactus,46.62,32.1,69.1,392.5
money_plant,20.89,32.1,69.0,399.17
snake_plant,0.06,32.1,69.0,399.17
cactus,46.62,32.1,69.0,399.17
money_plant,20.86,32.1,69.0,419.17
snake_plant,0.0,32.1,69.0,419.17
cactus,46.62,32.1,69.0,419.17
money_plant,20.74,32.1,69.0,436.67
snake_plant,0.31,32.1,69.0,436.67
cactus,46.01,32.1,69.0,436.67
money_plant,20.98,32.1,69.0,440.83
snake_plant,0.44,32.1,69.0,440.83
cactus,46.62,32.1,69.0,440.83
money_plant,20.77,32.1,68.9,390.83
snake_plant,0.44,32.1,68.9,390.83
cactus,45.74,32.1,68.9,390.83
money_plant,20.65,32.1,68.8,370.0
snake_plant,5.48,32.1,68.8,370.0
cactus,45.89,32.1,68.8,370.0
money_plant,21.04,32.1,69.0,367.5
snake_plant,0.75,32.1,69.0,367.5
cactus,46.62,32.1,69.0,367.5
money_plant,20.71,32.2,69.0,389.17
snake_plant,0.41,32.2,69.0,389.17
money_plant,20.86,32.1,69.0,413.33
snake_plant,0.0,32.1,69.0,413.33
cactus,46.62,32.1,69.0,413.33
money_plant,20.62,32.1,69.0,465.83
snake_plant,0.47,32.1,69.0,465.83
cactus,46.62,32.1,69.0,465.83
money_plant,20.65,32.2,68.9,505.0
snake_plant,0.0,32.2,68.9,505.0
cactus,46.62,32.2,68.9,505.0
money_plant,20.68,32.2,68.8,541.67
snake_plant,0.0,32.2,68.8,541.67
cactus,46.62,32.2,68.8,541.67
money_plant,20.74,32.2,68.8,592.5
snake_plant,0.0,32.2,68.8,592.5
cactus,46.62,32.2,68.8,592.5
money_plant,20.68,32.2,68.8,585.0
snake_plant,0.0,32.2,68.8,585.0
cactus,45.95,32.2,68.8,585.0
money_plant,21.1,32.3,68.5,564.17
snake_plant,0.41,32.3,68.5,564.17
cactus,46.62,32.3,68.5,564.17
money_plant,20.62,32.3,68.7,549.17
snake_plant,0.0,32.3,68.7,549.17
cactus,45.89,32.3,68.7,549.17
money_plant,45.93,32.3,68.5,157.5
snake_plant,72.08,32.3,68.5,157.5
cactus,27.8,32.3,68.5,157.5
money_plant,44.8,32.4,68.5,150.83
snake_plant,71.58,32.4,68.5,150.83
cactus,28.07,32.4,68.5,150.83
money_plant,43.2,32.4,68.5,170.0
snake_plant,70.67,32.4,68.5,170.0
cactus,28.07,32.4,68.5,170.0
money_plant,40.89,32.4,68.6,192.5
snake_plant,70.99,32.4,68.6,192.5
cactus,27.83,32.4,68.6,192.5
money_plant,39.17,32.4,68.6,215.0
snake_plant,71.39,32.4,68.6,215.0
cactus,28.29,32.4,68.6,215.0
money_plant,36.47,32.4,68.7,228.33
snake_plant,71.3,32.4,68.7,228.33
cactus,28.56,32.4,68.7,228.33
money_plant,34.1,32.5,68.7,239.17
snake_plant,71.27,32.5,68.7,239.17
cactus,28.62,32.5,68.7,239.17
money_plant,32.3,32.5,68.4,236.67
snake_plant,71.39,32.5,68.4,236.67
cactus,28.41,32.5,68.4,236.67
money_plant,30.7,32.5,68.1,226.67
snake_plant,71.55,32.5,68.1,226.67
cactus,28.29,32.5,68.1,226.67
money_plant,28.56,32.6,68.1,234.17
snake_plant,71.67,32.6,68.1,234.17
cactus,28.19,32.6,68.1,234.17
money_plant,27.47,32.6,67.8,230.0
snake_plant,71.92,32.6,67.8,230.0
cactus,29.04,32.6,67.8,230.0
money_plant,26.04,32.5,68.2,243.33
snake_plant,72.11,32.5,68.2,243.33
cactus,29.14,32.5,68.2,243.33
money_plant,25.1,32.5,68.4,235.83
snake_plant,72.58,32.5,68.4,235.83
cactus,29.07,32.5,68.4,235.83
money_plant,24.59,32.6,68.2,215.0
snake_plant,72.49,32.6,68.2,215.0
cactus,29.01,32.6,68.2,215.0
money_plant,23.82,32.6,68.2,188.33
snake_plant,72.68,32.6,68.2,188.33
cactus,28.83,32.6,68.2,188.33
money_plant,23.23,32.6,68.0,162.5
snake_plant,73.05,32.6,68.0,162.5
cactus,29.04,32.6,68.0,162.5
money_plant,23.14,32.6,68.2,145.0
snake_plant,73.02,32.6,68.2,145.0
cactus,29.07,32.6,68.2,145.0
money_plant,22.7,32.6,68.3,141.67
snake_plant,72.96,32.6,68.3,141.67
cactus,29.14,32.6,68.3,141.67
money_plant,22.46,32.6,68.7,144.17
snake_plant,73.4,32.6,68.7,144.17
cactus,29.59,32.6,68.7,144.17
money_plant,22.61,32.6,68.5,143.33
snake_plant,73.49,32.6,68.5,143.33
cactus,29.1,32.6,68.5,143.33
money_plant,22.1,32.5,68.1,145.0
snake_plant,73.05,32.5,68.1,145.0
cactus,29.14,32.5,68.1,145.0
money_plant,21.66,32.6,68.4,148.33
snake_plant,73.33,32.6,68.4,148.33
cactus,28.62,32.6,68.4,148.33
money_plant,22.4,32.5,68.5,148.33
snake_plant,73.24,32.5,68.5,148.33
cactus,28.92,32.5,68.5,148.33
money_plant,24.15,32.5,68.7,155.83
snake_plant,73.4,32.5,68.7,155.83
cactus,28.95,32.5,68.7,155.83
money_plant,18.73,32.5,68.9,173.33
snake_plant,73.58,32.5,68.9,173.33
cactus,29.01,32.5,68.9,173.33
money_plant,21.78,32.5,69.0,179.17
snake_plant,74.08,32.5,69.0,179.17
cactus,29.1,32.5,69.0,179.17
money_plant,21.78,32.4,69.8,182.5
snake_plant,73.9,32.4,69.8,182.5
cactus,29.14,32.4,69.8,182.5
money_plant,21.16,32.3,70.5,180.83
snake_plant,73.36,32.3,70.5,180.83
cactus,28.83,32.3,70.5,180.83
money_plant,21.42,32.3,71.2,176.67
snake_plant,73.99,32.3,71.2,176.67
cactus,28.53,32.3,71.2,176.67
money_plant,21.36,32.1,74.0,168.33
snake_plant,73.87,32.1,74.0,168.33
cactus,28.62,32.1,74.0,168.33
money_plant,21.6,32.0,73.8,154.17
snake_plant,74.02,32.0,73.8,154.17
cactus,28.56,32.0,73.8,154.17
money_plant,21.27,31.9,75.8,145.83
snake_plant,74.12,31.9,75.8,145.83
cactus,28.16,31.9,75.8,145.83
money_plant,21.3,31.7,76.8,143.33
snake_plant,74.02,31.7,76.8,143.33
cactus,28.19,31.7,76.8,143.33
money_plant,21.3,31.6,76.3,145.83
snake_plant,74.05,31.6,76.3,145.83
cactus,28.53,31.6,76.3,145.83
money_plant,20.83,31.4,77.3,150.83
snake_plant,74.43,31.4,77.3,150.83
cactus,28.62,31.4,77.3,150.83
money_plant,21.21,31.2,78.8,153.33
snake_plant,75.02,31.2,78.8,153.33
cactus,28.44,31.2,78.8,153.33
money_plant,20.98,31.1,79.1,153.33
snake_plant,74.52,31.1,79.1,153.33
cactus,28.19,31.1,79.1,153.33
money_plant,20.98,31.0,79.5,150.83
snake_plant,74.15,31.0,79.5,150.83
cactus,28.16,31.0,79.5,150.83
money_plant,21.21,30.9,79.8,147.5
snake_plant,74.49,30.9,79.8,147.5
cactus,27.83,30.9,79.8,147.5
money_plant,21.24,31.0,80.1,145.0
snake_plant,74.49,31.0,80.1,145.0
cactus,28.29,31.0,80.1,145.0
money_plant,20.89,30.9,80.4,142.5
snake_plant,74.49,30.9,80.4,142.5
cactus,28.07,30.9,80.4,142.5
money_plant,20.44,30.9,80.6,137.5
snake_plant,74.49,30.9,80.6,137.5
cactus,27.95,30.9,80.6,137.5
money_plant,20.65,30.9,80.5,125.0
snake_plant,74.59,30.9,80.5,125.0
cactus,28.07,30.9,80.5,125.0
money_plant,21.75,30.8,81.4,102.5
snake_plant,73.99,30.8,81.4,102.5
cactus,28.19,30.8,81.4,102.5
money_plant,20.77,30.7,81.7,93.33
snake_plant,74.59,30.7,81.7,93.33
cactus,27.47,30.7,81.7,93.33
money_plant,20.92,30.7,81.5,91.67
snake_plant,74.59,30.7,81.5,91.67
cactus,27.62,30.7,81.5,91.67
money_plant,20.33,30.7,81.6,90.0
snake_plant,75.09,30.7,81.6,90.0
cactus,27.65,30.7,81.6,90.0
money_plant,21.01,30.7,82.5,89.17
snake_plant,75.43,30.7,82.5,89.17
cactus,28.62,30.7,82.5,89.17
money_plant,20.98,30.7,82.5,87.5
snake_plant,74.8,30.7,82.5,87.5
cactus,28.59,30.7,82.5,87.5
money_plant,20.5,30.6,82.3,87.5
snake_plant,75.27,30.6,82.3,87.5
cactus,28.65,30.6,82.3,87.5
money_plant,20.71,30.6,82.7,86.67
snake_plant,75.56,30.6,82.7,86.67
cactus,28.07,30.6,82.7,86.67
money_plant,20.5,30.5,82.6,86.67
snake_plant,75.68,30.5,82.6,86.67
cactus,27.98,30.5,82.6,86.67
money_plant,20.68,30.5,83.0,84.17
snake_plant,75.59,30.5,83.0,84.17
cactus,28.04,30.5,83.0,84.17
money_plant,20.44,30.4,83.1,82.5
snake_plant,75.62,30.4,83.1,82.5
cactus,27.59,30.4,83.1,82.5
money_plant,20.71,30.4,82.8,78.33
snake_plant,75.49,30.4,82.8,78.33
cactus,28.25,30.4,82.8,78.33
money_plant,20.74,30.4,82.6,75.0
snake_plant,76.12,30.4,82.6,75.0
cactus,27.62,30.4,82.6,75.0
money_plant,20.62,30.4,82.0,75.0
snake_plant,75.9,30.4,82.0,75.0
cactus,27.19,30.4,82.0,75.0
money_plant,21.87,30.2,82.9,78.33
snake_plant,75.74,30.2,82.9,78.33
cactus,27.19,30.2,82.9,78.33
money_plant,20.68,30.2,82.7,83.33
snake_plant,75.9,30.2,82.7,83.33
cactus,27.37,30.2,82.7,83.33
money_plant,20.5,30.2,81.9,88.33
snake_plant,75.93,30.2,81.9,88.33
cactus,28.59,30.2,81.9,88.33
money_plant,20.56,30.1,82.3,91.67
snake_plant,76.09,30.1,82.3,91.67
cactus,27.65,30.1,82.3,91.67
money_plant,20.39,30.1,82.5,95.0
snake_plant,75.81,30.1,82.5,95.0
cactus,27.89,30.1,82.5,95.0
money_plant,20.47,30.2,82.8,99.17
snake_plant,76.09,30.2,82.8,99.17
cactus,28.04,30.2,82.8,99.17
money_plant,20.68,30.2,82.7,100.0
snake_plant,76.06,30.2,82.7,100.0
cactus,28.16,30.2,82.7,100.0
money_plant,21.16,30.2,82.7,96.67
snake_plant,75.9,30.2,82.7,96.67
cactus,28.83,30.2,82.7,96.67
money_plant,20.5,30.3,82.5,85.0
snake_plant,75.81,30.3,82.5,85.0
cactus,28.77,30.3,82.5,85.0
money_plant,20.62,30.3,82.8,78.33
snake_plant,76.09,30.3,82.8,78.33
cactus,28.22,30.3,82.8,78.33
money_plant,20.41,30.2,83.1,74.17
snake_plant,76.56,30.2,83.1,74.17
cactus,28.16,30.2,83.1,74.17
money_plant,20.36,30.0,83.9,73.33
snake_plant,76.09,30.0,83.9,73.33
cactus,27.95,30.0,83.9,73.33
money_plant,20.36,30.0,83.1,77.5
snake_plant,75.93,30.0,83.1,77.5
cactus,28.44,30.0,83.1,77.5
money_plant,20.5,29.8,83.2,87.5
snake_plant,76.24,29.8,83.2,87.5
cactus,28.53,29.8,83.2,87.5
money_plant,20.21,29.7,83.4,101.67
snake_plant,78.25,29.7,83.4,101.67
cactus,28.95,29.7,83.4,101.67
money_plant,20.39,29.7,83.5,116.67
snake_plant,76.28,29.7,83.5,116.67
cactus,27.8,29.7,83.5,116.67
money_plant,20.36,29.7,83.5,125.0
snake_plant,76.37,29.7,83.5,125.0
cactus,28.16,29.7,83.5,125.0
money_plant,20.3,29.8,84.3,125.83
snake_plant,76.53,29.8,84.3,125.83
cactus,27.77,29.8,84.3,125.83
money_plant,20.36,29.8,83.8,122.5
snake_plant,76.53,29.8,83.8,122.5
cactus,27.01,29.8,83.8,122.5
money_plant,20.3,30.0,83.0,120.0
snake_plant,76.28,30.0,83.0,120.0
cactus,27.65,30.0,83.0,120.0
money_plant,20.36,30.1,82.8,118.33
snake_plant,76.56,30.1,82.8,118.33
cactus,28.65,30.1,82.8,118.33
money_plant,20.56,30.2,82.2,119.17
snake_plant,76.37,30.2,82.2,119.17
cactus,29.04,30.2,82.2,119.17
money_plant,20.36,30.4,81.5,121.67
snake_plant,76.49,30.4,81.5,121.67
cactus,28.16,30.4,81.5,121.67
money_plant,20.5,30.5,81.6,125.83
snake_plant,76.43,30.5,81.6,125.83
cactus,27.95,30.5,81.6,125.83
money_plant,20.24,30.5,82.2,130.83
snake_plant,76.81,30.5,82.2,130.83
cactus,28.01,30.5,82.2,130.83
money_plant,20.21,30.4,82.4,135.0
snake_plant,76.74,30.4,82.4,135.0
cactus,26.95,30.4,82.4,135.0
money_plant,20.18,30.4,82.4,140.0
snake_plant,76.68,30.4,82.4,140.0
cactus,28.1,30.4,82.4,140.0
money_plant,20.27,30.3,82.5,145.0
snake_plant,76.65,30.3,82.5,145.0
cactus,27.19,30.3,82.5,145.0
money_plant,20.3,30.3,82.6,148.33
snake_plant,76.81,30.3,82.6,148.33
cactus,27.83,30.3,82.6,148.33
money_plant,19.94,30.3,82.0,149.17
snake_plant,76.59,30.3,82.0,149.17
cactus,27.44,30.3,82.0,149.17
money_plant,20.18,30.3,80.8,149.17
snake_plant,76.59,30.3,80.8,149.17
cactus,27.13,30.3,80.8,149.17
money_plant,20.0,30.4,81.3,157.5
snake_plant,76.93,30.4,81.3,157.5
cactus,27.65,30.4,81.3,157.5
money_plant,20.33,30.4,81.3,165.83
snake_plant,76.74,30.4,81.3,165.83
cactus,27.5,30.4,81.3,165.83
money_plant,19.94,30.5,81.4,165.0
snake_plant,76.71,30.5,81.4,165.0
cactus,26.95,30.5,81.4,165.0
money_plant,19.88,30.5,81.4,158.33
snake_plant,77.09,30.5,81.4,158.33
cactus,27.56,30.5,81.4,158.33
money_plant,19.97,30.5,81.4,150.83
snake_plant,77.12,30.5,81.4,150.83
cactus,27.13,30.5,81.4,150.83
money_plant,20.24,30.5,81.9,143.33
snake_plant,76.9,30.5,81.9,143.33
cactus,26.86,30.5,81.9,143.33
money_plant,20.06,30.3,82.9,139.17
snake_plant,77.12,30.3,82.9,139.17
cactus,27.59,30.3,82.9,139.17
money_plant,20.06,30.2,83.3,138.33
snake_plant,77.25,30.2,83.3,138.33
cactus,27.8,30.2,83.3,138.33
money_plant,20.27,30.1,83.6,143.33
snake_plant,77.0,30.1,83.6,143.33
cactus,26.71,30.1,83.6,143.33
money_plant,20.06,30.0,82.9,147.5
snake_plant,76.71,30.0,82.9,147.5
cactus,27.92,30.0,82.9,147.5
money_plant,20.03,30.0,83.6,142.5
snake_plant,77.0,30.0,83.6,142.5
cactus,27.62,30.0,83.6,142.5
money_plant,20.06,30.1,83.9,131.67
snake_plant,78.28,30.1,83.9,131.67
cactus,27.74,30.1,83.9,131.67
money_plant,20.53,30.1,83.9,122.5
snake_plant,77.18,30.1,83.9,122.5
cactus,27.65,30.1,83.9,122.5
money_plant,20.09,30.1,83.7,116.67
snake_plant,77.28,30.1,83.7,116.67
cactus,27.01,30.1,83.7,116.67
money_plant,19.97,30.2,83.3,113.33
snake_plant,77.56,30.2,83.3,113.33
cactus,27.13,30.2,83.3,113.33
money_plant,19.44,30.2,83.2,111.67
snake_plant,77.25,30.2,83.2,111.67
cactus,27.22,30.2,83.2,111.67
money_plant,20.33,30.2,83.3,110.0
snake_plant,77.59,30.2,83.3,110.0
cactus,27.34,30.2,83.3,110.0
money_plant,19.38,30.3,83.2,105.0
snake_plant,77.4,30.3,83.2,105.0
cactus,27.65,30.3,83.2,105.0
money_plant,20.33,30.3,82.9,100.0
snake_plant,77.18,30.3,82.9,100.0
cactus,27.5,30.3,82.9,100.0
money_plant,20.15,30.4,82.5,93.33
snake_plant,77.46,30.4,82.5,93.33
cactus,27.22,30.4,82.5,93.33
money_plant,17.19,30.4,82.5,84.17
snake_plant,77.28,30.4,82.5,84.17
cactus,27.34,30.4,82.5,84.17
money_plant,19.41,30.4,82.6,78.33
snake_plant,77.25,30.4,82.6,78.33
cactus,26.77,30.4,82.6,78.33
money_plant,20.36,30.3,82.9,76.67
snake_plant,77.59,30.3,82.9,76.67
cactus,27.65,30.3,82.9,76.67
money_plant,20.18,30.2,83.5,78.33
snake_plant,77.37,30.2,83.5,78.33
cactus,27.19,30.2,83.5,78.33
money_plant,20.03,30.2,83.3,81.67
snake_plant,77.25,30.2,83.3,81.67
cactus,26.71,30.2,83.3,81.67
money_plant,20.0,30.2,83.7,84.17
snake_plant,77.56,30.2,83.7,84.17
cactus,26.68,30.2,83.7,84.17
money_plant,20.36,30.1,83.4,85.83
snake_plant,77.59,30.1,83.4,85.83
cactus,26.62,30.1,83.4,85.83
money_plant,19.94,30.3,82.6,88.33
snake_plant,79.31,30.3,82.6,88.33
cactus,26.65,30.3,82.6,88.33
money_plant,19.97,30.4,82.1,89.17
snake_plant,77.62,30.4,82.1,89.17
cactus,26.37,30.4,82.1,89.17
money_plant,20.33,30.5,81.3,87.5
snake_plant,77.46,30.5,81.3,87.5
cactus,26.04,30.5,81.3,87.5
money_plant,20.24,30.6,81.0,85.83
snake_plant,77.4,30.6,81.0,85.83
cactus,26.13,30.6,81.0,85.83
money_plant,20.09,30.5,80.9,83.33
snake_plant,77.59,30.5,80.9,83.33
cactus,27.01,30.5,80.9,83.33
money_plant,20.03,30.5,80.9,80.83
snake_plant,77.78,30.5,80.9,80.83
cactus,26.71,30.5,80.9,80.83
money_plant,20.21,30.6,80.5,79.17
snake_plant,77.53,30.6,80.5,79.17
cactus,27.13,30.6,80.5,79.17
money_plant,19.91,30.1,81.2,75.0
snake_plant,77.62,30.1,81.2,75.0
cactus,26.62,30.1,81.2,75.0
money_plant,20.21,30.0,82.2,67.5
snake_plant,77.56,30.0,82.2,67.5
cactus,26.59,30.0,82.2,67.5
money_plant,20.03,30.0,81.5,63.33
snake_plant,77.93,30.0,81.5,63.33
cactus,26.65,30.0,81.5,63.33
money_plant,20.03,30.0,81.4,61.67
snake_plant,78.09,30.0,81.4,61.67
cactus,26.68,30.0,81.4,61.67
money_plant,20.15,30.0,81.3,60.83
snake_plant,78.06,30.0,81.3,60.83
cactus,27.34,30.0,81.3,60.83
money_plant,15.29,29.9,81.6,59.17
snake_plant,78.03,29.9,81.6,59.17
cactus,27.31,29.9,81.6,59.17
money_plant,20.21,30.0,81.7,58.33
snake_plant,77.93,30.0,81.7,58.33
cactus,26.65,30.0,81.7,58.33
money_plant,20.3,29.9,81.8,56.67
snake_plant,78.18,29.9,81.8,56.67
cactus,26.59,29.9,81.8,56.67
money_plant,20.27,29.8,82.9,56.67
snake_plant,78.12,29.8,82.9,56.67
cactus,27.13,29.8,82.9,56.67
money_plant,13.21,29.6,82.1,55.0
snake_plant,78.59,29.6,82.1,55.0
cactus,26.68,29.6,82.1,55.0
money_plant,20.33,29.6,81.9,55.0
snake_plant,78.37,29.6,81.9,55.0
cactus,26.62,29.6,81.9,55.0
money_plant,20.18,29.4,81.5,54.17
snake_plant,78.59,29.4,81.5,54.17
cactus,26.37,29.4,81.5,54.17
money_plant,20.36,29.4,81.9,54.17
snake_plant,78.59,29.4,81.9,54.17
cactus,27.19,29.4,81.9,54.17
money_plant,20.0,29.2,82.9,55.0
snake_plant,78.37,29.2,82.9,55.0
cactus,27.71,29.2,82.9,55.0
money_plant,20.21,29.3,82.3,54.17
snake_plant,78.65,29.3,82.3,54.17
cactus,27.56,29.3,82.3,54.17
money_plant,20.36,29.2,83.0,54.17
snake_plant,78.44,29.2,83.0,54.17
cactus,27.44,29.2,83.0,54.17
money_plant,20.27,29.2,82.1,55.0
snake_plant,78.44,29.2,82.1,55.0
cactus,27.37,29.2,82.1,55.0
money_plant,20.09,29.2,82.0,56.67
snake_plant,78.34,29.2,82.0,56.67
cactus,27.1,29.2,82.0,56.67
money_plant,20.15,29.2,82.6,55.0
snake_plant,78.59,29.2,82.6,55.0
cactus,26.71,29.2,82.6,55.0
money_plant,20.36,29.2,82.4,54.17
snake_plant,78.9,29.2,82.4,54.17
cactus,26.74,29.2,82.4,54.17
money_plant,17.42,29.0,82.5,55.0
snake_plant,78.28,29.0,82.5,55.0
cactus,26.31,29.0,82.5,55.0
money_plant,20.27,28.9,83.0,54.17
snake_plant,78.44,28.9,83.0,54.17
cactus,26.68,28.9,83.0,54.17
money_plant,20.03,28.7,83.1,55.83
snake_plant,78.44,28.7,83.1,55.83
cactus,26.62,28.7,83.1,55.83
money_plant,20.33,28.7,83.1,55.83
snake_plant,78.37,28.7,83.1,55.83
cactus,25.64,28.7,83.1,55.83
money_plant,20.15,28.7,82.9,59.17
snake_plant,78.37,28.7,82.9,59.17
cactus,26.89,28.7,82.9,59.17
money_plant,20.03,28.6,83.6,63.33
snake_plant,78.15,28.6,83.6,63.33
cactus,25.83,28.6,83.6,63.33
money_plant,19.56,28.5,83.9,71.67
snake_plant,78.34,28.5,83.9,71.67
cactus,26.49,28.5,83.9,71.67
money_plant,20.06,28.5,84.7,80.0
snake_plant,78.5,28.5,84.7,80.0
cactus,25.98,28.5,84.7,80.0
money_plant,20.15,28.5,84.9,90.83
snake_plant,78.37,28.5,84.9,90.83
cactus,26.68,28.5,84.9,90.83
money_plant,20.33,28.5,85.4,97.5
snake_plant,78.22,28.5,85.4,97.5
cactus,26.25,28.5,85.4,97.5
money_plant,20.06,28.5,85.4,100.0
snake_plant,78.44,28.5,85.4,100.0
cactus,27.56,28.5,85.4,100.0
money_plant,19.88,28.5,85.4,99.17
snake_plant,78.03,28.5,85.4,99.17
cactus,27.19,28.5,85.4,99.17
money_plant,20.3,28.5,85.4,99.17
snake_plant,78.53,28.5,85.4,99.17
cactus,27.1,28.5,85.4,99.17
money_plant,20.24,28.5,85.9,102.5
snake_plant,78.15,28.5,85.9,102.5
cactus,26.71,28.5,85.9,102.5
money_plant,20.27,28.5,87.1,110.83
snake_plant,78.31,28.5,87.1,110.83
cactus,26.68,28.5,87.1,110.83
money_plant,20.21,28.5,86.1,119.17
snake_plant,78.18,28.5,86.1,119.17
cactus,26.83,28.5,86.1,119.17
money_plant,20.33,28.5,86.4,125.83
snake_plant,78.4,28.5,86.4,125.83
cactus,27.22,28.5,86.4,125.83
money_plant,19.79,28.4,86.3,135.83
snake_plant,78.09,28.4,86.3,135.83
cactus,26.86,28.4,86.3,135.83
money_plant,20.03,28.4,86.2,147.5
snake_plant,80.13,28.4,86.2,147.5
cactus,28.16,28.4,86.2,147.5
money_plant,20.03,28.4,87.3,154.17
snake_plant,78.56,28.4,87.3,154.17
cactus,26.89,28.4,87.3,154.17
money_plant,20.03,28.3,87.1,153.33
snake_plant,78.09,28.3,87.1,153.33
cactus,26.68,28.3,87.1,153.33
money_plant,19.97,28.3,88.6,147.5
snake_plant,78.12,28.3,88.6,147.5
cactus,26.56,28.3,88.6,147.5
money_plant,20.03,28.4,87.2,145.83
snake_plant,78.09,28.4,87.2,145.83
cactus,26.59,28.4,87.2,145.83
money_plant,20.03,28.4,87.5,153.33
snake_plant,78.12,28.4,87.5,153.33
cactus,26.22,28.4,87.5,153.33
money_plant,20.06,28.5,87.9,162.5
snake_plant,78.15,28.5,87.9,162.5
cactus,26.19,28.5,87.9,162.5
money_plant,20.47,28.5,87.7,165.0
snake_plant,78.28,28.5,87.7,165.0
cactus,25.64,28.5,87.7,165.0
money_plant,19.91,28.5,86.9,164.17
snake_plant,78.5,28.5,86.9,164.17
cactus,25.4,28.5,86.9,164.17
money_plant,20.06,28.4,86.9,154.17
snake_plant,78.44,28.4,86.9,154.17
cactus,27.07,28.4,86.9,154.17
money_plant,20.03,28.4,87.6,140.83
snake_plant,78.18,28.4,87.6,140.83
cactus,26.16,28.4,87.6,140.83
money_plant,19.73,28.3,88.5,123.33
snake_plant,75.4,28.3,88.5,123.33
cactus,26.8,28.3,88.5,123.33
money_plant,20.33,28.4,88.3,109.17
snake_plant,78.12,28.4,88.3,109.17
cactus,26.1,28.4,88.3,109.17
money_plant,20.21,28.5,88.1,96.67
snake_plant,78.22,28.5,88.1,96.67
cactus,26.37,28.5,88.1,96.67
money_plant,20.09,28.5,87.5,91.67
snake_plant,78.44,28.5,87.5,91.67
cactus,26.28,28.5,87.5,91.67
money_plant,19.88,28.5,88.2,91.67
snake_plant,78.12,28.5,88.2,91.67
cactus,25.49,28.5,88.2,91.67
money_plant,20.06,28.5,88.7,90.0
snake_plant,78.28,28.5,88.7,90.0
cactus,25.68,28.5,88.7,90.0
money_plant,20.27,28.5,88.5,90.0
snake_plant,78.28,28.5,88.5,90.0
cactus,26.01,28.5,88.5,90.0
money_plant,20.27,28.5,88.9,90.0
snake_plant,78.15,28.5,88.9,90.0
cactus,25.92,28.5,88.9,90.0
money_plant,20.06,28.6,88.4,90.0
snake_plant,78.25,28.6,88.4,90.0
cactus,26.16,28.6,88.4,90.0
money_plant,20.15,28.6,87.8,90.83
snake_plant,78.09,28.6,87.8,90.83
cactus,26.1,28.6,87.8,90.83
money_plant,20.15,28.6,86.8,90.83
snake_plant,78.15,28.6,86.8,90.83
cactus,26.16,28.6,86.8,90.83
money_plant,20.36,28.7,86.5,86.67
snake_plant,78.53,28.7,86.5,86.67
cactus,25.71,28.7,86.5,86.67
money_plant,19.91,28.7,86.8,79.17
snake_plant,78.06,28.7,86.8,79.17
cactus,25.52,28.7,86.8,79.17
money_plant,19.64,28.7,86.5,69.17
snake_plant,78.25,28.7,86.5,69.17
cactus,26.46,28.7,86.5,69.17
money_plant,20.06,28.7,86.1,60.0
snake_plant,78.06,28.7,86.1,60.0
cactus,25.64,28.7,86.1,60.0
money_plant,19.91,28.7,86.0,50.83
snake_plant,76.59,28.7,86.0,50.83
cactus,26.07,28.7,86.0,50.83
money_plant,20.03,28.8,86.7,44.17
snake_plant,78.15,28.8,86.7,44.17
cactus,25.31,28.8,86.7,44.17
money_plant,20.21,28.7,86.7,40.0
snake_plant,78.25,28.7,86.7,40.0
cactus,25.37,28.7,86.7,40.0
money_plant,19.88,28.6,88.0,35.83
snake_plant,78.37,28.6,88.0,35.83
cactus,26.49,28.6,88.0,35.83
money_plant,19.94,28.5,87.6,33.33
snake_plant,78.28,28.5,87.6,33.33
cactus,26.77,28.5,87.6,33.33
money_plant,19.73,28.5,87.7,30.83
snake_plant,78.44,28.5,87.7,30.83
cactus,26.77,28.5,87.7,30.83
money_plant,20.15,28.6,88.5,29.17
snake_plant,78.15,28.6,88.5,29.17
cactus,26.77,28.6,88.5,29.17
money_plant,20.0,28.6,88.3,29.17
snake_plant,78.53,28.6,88.3,29.17
cactus,26.13,28.6,88.3,29.17
money_plant,19.94,28.6,87.4,29.17
snake_plant,78.25,28.6,87.4,29.17
cactus,26.86,28.6,87.4,29.17
money_plant,19.94,28.7,87.2,30.0
snake_plant,78.4,28.7,87.2,30.0
cactus,25.98,28.7,87.2,30.0
money_plant,19.91,28.8,86.4,31.67
snake_plant,78.5,28.8,86.4,31.67
cactus,25.68,28.8,86.4,31.67
money_plant,20.06,28.9,86.5,33.33
snake_plant,78.31,28.9,86.5,33.33
cactus,25.71,28.9,86.5,33.33
money_plant,19.94,28.8,86.8,35.0
snake_plant,78.59,28.8,86.8,35.0
cactus,26.13,28.8,86.8,35.0
money_plant,19.76,28.6,87.3,35.83
snake_plant,78.18,28.6,87.3,35.83
cactus,26.37,28.6,87.3,35.83
money_plant,19.85,28.6,86.7,35.83
snake_plant,78.4,28.6,86.7,35.83
cactus,27.1,28.6,86.7,35.83
money_plant,20.03,28.5,87.3,35.83
snake_plant,78.4,28.5,87.3,35.83
cactus,26.01,28.5,87.3,35.83
money_plant,19.76,28.5,87.7,35.0
snake_plant,78.12,28.5,87.7,35.0
cactus,26.16,28.5,87.7,35.0
money_plant,20.03,28.7,86.8,35.83
snake_plant,78.59,28.7,86.8,35.83
cactus,25.61,28.7,86.8,35.83
money_plant,20.39,28.9,86.0,35.83
snake_plant,77.97,28.9,86.0,35.83
cactus,26.28,28.9,86.0,35.83
money_plant,19.94,28.9,85.4,36.67
snake_plant,78.97,28.9,85.4,36.67
cactus,26.46,28.9,85.4,36.67
money_plant,19.85,28.9,85.7,37.5
snake_plant,78.59,28.9,85.7,37.5
cactus,25.98,28.9,85.7,37.5
money_plant,19.76,28.9,86.2,38.33
snake_plant,78.22,28.9,86.2,38.33
cactus,25.77,28.9,86.2,38.33
money_plant,20.09,28.8,86.7,30.83
snake_plant,78.56,28.8,86.7,30.83
cactus,25.71,28.8,86.7,30.83
money_plant,19.85,28.9,85.9,57.5
snake_plant,78.37,28.9,85.9,57.5
cactus,25.22,28.9,85.9,57.5
money_plant,19.73,29.2,85.1,0.0
snake_plant,78.5,29.2,85.1,0.0
cactus,25.43,29.2,85.1,0.0
money_plant,19.85,29.3,84.3,0.0
snake_plant,78.44,29.3,84.3,0.0
cactus,25.55,29.3,84.3,0.0
money_plant,20.15,29.5,83.7,0.0
snake_plant,78.56,29.5,83.7,0.0
cactus,25.68,29.5,83.7,0.0
money_plant,19.91,29.6,83.1,0.0
snake_plant,78.25,29.6,83.1,0.0
cactus,25.37,29.6,83.1,0.0
money_plant,19.79,29.7,82.7,0.0
snake_plant,78.18,29.7,82.7,0.0
cactus,26.68,29.7,82.7,0.0
money_plant,19.67,29.8,82.4,0.0
snake_plant,78.31,29.8,82.4,0.0
cactus,26.56,29.8,82.4,0.0
money_plant,19.85,29.9,82.0,0.0
snake_plant,78.22,29.9,82.0,0.0
cactus,25.86,29.9,82.0,0.0
money_plant,20.03,30.0,81.6,0.0
snake_plant,78.59,30.0,81.6,0.0
cactus,26.28,30.0,81.6,0.0
money_plant,19.85,30.1,81.8,0.0
snake_plant,79.12,30.1,81.8,0.0
cactus,25.74,30.1,81.8,0.0
money_plant,19.94,30.1,81.5,0.0
snake_plant,78.47,30.1,81.5,0.0
cactus,25.28,30.1,81.5,0.0
money_plant,19.73,30.2,81.3,0.0
snake_plant,78.56,30.2,81.3,0.0
cactus,25.25,30.2,81.3,0.0
money_plant,20.06,30.2,81.1,0.0
snake_plant,78.62,30.2,81.1,0.0
cactus,25.1,30.2,81.1,0.0
money_plant,19.94,30.2,81.0,0.0
snake_plant,78.44,30.2,81.0,0.0
cactus,25.55,30.2,81.0,0.0
money_plant,20.06,30.3,80.8,0.0
snake_plant,78.59,30.3,80.8,0.0
cactus,25.25,30.3,80.8,0.0
money_plant,19.94,30.3,80.5,0.0
snake_plant,78.44,30.3,80.5,0.0
cactus,25.52,30.3,80.5,0.0
money_plant,19.91,30.4,80.6,0.0
snake_plant,78.44,30.4,80.6,0.0
cactus,25.01,30.4,80.6,0.0
money_plant,19.91,30.4,80.5,0.0
snake_plant,78.37,30.4,80.5,0.0
cactus,26.62,30.4,80.5,0.0
money_plant,19.73,30.4,80.6,0.0
snake_plant,78.53,30.4,80.6,0.0
cactus,25.49,30.4,80.6,0.0
money_plant,19.59,30.5,80.2,0.0
snake_plant,78.59,30.5,80.2,0.0
cactus,25.55,30.5,80.2,0.0
money_plant,19.73,30.5,79.9,0.0
snake_plant,78.59,30.5,79.9,0.0
cactus,24.73,30.5,79.9,0.0
money_plant,19.94,30.5,79.7,0.0
snake_plant,78.59,30.5,79.7,0.0
cactus,25.31,30.5,79.7,0.0
money_plant,19.85,30.5,79.7,0.0
snake_plant,78.25,30.5,79.7,0.0
cactus,25.16,30.5,79.7,0.0
money_plant,19.91,30.6,79.7,0.0
snake_plant,78.28,30.6,79.7,0.0
cactus,25.22,30.6,79.7,0.0
money_plant,20.15,30.6,79.5,0.0
snake_plant,78.4,30.6,79.5,0.0
cactus,25.64,30.6,79.5,0.0
money_plant,19.67,30.6,79.4,55.0
snake_plant,78.56,30.6,79.4,55.0
cactus,26.04,30.6,79.4,55.0
money_plant,20.15,30.6,79.4,55.0
snake_plant,78.87,30.6,79.4,55.0
cactus,25.86,30.6,79.4,55.0
money_plant,20.21,30.6,79.3,55.0
snake_plant,78.59,30.6,79.3,55.0
cactus,26.1,30.6,79.3,55.0
money_plant,20.18,30.6,79.3,55.83
snake_plant,78.69,30.6,79.3,55.83
cactus,25.71,30.6,79.3,55.83
money_plant,19.97,30.6,79.1,55.83
snake_plant,78.59,30.6,79.1,55.83
cactus,25.68,30.6,79.1,55.83
money_plant,19.91,30.6,79.1,55.83
snake_plant,78.12,30.6,79.1,55.83
cactus,25.71,30.6,79.1,55.83
money_plant,19.85,30.6,79.0,55.83
snake_plant,78.5,30.6,79.0,55.83
cactus,25.52,30.6,79.0,55.83
money_plant,19.94,30.6,78.9,55.83
snake_plant,78.69,30.6,78.9,55.83
cactus,25.71,30.6,78.9,55.83
money_plant,20.09,30.6,78.8,55.83
snake_plant,78.59,30.6,78.8,55.83
cactus,25.31,30.6,78.8,55.83
money_plant,20.27,30.7,79.0,55.83
snake_plant,78.59,30.7,79.0,55.83
cactus,25.37,30.7,79.0,55.83
money_plant,20.06,30.6,78.8,55.83
snake_plant,78.5,30.6,78.8,55.83
cactus,25.49,30.6,78.8,55.83
money_plant,19.76,30.6,78.4,55.83
snake_plant,78.62,30.6,78.4,55.83
cactus,25.28,30.6,78.4,55.83
money_plant,20.06,30.7,78.1,55.83
snake_plant,78.62,30.7,78.1,55.83
cactus,25.37,30.7,78.1,55.83
money_plant,20.18,30.6,78.2,55.83
snake_plant,78.56,30.6,78.2,55.83
cactus,25.13,30.6,78.2,55.83
money_plant,20.21,30.6,78.1,55.83
snake_plant,78.72,30.6,78.1,55.83
cactus,24.8,30.6,78.1,55.83
money_plant,20.09,30.6,77.9,55.83
snake_plant,78.59,30.6,77.9,55.83
cactus,25.55,30.6,77.9,55.83
money_plant,20.06,30.6,77.9,55.83
snake_plant,78.69,30.6,77.9,55.83
cactus,25.37,30.6,77.9,55.83
money_plant,19.97,30.6,77.5,55.83
snake_plant,78.72,30.6,77.5,55.83
cactus,25.22,30.6,77.5,55.83
money_plant,21.45,30.6,77.3,55.83
snake_plant,78.59,30.6,77.3,55.83
cactus,24.95,30.6,77.3,55.83
money_plant,20.33,30.6,77.4,55.83
snake_plant,78.87,30.6,77.4,55.83
cactus,25.25,30.6,77.4,55.83
money_plant,19.97,30.5,77.2,55.83
snake_plant,78.75,30.5,77.2,55.83
cactus,25.68,30.5,77.2,55.83
money_plant,19.91,30.5,77.1,55.83
snake_plant,78.62,30.5,77.1,55.83
cactus,25.28,30.5,77.1,55.83
money_plant,19.97,30.5,77.5,55.83
snake_plant,78.81,30.5,77.5,55.83
cactus,25.71,30.5,77.5,55.83
money_plant,20.09,30.5,77.6,55.83
snake_plant,78.53,30.5,77.6,55.83
cactus,25.77,30.5,77.6,55.83
money_plant,20.36,30.5,77.3,55.83
snake_plant,78.59,30.5,77.3,55.83
cactus,25.43,30.5,77.3,55.83
money_plant,20.06,30.5,77.4,55.83
snake_plant,78.59,30.5,77.4,55.83
cactus,25.13,30.5,77.4,55.83
money_plant,20.03,30.5,77.3,55.83
snake_plant,78.5,30.5,77.3,55.83
cactus,24.83,30.5,77.3,55.83
money_plant,19.91,30.6,77.3,55.83
snake_plant,78.5,30.6,77.3,55.83
cactus,25.07,30.6,77.3,55.83
money_plant,20.0,30.6,77.4,55.83
snake_plant,78.56,30.6,77.4,55.83
cactus,25.07,30.6,77.4,55.83
money_plant,19.91,30.6,77.1,55.83
snake_plant,78.59,30.6,77.1,55.83
cactus,25.19,30.6,77.1,55.83
money_plant,20.03,30.6,77.2,55.83
snake_plant,78.69,30.6,77.2,55.83
cactus,25.37,30.6,77.2,55.83
money_plant,19.7,30.5,77.0,55.83
snake_plant,78.59,30.5,77.0,55.83
cactus,26.04,30.5,77.0,55.83
money_plant,20.03,30.6,76.9,55.83
snake_plant,78.69,30.6,76.9,55.83
cactus,25.89,30.6,76.9,55.83
money_plant,21.45,30.6,76.7,55.83
snake_plant,78.59,30.6,76.7,55.83
cactus,26.68,30.6,76.7,55.83
money_plant,19.79,30.6,77.1,55.83
snake_plant,78.65,30.6,77.1,55.83
cactus,26.62,30.6,77.1,55.83
money_plant,20.39,30.6,77.0,55.83
snake_plant,78.72,30.6,77.0,55.83
cactus,26.49,30.6,77.0,55.83
money_plant,20.03,30.6,77.0,55.83
cactus,26.59,30.6,77.0,55.83
money_plant,19.94,30.6,76.8,55.83
snake_plant,78.78,30.6,76.8,55.83
cactus,26.59,30.6,76.8,55.83
money_plant,19.97,30.6,76.8,55.83
snake_plant,78.62,30.6,76.8,55.83
cactus,26.34,30.6,76.8,55.83
money_plant,20.06,30.6,76.7,55.83
snake_plant,78.69,30.6,76.7,55.83
cactus,25.74,30.6,76.7,55.83
money_plant,19.7,30.6,76.6,55.83
snake_plant,78.75,30.6,76.6,55.83
cactus,26.13,30.6,76.6,55.83
money_plant,19.76,30.6,76.6,55.83
snake_plant,78.59,30.6,76.6,55.83
cactus,26.22,30.6,76.6,55.83
money_plant,19.82,30.6,76.5,55.83
snake_plant,78.59,30.6,76.5,55.83
cactus,25.86,30.6,76.5,55.83
money_plant,26.01,30.6,76.6,55.83
snake_plant,78.56,30.6,76.6,55.83
cactus,26.59,30.6,76.6,55.83
money_plant,19.85,30.6,76.6,55.83
snake_plant,78.69,30.6,76.6,55.83
cactus,25.55,30.6,76.6,55.83
money_plant,19.94,30.6,76.7,55.83
snake_plant,78.56,30.6,76.7,55.83
money_plant,20.03,30.6,76.4,55.83
snake_plant,79.34,30.6,76.4,55.83
cactus,25.25,30.6,76.4,55.83
money_plant,20.09,30.6,76.5,55.83
snake_plant,78.28,30.6,76.5,55.83
cactus,25.13,30.6,76.5,55.83
money_plant,20.09,30.5,76.4,55.83
snake_plant,78.44,30.5,76.4,55.83
cactus,25.71,30.5,76.4,55.83
money_plant,19.82,30.5,76.5,55.83
snake_plant,78.09,30.5,76.5,55.83
cactus,26.1,30.5,76.5,55.83
snake_plant,78.59,30.6,76.4,55.83
cactus,25.71,30.6,76.4,55.83
money_plant,19.67,30.6,76.6,55.83
snake_plant,78.44,30.6,76.6,55.83
cactus,25.68,30.6,76.6,55.83
money_plant,19.94,30.5,76.5,55.83
snake_plant,78.4,30.5,76.5,55.83
cactus,25.4,30.5,76.5,55.83
money_plant,20.18,30.6,76.5,55.83
snake_plant,78.5,30.6,76.5,55.83
cactus,25.55,30.6,76.5,55.83
snake_plant,78.37,30.6,76.5,55.83
cactus,25.71,30.6,76.5,55.83
money_plant,19.85,30.6,76.4,55.83
snake_plant,78.62,30.6,76.4,55.83
cactus,25.68,30.6,76.4,55.83
money_plant,20.15,30.6,76.4,55.83
snake_plant,78.06,30.6,76.4,55.83
cactus,25.52,30.6,76.4,55.83
cactus,26.4,30.6,76.5,55.83
money_plant,20.21,30.6,76.4,55.83
snake_plant,78.37,30.6,76.4,55.83
cactus,26.16,30.6,76.4,55.83
money_plant,20.39,30.6,76.4,55.83
snake_plant,80.25,30.6,76.4,55.83
cactus,26.37,30.6,76.4,55.83
money_plant,19.91,30.6,76.5,55.83
snake_plant,78.34,30.6,76.5,55.83
cactus,25.8,30.6,76.5,55.83
money_plant,20.21,30.6,76.6,55.83
snake_plant,78.15,30.6,76.6,55.83
cactus,25.95,30.6,76.6,55.83
money_plant,20.18,30.6,76.3,55.83
snake_plant,78.4,30.6,76.3,55.83
cactus,26.04,30.6,76.3,55.83
money_plant,19.73,30.6,76.6,55.83
snake_plant,78.12,30.6,76.6,55.83
cactus,25.98,30.6,76.6,55.83
money_plant,19.91,30.5,76.2,55.83
snake_plant,78.09,30.5,76.2,55.83
cactus,25.98,30.5,76.2,55.83
money_plant,20.03,30.5,76.2,55.83
snake_plant,78.0,30.5,76.2,55.83
cactus,25.16,30.5,76.2,55.83
money_plant,17.84,30.6,76.1,55.83
snake_plant,78.15,30.6,76.1,55.83
cactus,25.74,30.6,76.1,55.83
money_plant,19.91,30.6,76.1,55.83
snake_plant,78.12,30.6,76.1,55.83
cactus,25.71,30.6,76.1,55.83
money_plant,19.85,30.6,76.1,55.83
cactus,25.89,30.6,76.1,55.83
money_plant,19.88,30.6,76.1,55.83
cactus,25.98,30.6,76.1,55.83
money_plant,19.88,30.7,76.0,55.83
snake_plant,78.15,30.7,76.0,55.83
cactus,25.83,30.7,76.0,55.83
money_plant,19.97,30.7,76.0,55.83
snake_plant,78.12,30.7,76.0,55.83
cactus,25.8,30.7,76.0,55.83
snake_plant,75.37,30.7,76.0,55.83
cactus,25.55,30.7,76.0,55.83
money_plant,19.23,30.7,75.8,55.83
snake_plant,78.15,30.7,75.8,55.83
cactus,25.71,30.7,75.8,55.83
money_plant,19.97,30.7,75.9,55.83
snake_plant,78.75,30.7,75.9,55.83
cactus,25.71,30.7,75.9,55.83
money_plant,20.06,30.7,75.7,55.83
snake_plant,77.78,30.7,75.7,55.83
cactus,25.4,30.7,75.7,55.83
money_plant,19.94,30.7,75.8,55.83
snake_plant,77.59,30.7,75.8,55.83
cactus,25.55,30.7,75.8,55.83
snake_plant,77.68,30.7,75.8,55.83
cactus,25.8,30.7,75.8,55.83
money_plant,19.73,30.7,75.7,55.83
snake_plant,77.65,30.7,75.7,55.83
cactus,25.49,30.7,75.7,55.83
money_plant,23.2,30.7,75.8,55.83
cactus,26.62,30.7,75.8,55.83
money_plant,20.03,30.8,75.8,55.83
snake_plant,77.65,30.8,75.8,55.83
cactus,25.71,30.8,75.8,55.83
money_plant,20.03,30.8,75.6,55.83
snake_plant,77.59,30.8,75.6,55.83
cactus,25.68,30.8,75.6,55.83
money_plant,20.8,30.8,75.8,55.83
snake_plant,77.59,30.8,75.8,55.83
money_plant,20.36,30.8,75.6,55.83
snake_plant,77.68,30.8,75.6,55.83
cactus,25.71,30.8,75.6,55.83
money_plant,19.41,30.8,75.6,55.83
snake_plant,77.65,30.8,75.6,55.83
money_plant,20.24,30.8,75.8,55.83
snake_plant,77.21,30.8,75.8,55.83
cactus,25.98,30.8,75.8,55.83
money_plant,20.3,30.8,75.6,55.83
snake_plant,77.21,30.8,75.6,55.83
cactus,26.1,30.8,75.6,55.83
money_plant,20.18,30.8,75.5,55.83
snake_plant,77.28,30.8,75.5,55.83
cactus,26.4,30.8,75.5,55.83
money_plant,19.97,30.8,75.6,55.83
snake_plant,77.31,30.8,75.6,55.83
cactus,26.74,30.8,75.6,55.83
money_plant,20.0,30.8,75.7,55.83
snake_plant,77.03,30.8,75.7,55.83
cactus,27.07,30.8,75.7,55.83
money_plant,20.15,30.8,75.7,55.83
snake_plant,76.62,30.8,75.7,55.83
cactus,26.83,30.8,75.7,55.83
money_plant,22.43,30.8,75.5,55.83
snake_plant,76.93,30.8,75.5,55.83
cactus,26.74,30.8,75.5,55.83
cactus,26.71,30.8,75.5,55.83
money_plant,19.91,30.9,75.5,55.83
snake_plant,73.11,30.9,75.5,55.83
cactus,26.98,30.9,75.5,55.83
money_plant,19.82,30.9,75.3,55.83
snake_plant,77.18,30.9,75.3,55.83
cactus,26.68,30.9,75.3,55.83
money_plant,20.03,30.9,75.1,55.83
snake_plant,77.18,30.9,75.1,55.83
cactus,26.68,30.9,75.1,55.83
snake_plant,77.15,30.9,75.5,55.83
cactus,26.49,30.9,75.5,55.83
money_plant,19.7,30.9,75.4,55.83
snake_plant,76.93,30.9,75.4,55.83
cactus,26.49,30.9,75.4,55.83
money_plant,19.88,30.9,75.3,55.83
snake_plant,77.25,30.9,75.3,55.83
cactus,26.34,30.9,75.3,55.83
money_plant,20.15,30.9,75.3,55.83
snake_plant,76.9,30.9,75.3,55.83
cactus,26.22,30.9,75.3,55.83
money_plant,19.97,30.9,75.4,55.83
snake_plant,77.0,30.9,75.4,55.83
cactus,26.04,30.9,75.4,55.83
money_plant,20.21,30.9,75.1,55.83
snake_plant,77.0,30.9,75.1,55.83
cactus,25.89,30.9,75.1,55.83
snake_plant,76.81,30.9,75.3,55.83
cactus,26.19,30.9,75.3,55.83
money_plant,20.18,31.0,75.3,55.83
snake_plant,76.93,31.0,75.3,55.83
cactus,26.19,31.0,75.3,55.83
money_plant,20.15,30.9,75.2,55.83
snake_plant,77.06,30.9,75.2,55.83
cactus,26.16,30.9,75.2,55.83
money_plant,20.15,31.0,75.3,55.83
snake_plant,76.78,31.0,75.3,55.83
cactus,25.71,31.0,75.3,55.83
money_plant,20.03,30.9,75.2,55.83
snake_plant,77.12,30.9,75.2,55.83
cactus,26.74,30.9,75.2,55.83
money_plant,20.03,30.9,75.3,55.83
snake_plant,76.74,30.9,75.3,55.83
cactus,26.53,30.9,75.3,55.83
money_plant,20.62,30.9,75.4,55.83
snake_plant,77.09,30.9,75.4,55.83
cactus,25.98,30.9,75.4,55.83
money_plant,20.3,30.9,75.3,55.83
snake_plant,76.59,30.9,75.3,55.83
cactus,25.49,30.9,75.3,55.83
money_plant,19.97,30.8,75.5,55.83
snake_plant,76.9,30.8,75.5,55.83
cactus,25.55,30.8,75.5,55.83
money_plant,19.97,30.9,75.5,55.83
snake_plant,77.03,30.9,75.5,55.83
cactus,25.34,30.9,75.5,55.83
money_plant,20.09,30.9,75.5,55.83
snake_plant,76.71,30.9,75.5,55.83
cactus,25.89,30.9,75.5,55.83
money_plant,20.18,30.9,75.6,55.83
snake_plant,76.93,30.9,75.6,55.83
cactus,25.61,30.9,75.6,55.83
money_plant,19.91,30.9,75.7,55.83
snake_plant,76.59,30.9,75.7,55.83
cactus,26.01,30.9,75.7,55.83
money_plant,20.03,30.9,75.4,55.83
snake_plant,76.56,30.9,75.4,55.83
cactus,25.71,30.9,75.4,55.83
money_plant,20.27,30.8,75.4,55.83
snake_plant,76.31,30.8,75.4,55.83
cactus,25.68,30.8,75.4,55.83
money_plant,20.18,30.9,75.4,55.83
snake_plant,76.62,30.9,75.4,55.83
cactus,25.43,30.9,75.4,55.83
money_plant,20.3,30.9,75.4,55.83
snake_plant,76.65,30.9,75.4,55.83
cactus,25.61,30.9,75.4,55.83
money_plant,20.06,30.9,75.4,55.83
snake_plant,76.49,30.9,75.4,55.83
cactus,25.64,30.9,75.4,55.83
money_plant,20.21,30.9,75.6,55.83
snake_plant,76.15,30.9,75.6,55.83
cactus,25.4,30.9,75.6,55.83
snake_plant,76.4,30.9,75.4,55.83
money_plant,20.18,30.9,75.5,55.83
snake_plant,76.31,30.9,75.5,55.83
cactus,25.19,30.9,75.5,55.83
money_plant,20.39,30.9,75.5,55.83
snake_plant,76.4,30.9,75.5,55.83
cactus,25.16,30.9,75.5,55.83
money_plant,20.27,31.0,75.7,55.83
snake_plant,74.43,31.0,75.7,55.83
cactus,25.31,31.0,75.7,55.83
money_plant,20.33,31.0,75.6,55.83
snake_plant,76.49,31.0,75.6,55.83
cactus,25.04,31.0,75.6,55.83
money_plant,19.91,31.0,75.3,55.83
snake_plant,75.99,31.0,75.3,55.83
cactus,25.31,31.0,75.3,55.83
money_plant,19.64,31.0,75.5,55.83
snake_plant,76.18,31.0,75.5,55.83
cactus,25.16,31.0,75.5,55.83
money_plant,20.5,31.0,75.5,55.83
snake_plant,76.06,31.0,75.5,55.83
cactus,24.95,31.0,75.5,55.83
money_plant,20.18,31.0,75.6,55.83
snake_plant,75.99,31.0,75.6,55.83
cactus,24.95,31.0,75.6,55.83
money_plant,20.24,31.0,75.7,55.83
snake_plant,76.06,31.0,75.7,55.83
cactus,25.25,31.0,75.7,55.83
money_plant,20.36,31.0,75.4,55.83
snake_plant,73.68,31.0,75.4,55.83
cactus,25.04,31.0,75.4,55.83
money_plant,20.36,31.0,75.5,55.83
snake_plant,75.59,31.0,75.5,55.83
cactus,25.22,31.0,75.5,55.83
snake_plant,75.37,30.9,75.6,55.83
cactus,25.28,30.9,75.6,55.83
money_plant,20.33,31.0,75.5,55.83
snake_plant,76.03,31.0,75.5,55.83
cactus,25.49,31.0,75.5,55.83
money_plant,20.18,31.0,75.4,55.83
snake_plant,75.65,31.0,75.4,55.83
cactus,25.55,31.0,75.4,55.83
money_plant,20.27,30.9,75.6,55.83
snake_plant,75.56,30.9,75.6,55.83
cactus,25.49,30.9,75.6,55.83
money_plant,19.94,31.0,75.7,55.83
snake_plant,75.49,31.0,75.7,55.83
cactus,25.4,31.0,75.7,55.83
money_plant,19.94,31.0,75.6,55.83
snake_plant,75.81,31.0,75.6,55.83
cactus,25.13,31.0,75.6,55.83
money_plant,18.46,31.0,75.5,55.83
snake_plant,75.49,31.0,75.5,55.83
cactus,25.34,31.0,75.5,55.83
money_plant,20.44,31.0,75.5,55.83
snake_plant,75.56,31.0,75.5,55.83
money_plant,20.0,31.0,75.7,55.83
snake_plant,75.59,31.0,75.7,55.83
money_plant,20.09,31.0,75.5,55.83
snake_plant,75.37,31.0,75.5,55.83
cactus,25.43,31.0,75.5,55.83
snake_plant,75.18,31.0,75.4,55.83
cactus,25.13,31.0,75.4,55.83
money_plant,20.15,31.1,75.4,55.83
snake_plant,75.09,31.1,75.4,55.83
cactus,25.22,31.1,75.4,55.83
money_plant,20.62,31.0,75.4,55.83
snake_plant,74.99,31.0,75.4,55.83
cactus,25.98,31.0,75.4,55.83
money_plant,20.3,31.0,75.6,55.83
snake_plant,74.99,31.0,75.6,55.83
cactus,25.25,31.0,75.6,55.83
money_plant,20.65,31.0,75.7,55.83
snake_plant,75.37,31.0,75.7,55.83
money_plant,21.45,31.0,75.8,55.83
snake_plant,75.05,31.0,75.8,55.83
cactus,25.37,31.0,75.8,55.83
money_plant,20.33,31.0,75.8,55.83
snake_plant,74.93,31.0,75.8,55.83
cactus,26.28,31.0,75.8,55.83
snake_plant,74.9,31.0,75.5,55.83
cactus,25.86,31.0,75.5,55.83
money_plant,20.3,31.0,75.7,55.83
snake_plant,74.68,31.0,75.7,55.83
cactus,26.37,31.0,75.7,55.83
money_plant,20.36,31.0,75.7,55.83
snake_plant,74.49,31.0,75.7,55.83
cactus,26.62,31.0,75.7,55.83
money_plant,20.27,31.0,75.8,55.83
snake_plant,74.68,31.0,75.8,55.83
cactus,26.19,31.0,75.8,55.83
money_plant,19.85,31.0,75.7,55.83
cactus,25.92,31.0,75.7,55.83
money_plant,20.27,31.0,75.6,55.83
snake_plant,74.59,31.0,75.6,55.83
cactus,26.22,31.0,75.6,55.83
money_plant,20.41,31.0,75.7,55.83
snake_plant,74.37,31.0,75.7,55.83
cactus,25.8,31.0,75.7,55.83
snake_plant,74.27,31.0,75.7,55.83
cactus,26.43,31.0,75.7,55.83
money_plant,20.47,31.0,75.6,55.83
snake_plant,80.13,31.0,75.6,55.83
cactus,26.1,31.0,75.6,55.83
money_plant,19.91,31.0,75.7,55.83
snake_plant,73.77,31.0,75.7,55.83
cactus,27.25,31.0,75.7,55.83
snake_plant,73.71,31.0,75.8,55.83
cactus,26.71,31.0,75.8,55.83
money_plant,20.12,31.0,75.7,55.83
snake_plant,73.58,31.0,75.7,55.83
cactus,26.13,31.0,75.7,55.83
money_plant,20.15,30.9,75.8,55.83
snake_plant,73.24,30.9,75.8,55.83
cactus,26.68,30.9,75.8,55.83
money_plant,19.97,30.9,75.6,55.83
snake_plant,73.11,30.9,75.6,55.83
cactus,26.1,30.9,75.6,55.83
money_plant,20.33,30.9,75.7,55.83
snake_plant,73.02,30.9,75.7,55.83
money_plant,19.41,30.9,75.6,55.83
snake_plant,72.8,30.9,75.6,55.83
cactus,26.01,30.9,75.6,55.83
money_plant,20.06,30.9,75.7,55.83
snake_plant,72.64,30.9,75.7,55.83
cactus,26.13,30.9,75.7,55.83
money_plant,19.94,30.8,75.6,55.83
snake_plant,72.49,30.8,75.6,55.83
cactus,26.19,30.8,75.6,55.83
money_plant,18.96,30.8,75.5,55.83
snake_plant,72.18,30.8,75.5,55.83
cactus,25.77,30.8,75.5,55.83
money_plant,20.36,30.8,75.7,55.83
snake_plant,71.86,30.8,75.7,55.83
cactus,25.71,30.8,75.7,55.83
snake_plant,71.58,30.8,75.6,55.83
cactus,26.28,30.8,75.6,55.83
money_plant,17.04,30.8,75.8,55.83
snake_plant,71.39,30.8,75.8,55.83
cactus,25.8,30.8,75.8,55.83
money_plant,20.27,30.8,75.7,55.83
snake_plant,72.52,30.8,75.7,55.83
cactus,25.8,30.8,75.7,55.83
money_plant,20.5,30.8,75.8,55.83
snake_plant,71.3,30.8,75.8,55.83
cactus,25.77,30.8,75.8,55.83
money_plant,20.36,30.7,75.5,55.83
snake_plant,70.55,30.7,75.5,55.83
cactus,25.74,30.7,75.5,55.83
money_plant,20.15,30.7,75.8,55.83
snake_plant,70.02,30.7,75.8,55.83
cactus,25.64,30.7,75.8,55.83
money_plant,20.27,30.7,75.9,55.83
snake_plant,70.27,30.7,75.9,55.83
cactus,25.61,30.7,75.9,55.83
money_plant,21.78,30.7,75.8,55.83
snake_plant,69.8,30.7,75.8,55.83
money_plant,20.15,30.7,75.7,55.83
snake_plant,69.48,30.7,75.7,55.83
cactus,25.64,30.7,75.7,55.83
money_plant,20.06,30.7,75.9,55.83
snake_plant,68.95,30.7,75.9,55.83
cactus,25.52,30.7,75.9,55.83
money_plant,20.36,30.7,75.8,55.83
snake_plant,68.92,30.7,75.8,55.83
cactus,25.98,30.7,75.8,55.83
snake_plant,68.36,30.7,75.8,55.83
cactus,25.77,30.7,75.8,55.83
snake_plant,68.58,30.7,75.9,55.83
cactus,25.68,30.7,75.9,55.83
money_plant,20.18,30.7,76.0,55.83
snake_plant,68.51,30.7,76.0,55.83
cactus,25.46,30.7,76.0,55.83
money_plant,20.0,30.7,76.0,55.83
snake_plant,68.48,30.7,76.0,55.83
money_plant,20.3,30.8,75.7,55.83
snake_plant,71.61,30.8,75.7,55.83
money_plant,19.94,30.8,75.8,55.83
snake_plant,67.92,30.8,75.8,55.83
cactus,25.49,30.8,75.8,55.83
snake_plant,67.57,30.8,75.7,55.83
cactus,25.34,30.8,75.7,55.83
money_plant,20.33,30.9,75.6,55.83
snake_plant,67.48,30.9,75.6,55.83
cactus,25.22,30.9,75.6,55.83
money_plant,20.15,30.9,75.5,55.83
snake_plant,67.17,30.9,75.5,55.83
cactus,25.49,30.9,75.5,55.83
money_plant,20.27,30.9,75.4,55.83
snake_plant,67.17,30.9,75.4,55.83
money_plant,15.17,31.0,75.3,55.83
snake_plant,67.01,31.0,75.3,55.83
cactus,25.43,31.0,75.3,55.83
money_plant,20.36,31.0,75.1,55.83
snake_plant,66.98,31.0,75.1,55.83
cactus,25.49,31.0,75.1,55.83
money_plant,20.36,31.0,75.2,55.83
snake_plant,66.6,31.0,75.2,55.83
cactus,25.25,31.0,75.2,55.83
money_plant,20.36,31.0,75.0,55.83
snake_plant,66.6,31.0,75.0,55.83
cactus,25.07,31.0,75.0,55.83
money_plant,20.03,31.0,75.2,55.83
snake_plant,66.98,31.0,75.2,55.83
money_plant,20.21,31.0,75.3,55.83
snake_plant,66.64,31.0,75.3,55.83
cactus,24.92,31.0,75.3,55.83
snake_plant,66.57,31.0,75.1,55.83
cactus,25.28,31.0,75.1,55.83
money_plant,20.06,31.0,75.1,55.83
snake_plant,66.42,31.0,75.1,55.83
cactus,25.22,31.0,75.1,55.83
money_plant,20.06,31.0,75.3,55.83
snake_plant,66.17,31.0,75.3,55.83
cactus,25.01,31.0,75.3,55.83
money_plant,22.04,31.0,75.0,55.83
snake_plant,65.51,31.0,75.0,55.83
cactus,25.04,31.0,75.0,55.83
money_plant,19.91,31.0,75.1,55.83
snake_plant,65.98,31.0,75.1,55.83
cactus,25.13,31.0,75.1,55.83
snake_plant,65.57,31.0,75.3,55.83
cactus,25.49,31.0,75.3,55.83
money_plant,20.36,31.1,74.9,55.83
snake_plant,65.79,31.1,74.9,55.83
cactus,25.74,31.1,74.9,55.83
money_plant,20.18,31.0,75.2,55.83
snake_plant,65.67,31.0,75.2,55.83
cactus,26.77,31.0,75.2,55.83
money_plant,20.41,31.0,75.1,55.83
snake_plant,65.51,31.0,75.1,55.83
cactus,26.53,31.0,75.1,55.83
snake_plant,65.26,31.0,75.3,55.83
cactus,26.37,31.0,75.3,55.83
money_plant,20.21,31.0,75.2,55.83
snake_plant,64.98,31.0,75.2,55.83
cactus,26.71,31.0,75.2,55.83
money_plant,20.24,31.1,75.1,55.83
snake_plant,64.57,31.1,75.1,55.83
cactus,26.37,31.1,75.1,55.83
money_plant,20.15,31.1,75.1,55.83
snake_plant,64.6,31.1,75.1,55.83
cactus,26.49,31.1,75.1,55.83
money_plant,20.3,31.0,75.0,55.83
snake_plant,64.57,31.0,75.0,55.83
cactus,26.25,31.0,75.0,55.83
money_plant,20.36,31.1,75.0,55.83
snake_plant,64.38,31.1,75.0,55.83
cactus,26.19,31.1,75.0,55.83
money_plant,20.33,31.0,74.9,55.83
snake_plant,64.38,31.0,74.9,55.83
cactus,26.28,31.0,74.9,55.83
money_plant,20.36,31.0,74.9,55.83
snake_plant,63.85,31.0,74.9,55.83
cactus,25.98,31.0,74.9,55.83
money_plant,20.5,31.0,74.9,55.83
snake_plant,63.57,31.0,74.9,55.83
cactus,26.04,31.0,74.9,55.83
money_plant,20.53,31.0,74.9,55.83
cactus,25.86,31.0,74.9,55.83
money_plant,20.15,31.0,75.0,55.0
snake_plant,63.26,31.0,75.0,55.0
cactus,25.98,31.0,75.0,55.0
snake_plant,62.97,31.0,75.3,55.83
cactus,25.83,31.0,75.3,55.83
snake_plant,62.85,31.0,75.2,55.83
cactus,25.74,31.0,75.2,55.83
snake_plant,62.85,31.0,75.3,55.83
cactus,25.86,31.0,75.3,55.83
money_plant,20.27,31.1,74.9,55.83
snake_plant,62.66,31.1,74.9,55.83
cactus,26.16,31.1,74.9,55.83
money_plant,20.36,31.0,74.9,55.0
snake_plant,62.35,31.0,74.9,55.0
cactus,25.92,31.0,74.9,55.0
money_plant,21.6,31.1,74.8,55.83
snake_plant,62.5,31.1,74.8,55.83
cactus,26.22,31.1,74.8,55.83
money_plant,19.7,31.1,74.9,55.83
snake_plant,62.28,31.1,74.9,55.83
cactus,25.89,31.1,74.9,55.83
money_plant,20.27,31.0,74.9,55.83
snake_plant,62.19,31.0,74.9,55.83
cactus,25.8,31.0,74.9,55.83
money_plant,20.3,31.0,75.2,55.83
snake_plant,62.07,31.0,75.2,55.83
cactus,26.01,31.0,75.2,55.83
money_plant,20.39,30.9,75.0,55.83
snake_plant,62.25,30.9,75.0,55.83
cactus,26.13,30.9,75.0,55.83
money_plant,20.15,30.9,75.0,55.83
snake_plant,62.28,30.9,75.0,55.83
cactus,25.98,30.9,75.0,55.83
money_plant,20.3,30.9,75.1,55.83
snake_plant,62.41,30.9,75.1,55.83
cactus,26.19,30.9,75.1,55.83
money_plant,19.41,30.9,75.0,55.83
snake_plant,62.44,30.9,75.0,55.83
cactus,25.8,30.9,75.0,55.83
money_plant,20.33,30.8,75.0,55.83
snake_plant,62.75,30.8,75.0,55.83
cactus,26.46,30.8,75.0,55.83
money_plant,20.36,30.8,74.9,55.83
snake_plant,62.28,30.8,74.9,55.83
cactus,26.16,30.8,74.9,55.83
money_plant,20.36,30.8,75.0,55.83
snake_plant,62.13,30.8,75.0,55.83
cactus,28.04,30.8,75.0,55.83
money_plant,20.39,30.8,75.0,55.83
snake_plant,62.03,30.8,75.0,55.83
cactus,26.16,30.8,75.0,55.83
money_plant,20.36,30.8,75.2,55.83
snake_plant,62.0,30.8,75.2,55.83
cactus,26.4,30.8,75.2,55.83
money_plant,20.62,30.8,75.1,55.83
snake_plant,62.07,30.8,75.1,55.83
cactus,26.01,30.8,75.1,55.83
money_plant,20.27,30.7,75.1,55.83
snake_plant,61.63,30.7,75.1,55.83
cactus,25.98,30.7,75.1,55.83
money_plant,20.21,30.8,75.3,55.83
snake_plant,61.56,30.8,75.3,55.83
cactus,26.01,30.8,75.3,55.83
money_plant,19.94,30.7,75.4,55.83
snake_plant,61.41,30.7,75.4,55.83
cactus,25.77,30.7,75.4,55.83
snake_plant,61.22,30.7,75.5,55.83
cactus,25.89,30.7,75.5,55.83
money_plant,20.27,30.7,75.5,55.83
snake_plant,60.85,30.7,75.5,55.83
cactus,26.04,30.7,75.5,55.83
money_plant,20.18,30.7,75.5,55.83
cactus,25.86,30.7,75.5,55.83
money_plant,20.24,30.7,75.3,55.83
snake_plant,60.56,30.7,75.3,55.83
cactus,25.98,30.7,75.3,55.83
money_plant,20.33,30.7,75.5,55.83
snake_plant,60.59,30.7,75.5,55.83
cactus,25.77,30.7,75.5,55.83
money_plant,20.36,30.7,75.5,55.0
snake_plant,60.41,30.7,75.5,55.0
cactus,25.83,30.7,75.5,55.0
money_plant,20.36,30.7,75.6,55.83
snake_plant,60.22,30.7,75.6,55.83
cactus,25.8,30.7,75.6,55.83
money_plant,19.91,30.7,75.5,55.83
snake_plant,60.06,30.7,75.5,55.83
cactus,26.19,30.7,75.5,55.83
money_plant,20.86,30.7,75.6,55.83
snake_plant,59.84,30.7,75.6,55.83
cactus,26.19,30.7,75.6,55.83
money_plant,20.33,30.7,75.7,55.83
snake_plant,60.03,30.7,75.7,55.83
cactus,26.37,30.7,75.7,55.83
snake_plant,61.1,30.7,75.6,55.83
cactus,26.46,30.7,75.6,55.83
money_plant,20.62,30.7,75.6,55.83
snake_plant,59.62,30.7,75.6,55.83
cactus,26.28,30.7,75.6,55.83
money_plant,20.33,30.7,75.9,55.83
snake_plant,59.19,30.7,75.9,55.83
cactus,26.25,30.7,75.9,55.83
money_plant,20.21,30.6,75.8,55.83
snake_plant,59.37,30.6,75.8,55.83
cactus,26.04,30.6,75.8,55.83
money_plant,20.44,30.7,75.4,55.83
snake_plant,59.09,30.7,75.4,55.83
cactus,26.1,30.7,75.4,55.83
money_plant,20.39,30.6,75.7,55.83
snake_plant,59.12,30.6,75.7,55.83
cactus,25.98,30.6,75.7,55.83
money_plant,20.33,30.6,75.7,55.83
snake_plant,59.53,30.6,75.7,55.83
cactus,26.68,30.6,75.7,55.83
money_plant,20.36,30.5,75.8,55.83
snake_plant,58.59,30.5,75.8,55.83
cactus,28.62,30.5,75.8,55.83
money_plant,20.39,30.5,76.0,55.83
snake_plant,58.62,30.5,76.0,55.83
cactus,26.49,30.5,76.0,55.83
money_plant,20.15,30.5,75.9,55.0
snake_plant,58.72,30.5,75.9,55.0
cactus,26.68,30.5,75.9,55.0
money_plant,20.36,30.5,76.0,55.0
snake_plant,58.56,30.5,76.0,55.0
cactus,26.62,30.5,76.0,55.0
money_plant,20.98,30.5,76.0,55.83
snake_plant,58.47,30.5,76.0,55.83
cactus,26.95,30.5,76.0,55.83
money_plant,20.8,30.5,76.0,55.83
snake_plant,58.22,30.5,76.0,55.83
cactus,26.59,30.5,76.0,55.83
money_plant,21.51,30.6,76.1,55.83
snake_plant,57.59,30.6,76.1,55.83
cactus,28.56,30.6,76.1,55.83
money_plant,20.74,30.5,76.0,55.83
snake_plant,58.06,30.5,76.0,55.83
cactus,26.77,30.5,76.0,55.83
money_plant,20.5,30.5,76.1,55.0
snake_plant,58.09,30.5,76.1,55.0
cactus,26.65,30.5,76.1,55.0
money_plant,20.41,30.5,76.2,55.83
snake_plant,57.93,30.5,76.2,55.83
cactus,26.68,30.5,76.2,55.83
money_plant,20.39,30.6,76.3,55.0
snake_plant,58.09,30.6,76.3,55.0
cactus,26.59,30.6,76.3,55.0
money_plant,20.44,30.6,76.3,55.0
snake_plant,58.37,30.6,76.3,55.0
money_plant,20.95,30.6,76.1,55.0
snake_plant,57.65,30.6,76.1,55.0
cactus,26.19,30.6,76.1,55.0
money_plant,20.86,30.7,76.2,55.0
snake_plant,57.25,30.7,76.2,55.0
cactus,27.22,30.7,76.2,55.0
snake_plant,57.12,30.7,76.2,55.0
cactus,27.13,30.7,76.2,55.0
money_plant,21.01,30.6,76.1,55.0
snake_plant,57.12,30.6,76.1,55.0
cactus,27.34,30.6,76.1,55.0
money_plant,20.5,30.6,76.3,55.0
snake_plant,56.96,30.6,76.3,55.0
cactus,27.53,30.6,76.3,55.0
money_plant,20.36,30.7,76.5,55.83
snake_plant,57.12,30.7,76.5,55.83
cactus,27.25,30.7,76.5,55.83
money_plant,20.27,30.6,76.3,55.83
snake_plant,56.81,30.6,76.3,55.83
cactus,26.71,30.6,76.3,55.83
money_plant,20.36,30.7,76.2,55.83
snake_plant,56.49,30.7,76.2,55.83
cactus,26.83,30.7,76.2,55.83
snake_plant,58.28,30.7,76.2,55.83
money_plant,20.5,30.7,76.1,55.83
snake_plant,56.65,30.7,76.1,55.83
cactus,26.74,30.7,76.1,55.83
money_plant,20.39,30.7,76.2,55.83
snake_plant,56.65,30.7,76.2,55.83
cactus,26.34,30.7,76.2,55.83
money_plant,20.62,30.6,76.1,55.83
snake_plant,56.59,30.6,76.1,55.83
cactus,26.95,30.6,76.1,55.83
money_plant,20.5,30.6,76.3,55.83
snake_plant,56.56,30.6,76.3,55.83
cactus,26.62,30.6,76.3,55.83
money_plant,20.15,30.7,76.5,55.83
snake_plant,56.21,30.7,76.5,55.83
cactus,26.53,30.7,76.5,55.83
money_plant,20.68,30.6,76.2,55.83
snake_plant,56.53,30.6,76.2,55.83
cactus,26.4,30.6,76.2,55.83
money_plant,20.65,30.6,76.6,55.83
snake_plant,56.46,30.6,76.6,55.83
cactus,26.34,30.6,76.6,55.83
money_plant,20.33,30.6,76.6,55.83
snake_plant,56.03,30.6,76.6,55.83
cactus,26.1,30.6,76.6,55.83
money_plant,20.53,30.6,76.5,55.83
snake_plant,56.24,30.6,76.5,55.83
cactus,26.19,30.6,76.5,55.83
money_plant,20.68,30.6,76.4,55.0
snake_plant,56.56,30.6,76.4,55.0
cactus,26.46,30.6,76.4,55.0
money_plant,20.36,30.6,76.5,55.83
snake_plant,56.56,30.6,76.5,55.83
cactus,26.56,30.6,76.5,55.83
money_plant,20.36,30.6,76.4,55.83
snake_plant,57.0,30.6,76.4,55.83
cactus,26.56,30.6,76.4,55.83
money_plant,20.44,30.7,76.3,55.83
snake_plant,56.46,30.7,76.3,55.83
cactus,26.56,30.7,76.3,55.83
snake_plant,53.02,30.7,76.1,55.83
cactus,26.53,30.7,76.1,55.83
money_plant,20.89,30.7,76.2,55.83
snake_plant,56.21,30.7,76.2,55.83
cactus,26.53,30.7,76.2,55.83
money_plant,20.92,30.7,76.0,55.83
snake_plant,56.49,30.7,76.0,55.83
cactus,26.37,30.7,76.0,55.83
money_plant,20.74,30.6,76.1,55.83
snake_plant,56.12,30.6,76.1,55.83
cactus,26.34,30.6,76.1,55.83
money_plant,20.68,30.7,76.2,55.83
snake_plant,55.99,30.7,76.2,55.83
cactus,26.37,30.7,76.2,55.83
money_plant,20.53,30.7,76.3,55.83
snake_plant,56.15,30.7,76.3,55.83
cactus,26.34,30.7,76.3,55.83
money_plant,20.39,30.6,76.2,55.83
snake_plant,55.84,30.6,76.2,55.83
cactus,26.59,30.6,76.2,55.83
money_plant,20.62,30.7,76.2,55.83
snake_plant,55.93,30.7,76.2,55.83
cactus,26.07,30.7,76.2,55.83
money_plant,20.47,30.6,76.2,55.83
snake_plant,56.06,30.6,76.2,55.83
cactus,26.01,30.6,76.2,55.83
snake_plant,55.71,30.6,76.2,55.83
cactus,26.1,30.6,76.2,55.83
money_plant,20.44,30.7,76.2,55.83
snake_plant,55.84,30.7,76.2,55.83
cactus,26.16,30.7,76.2,55.83
snake_plant,55.56,30.6,76.4,55.83
cactus,26.89,30.6,76.4,55.83
money_plant,20.65,30.6,76.4,55.83
snake_plant,55.46,30.6,76.4,55.83
cactus,26.13,30.6,76.4,55.83
money_plant,20.47,30.6,76.1,55.83
snake_plant,55.71,30.6,76.1,55.83
snake_plant,55.68,30.7,76.2,55.83
cactus,25.89,30.7,76.2,55.83
money_plant,20.41,30.7,76.3,55.83
snake_plant,55.18,30.7,76.3,55.83
cactus,27.1,30.7,76.3,55.83
money_plant,20.44,30.7,76.2,55.0
snake_plant,55.21,30.7,76.2,55.0
cactus,27.16,30.7,76.2,55.0
money_plant,20.62,30.7,76.1,55.83
snake_plant,54.99,30.7,76.1,55.83
cactus,27.07,30.7,76.1,55.83
money_plant,20.36,30.7,76.3,55.0
snake_plant,54.9,30.7,76.3,55.0
cactus,27.1,30.7,76.3,55.0
money_plant,20.44,30.7,76.1,55.83
snake_plant,54.87,30.7,76.1,55.83
cactus,27.56,30.7,76.1,55.83
snake_plant,54.77,30.7,76.2,55.83
cactus,27.25,30.7,76.2,55.83
money_plant,20.77,30.7,76.1,55.83
snake_plant,54.93,30.7,76.1,55.83
cactus,27.25,30.7,76.1,55.83
money_plant,20.86,30.6,76.0,55.83
snake_plant,54.52,30.6,76.0,55.83
cactus,27.16,30.6,76.0,55.83
money_plant,20.41,30.6,76.1,55.83
snake_plant,54.55,30.6,76.1,55.83
cactus,27.13,30.6,76.1,55.83
money_plant,20.5,30.7,76.0,55.83
snake_plant,55.09,30.7,76.0,55.83
cactus,27.16,30.7,76.0,55.83
money_plant,20.39,30.7,75.8,55.83
snake_plant,54.87,30.7,75.8,55.83
cactus,27.16,30.7,75.8,55.83
money_plant,20.3,30.7,75.9,55.83
snake_plant,54.59,30.7,75.9,55.83
cactus,27.04,30.7,75.9,55.83
money_plant,20.53,30.7,75.6,55.83
snake_plant,54.59,30.7,75.6,55.83
cactus,27.01,30.7,75.6,55.83
money_plant,20.56,30.7,75.9,55.83
snake_plant,54.52,30.7,75.9,55.83
cactus,28.56,30.7,75.9,55.83
money_plant,20.62,30.7,75.8,55.83
snake_plant,54.77,30.7,75.8,55.83
cactus,26.89,30.7,75.8,55.83
snake_plant,54.21,30.7,75.6,55.83
cactus,27.1,30.7,75.6,55.83
money_plant,20.59,30.7,75.7,55.83
snake_plant,54.55,30.7,75.7,55.83
cactus,27.28,30.7,75.7,55.83
money_plant,20.5,30.8,75.6,55.83
snake_plant,54.18,30.8,75.6,55.83
cactus,27.56,30.8,75.6,55.83
money_plant,20.5,30.7,75.6,55.0
snake_plant,54.08,30.7,75.6,55.0
cactus,27.65,30.7,75.6,55.0
money_plant,20.41,30.7,75.5,55.83
snake_plant,54.52,30.7,75.5,55.83
cactus,27.92,30.7,75.5,55.83
money_plant,20.65,30.7,75.6,55.0
snake_plant,54.65,30.7,75.6,55.0
cactus,27.83,30.7,75.6,55.0
snake_plant,54.71,30.7,75.5,55.83
cactus,28.07,30.7,75.5,55.83
money_plant,20.36,30.8,75.5,55.83
snake_plant,54.62,30.8,75.5,55.83
cactus,27.95,30.8,75.5,55.83
money_plant,20.21,30.8,75.5,55.83
snake_plant,54.52,30.8,75.5,55.83
cactus,27.8,30.8,75.5,55.83
money_plant,20.5,30.7,75.4,55.83
snake_plant,54.49,30.7,75.4,55.83
cactus,28.29,30.7,75.4,55.83
money_plant,20.33,30.7,75.4,55.83
snake_plant,54.4,30.7,75.4,55.83
cactus,28.22,30.7,75.4,55.83
money_plant,20.5,30.7,75.3,55.83
snake_plant,54.27,30.7,75.3,55.83
cactus,28.19,30.7,75.3,55.83
money_plant,20.56,30.7,75.2,55.83
snake_plant,54.33,30.7,75.2,55.83
cactus,27.98,30.7,75.2,55.83
snake_plant,54.08,30.7,75.4,55.83
cactus,27.65,30.7,75.4,55.83
money_plant,21.01,30.7,75.3,55.83
snake_plant,54.4,30.7,75.3,55.83
cactus,27.8,30.7,75.3,55.83
money_plant,20.53,30.6,75.4,55.83
snake_plant,53.9,30.6,75.4,55.83
cactus,27.34,30.6,75.4,55.83
money_plant,20.3,30.7,75.3,55.83
snake_plant,53.96,30.7,75.3,55.83
cactus,27.47,30.7,75.3,55.83
money_plant,20.36,30.6,75.3,55.83
snake_plant,53.74,30.6,75.3,55.83
cactus,27.59,30.6,75.3,55.83
money_plant,20.36,30.6,75.1,55.83
snake_plant,53.52,30.6,75.1,55.83
cactus,27.37,30.6,75.1,55.83
money_plant,20.5,30.6,75.5,55.83
snake_plant,53.87,30.6,75.5,55.83
cactus,27.5,30.6,75.5,55.83
money_plant,20.44,30.6,75.4,55.83
snake_plant,54.02,30.6,75.4,55.83
cactus,27.37,30.6,75.4,55.83
money_plant,20.44,30.6,75.5,55.83
snake_plant,54.49,30.6,75.5,55.83
cactus,27.59,30.6,75.5,55.83
snake_plant,53.77,30.6,75.7,55.83
cactus,27.65,30.6,75.7,55.83
money_plant,21.39,30.6,75.6,55.0
snake_plant,53.55,30.6,75.6,55.0
cactus,28.22,30.6,75.6,55.0
money_plant,20.36,30.6,75.6,55.83
snake_plant,53.55,30.6,75.6,55.83
cactus,27.34,30.6,75.6,55.83
money_plant,21.04,30.6,75.5,55.83
snake_plant,53.15,30.6,75.5,55.83
cactus,27.16,30.6,75.5,55.83
money_plant,16.41,30.6,75.8,55.83
snake_plant,53.46,30.6,75.8,55.83
cactus,27.13,30.6,75.8,55.83
money_plant,20.15,30.6,75.8,55.83
snake_plant,53.36,30.6,75.8,55.83
cactus,27.47,30.6,75.8,55.83
money_plant,20.39,30.6,75.5,55.83
snake_plant,53.36,30.6,75.5,55.83
cactus,27.01,30.6,75.5,55.83
money_plant,20.41,30.6,75.8,55.83
cactus,27.37,30.6,75.8,55.83
money_plant,20.33,30.6,75.8,55.0
snake_plant,53.05,30.6,75.8,55.0
cactus,27.01,30.6,75.8,55.0
snake_plant,50.2,30.6,75.6,55.83
cactus,27.16,30.6,75.6,55.83
money_plant,20.41,30.6,75.6,55.0
snake_plant,53.24,30.6,75.6,55.0
cactus,27.65,30.6,75.6,55.0
money_plant,20.8,30.6,75.4,55.0
snake_plant,52.93,30.6,75.4,55.0
cactus,27.65,30.6,75.4,55.0
money_plant,20.5,30.6,75.6,55.0
snake_plant,53.18,30.6,75.6,55.0
cactus,27.68,30.6,75.6,55.0
money_plant,20.36,30.6,75.5,55.0
snake_plant,53.33,30.6,75.5,55.0
cactus,27.59,30.6,75.5,55.0
money_plant,20.06,30.6,75.3,55.0
snake_plant,53.08,30.6,75.3,55.0
cactus,27.92,30.6,75.3,55.0
money_plant,21.75,30.6,75.6,55.0
snake_plant,53.4,30.6,75.6,55.0
cactus,27.74,30.6,75.6,55.0
money_plant,20.33,30.6,75.2,55.83
snake_plant,53.05,30.6,75.2,55.83
cactus,27.74,30.6,75.2,55.83
money_plant,20.53,30.6,75.4,55.0
snake_plant,53.55,30.6,75.4,55.0
cactus,27.83,30.6,75.4,55.0
money_plant,20.39,30.6,75.4,55.83
snake_plant,53.55,30.6,75.4,55.83
cactus,27.74,30.6,75.4,55.83
money_plant,20.15,30.6,75.5,55.0
snake_plant,53.9,30.6,75.5,55.0
cactus,27.98,30.6,75.5,55.0
money_plant,20.56,30.6,75.4,55.83
snake_plant,53.62,30.6,75.4,55.83
cactus,27.65,30.6,75.4,55.83
money_plant,20.41,30.6,75.4,55.83
snake_plant,53.77,30.6,75.4,55.83
cactus,27.92,30.6,75.4,55.83
money_plant,20.65,30.6,75.3,55.83
snake_plant,53.77,30.6,75.3,55.83
cactus,28.22,30.6,75.3,55.83
snake_plant,53.96,30.6,75.5,55.0
cactus,27.68,30.6,75.5,55.0
money_plant,20.53,30.6,75.3,55.0
snake_plant,53.99,30.6,75.3,55.0
cactus,27.8,30.6,75.3,55.0
money_plant,20.74,30.6,75.4,55.0
snake_plant,53.62,30.6,75.4,55.0
cactus,27.71,30.6,75.4,55.0
money_plant,20.36,30.6,75.3,55.0
snake_plant,54.12,30.6,75.3,55.0
cactus,27.65,30.6,75.3,55.0
money_plant,20.5,30.6,75.3,55.83
snake_plant,53.87,30.6,75.3,55.83
cactus,28.01,30.6,75.3,55.83
money_plant,20.24,30.6,75.1,55.0
snake_plant,53.62,30.6,75.1,55.0
cactus,28.16,30.6,75.1,55.0
money_plant,19.67,30.6,75.2,55.83
snake_plant,53.62,30.6,75.2,55.83
cactus,27.8,30.6,75.2,55.83
cactus,27.83,30.6,75.3,55.83
money_plant,20.41,30.6,75.2,55.0
snake_plant,53.58,30.6,75.2,55.0
cactus,27.92,30.6,75.2,55.0
money_plant,20.62,30.6,75.2,55.83
snake_plant,53.74,30.6,75.2,55.83
snake_plant,53.62,30.6,75.1,55.83
cactus,27.98,30.6,75.1,55.83
money_plant,20.53,30.6,75.3,55.83
snake_plant,53.55,30.6,75.3,55.83
cactus,27.68,30.6,75.3,55.83
money_plant,20.41,30.6,75.3,55.83
snake_plant,53.43,30.6,75.3,55.83
cactus,27.92,30.6,75.3,55.83
money_plant,20.27,30.6,75.3,55.0
snake_plant,52.96,30.6,75.3,55.0
cactus,28.29,30.6,75.3,55.0
money_plant,20.36,30.6,75.2,55.0
snake_plant,53.02,30.6,75.2,55.0
cactus,28.32,30.6,75.2,55.0
snake_plant,52.71,30.6,75.1,55.83
cactus,27.92,30.6,75.1,55.83
money_plant,21.57,30.6,75.1,55.83
snake_plant,52.58,30.6,75.1,55.83
cactus,28.19,30.6,75.1,55.83
money_plant,20.68,30.6,75.2,55.0
snake_plant,52.77,30.6,75.2,55.0
cactus,28.22,30.6,75.2,55.0
money_plant,20.18,30.6,75.2,55.0
snake_plant,52.14,30.6,75.2,55.0
cactus,28.41,30.6,75.2,55.0
money_plant,20.33,30.6,75.2,55.0
snake_plant,52.58,30.6,75.2,55.0
cactus,28.16,30.6,75.2,55.0
money_plant,19.44,30.6,75.3,55.0
snake_plant,52.83,30.6,75.3,55.0
cactus,28.35,30.6,75.3,55.0
money_plant,20.44,30.6,75.3,55.0
snake_plant,52.61,30.6,75.3,55.0
money_plant,18.93,30.6,75.3,55.83
snake_plant,52.58,30.6,75.3,55.83
cactus,28.25,30.6,75.3,55.83
money_plant,20.56,30.6,75.3,55.0
snake_plant,52.71,30.6,75.3,55.0
cactus,28.19,30.6,75.3,55.0
money_plant,20.47,30.6,75.3,55.0
snake_plant,52.39,30.6,75.3,55.0
cactus,27.74,30.6,75.3,55.0
money_plant,20.39,30.6,75.1,55.0
snake_plant,52.33,30.6,75.1,55.0
cactus,27.65,30.6,75.1,55.0
money_plant,20.27,30.6,75.0,55.83
snake_plant,52.64,30.6,75.0,55.83
cactus,28.07,30.6,75.0,55.83
money_plant,20.36,30.6,75.1,55.0
snake_plant,52.52,30.6,75.1,55.0
cactus,30.35,30.6,75.1,55.0
snake_plant,52.55,30.6,75.2,55.83
cactus,28.07,30.6,75.2,55.83
money_plant,20.89,30.6,75.1,55.0
snake_plant,52.21,30.6,75.1,55.0
cactus,28.62,30.6,75.1,55.0
snake_plant,52.33,30.6,75.2,55.0
money_plant,20.53,30.6,75.1,55.0
cactus,28.13,30.6,75.1,55.0
money_plant,20.62,30.6,75.1,55.0
snake_plant,51.99,30.6,75.1,55.0
cactus,28.19,30.6,75.1,55.0
money_plant,20.65,30.6,75.3,55.0
snake_plant,52.02,30.6,75.3,55.0
cactus,28.1,30.6,75.3,55.0
snake_plant,52.08,30.6,75.1,55.0
cactus,27.92,30.6,75.1,55.0
money_plant,20.39,30.6,75.2,55.0
snake_plant,51.83,30.6,75.2,55.0
cactus,27.8,30.6,75.2,55.0
snake_plant,51.99,30.6,75.3,55.0
cactus,28.04,30.6,75.3,55.0
money_plant,20.56,30.6,75.1,55.0
snake_plant,52.14,30.6,75.1,55.0
money_plant,20.44,30.6,75.2,55.0
snake_plant,52.11,30.6,75.2,55.0
cactus,27.95,30.6,75.2,55.0
money_plant,20.62,30.6,75.2,55.0
snake_plant,52.08,30.6,75.2,55.0
cactus,27.65,30.6,75.2,55.0
money_plant,20.62,30.6,75.1,55.83
snake_plant,52.21,30.6,75.1,55.83
cactus,27.56,30.6,75.1,55.83
money_plant,20.5,30.5,75.2,55.0
snake_plant,51.89,30.5,75.2,55.0
cactus,27.31,30.5,75.2,55.0
money_plant,20.36,30.6,75.2,55.83
snake_plant,52.02,30.6,75.2,55.83
cactus,27.59,30.6,75.2,55.83
snake_plant,52.08,30.6,75.5,55.0
cactus,27.74,30.6,75.5,55.0
money_plant,20.5,30.6,75.1,55.83
snake_plant,52.08,30.6,75.1,55.83
cactus,28.07,30.6,75.1,55.83
money_plant,20.41,30.6,75.3,55.0
snake_plant,51.58,30.6,75.3,55.0
cactus,27.83,30.6,75.3,55.0
money_plant,20.65,30.5,75.2,55.0
snake_plant,51.99,30.5,75.2,55.0
cactus,27.65,30.5,75.2,55.0
money_plant,20.89,30.5,75.3,55.83
snake_plant,52.02,30.5,75.3,55.83
cactus,28.65,30.5,75.3,55.83
money_plant,21.54,30.6,75.1,55.83
snake_plant,51.55,30.6,75.1,55.83
cactus,27.71,30.6,75.1,55.83
money_plant,20.86,30.6,75.2,55.83
snake_plant,51.71,30.6,75.2,55.83
cactus,28.22,30.6,75.2,55.83
money_plant,20.62,30.5,75.3,55.0
snake_plant,51.46,30.5,75.3,55.0
cactus,28.32,30.5,75.3,55.0
money_plant,20.03,30.5,75.3,55.83
snake_plant,51.89,30.5,75.3,55.83
cactus,28.35,30.5,75.3,55.83
money_plant,20.5,30.5,75.2,55.83
snake_plant,51.71,30.5,75.2,55.83
cactus,28.1,30.5,75.2,55.83
money_plant,20.3,30.5,75.3,55.0
snake_plant,51.49,30.5,75.3,55.0
cactus,27.95,30.5,75.3,55.0
money_plant,20.39,30.5,75.3,55.83
snake_plant,51.39,30.5,75.3,55.83
cactus,27.8,30.5,75.3,55.83
money_plant,19.91,30.5,75.4,55.83
snake_plant,51.64,30.5,75.4,55.83
cactus,28.16,30.5,75.4,55.83
money_plant,20.06,30.5,75.4,55.83
snake_plant,51.49,30.5,75.4,55.83
cactus,28.59,30.5,75.4,55.83
money_plant,20.36,30.5,75.4,55.0
snake_plant,51.46,30.5,75.4,55.0
cactus,28.29,30.5,75.4,55.0
money_plant,20.3,30.4,75.2,55.83
snake_plant,51.46,30.4,75.2,55.83
cactus,28.44,30.4,75.2,55.83
money_plant,20.33,30.5,75.3,55.83
snake_plant,52.74,30.5,75.3,55.83
cactus,28.59,30.5,75.3,55.83
money_plant,20.36,30.5,75.2,55.83
snake_plant,51.55,30.5,75.2,55.83
cactus,28.62,30.5,75.2,55.83
money_plant,20.53,30.4,75.3,55.83
snake_plant,51.55,30.4,75.3,55.83
cactus,27.44,30.4,75.3,55.83
money_plant,20.18,30.4,75.2,55.83
snake_plant,51.52,30.4,75.2,55.83
cactus,28.74,30.4,75.2,55.83
money_plant,20.3,30.4,75.3,55.83
snake_plant,51.61,30.4,75.3,55.83
cactus,28.29,30.4,75.3,55.83
money_plant,20.21,30.4,75.3,55.83
snake_plant,52.18,30.4,75.3,55.83
cactus,28.32,30.4,75.3,55.83
money_plant,20.36,30.3,75.3,55.83
snake_plant,52.52,30.3,75.3,55.83
cactus,28.22,30.3,75.3,55.83
money_plant,20.41,30.3,75.4,55.0
snake_plant,52.39,30.3,75.4,55.0
cactus,28.5,30.3,75.4,55.0
money_plant,20.27,30.3,75.4,55.83
snake_plant,52.46,30.3,75.4,55.83
cactus,28.47,30.3,75.4,55.83
money_plant,20.5,30.3,75.5,55.83
snake_plant,52.52,30.3,75.5,55.83
cactus,28.47,30.3,75.5,55.83
money_plant,20.41,30.2,75.2,55.83
snake_plant,52.52,30.2,75.2,55.83
cactus,28.47,30.2,75.2,55.83
money_plant,20.18,30.1,75.2,55.83
snake_plant,52.46,30.1,75.2,55.83
cactus,28.53,30.1,75.2,55.83
money_plant,20.21,30.1,75.3,55.83
snake_plant,51.89,30.1,75.3,55.83
cactus,28.35,30.1,75.3,55.83
money_plant,20.3,30.1,75.5,55.83
snake_plant,52.08,30.1,75.5,55.83
cactus,28.1,30.1,75.5,55.83
money_plant,20.27,30.0,75.2,55.83
snake_plant,52.11,30.0,75.2,55.83
cactus,28.04,30.0,75.2,55.83
money_plant,20.41,30.0,75.2,55.83
snake_plant,48.73,30.0,75.2,55.83
cactus,28.62,30.0,75.2,55.83
money_plant,17.21,30.0,75.2,55.83
snake_plant,52.39,30.0,75.2,55.83
cactus,28.5,30.0,75.2,55.83
money_plant,20.3,30.0,75.0,55.83
snake_plant,51.92,30.0,75.0,55.83
cactus,28.59,30.0,75.0,55.83
money_plant,20.33,30.0,75.0,55.83
snake_plant,51.71,30.0,75.0,55.83
money_plant,20.21,30.0,75.0,55.83
snake_plant,52.02,30.0,75.0,55.83
cactus,28.16,30.0,75.0,55.83
money_plant,20.36,30.0,74.8,55.83
snake_plant,52.05,30.0,74.8,55.83
cactus,28.5,30.0,74.8,55.83
snake_plant,51.61,30.0,75.0,55.83
money_plant,20.74,30.0,75.0,55.83
cactus,28.25,30.0,75.0,55.83
money_plant,20.3,30.0,75.1,55.0
snake_plant,51.89,30.0,75.1,55.0
cactus,28.62,30.0,75.1,55.0
money_plant,20.44,30.0,75.6,55.83
snake_plant,51.58,30.0,75.6,55.83
cactus,28.53,30.0,75.6,55.83
money_plant,20.33,30.0,76.2,55.83
snake_plant,51.55,30.0,76.2,55.83
cactus,28.5,30.0,76.2,55.83
money_plant,20.21,30.1,76.4,55.0
snake_plant,51.58,30.1,76.4,55.0
cactus,28.56,30.1,76.4,55.0
money_plant,20.36,30.1,76.9,55.83
snake_plant,51.55,30.1,76.9,55.83
cactus,28.41,30.1,76.9,55.83
money_plant,20.44,30.0,76.6,55.83
snake_plant,51.67,30.0,76.6,55.83
cactus,28.92,30.0,76.6,55.83
money_plant,20.27,30.0,76.6,55.83
snake_plant,51.74,30.0,76.6,55.83
cactus,28.22,30.0,76.6,55.83
money_plant,20.44,30.0,76.5,55.83
snake_plant,51.77,30.0,76.5,55.83
cactus,29.07,30.0,76.5,55.83
money_plant,20.39,30.0,76.4,55.83
snake_plant,51.83,30.0,76.4,55.83
cactus,28.1,30.0,76.4,55.83
money_plant,20.74,30.0,77.3,55.0
snake_plant,52.05,30.0,77.3,55.0
cactus,27.92,30.0,77.3,55.0
money_plant,20.36,30.0,77.4,55.0
snake_plant,51.55,30.0,77.4,55.0
cactus,28.22,30.0,77.4,55.0
money_plant,20.44,30.1,77.4,55.0
snake_plant,51.46,30.1,77.4,55.0
cactus,28.41,30.1,77.4,55.0
money_plant,20.62,30.1,77.0,55.0
snake_plant,51.55,30.1,77.0,55.0
cactus,28.13,30.1,77.0,55.0
money_plant,20.36,30.2,77.2,55.0
snake_plant,51.02,30.2,77.2,55.0
cactus,28.44,30.2,77.2,55.0
money_plant,20.56,30.2,77.2,55.0
snake_plant,51.58,30.2,77.2,55.0
cactus,28.47,30.2,77.2,55.0
money_plant,20.68,30.1,77.3,55.0
snake_plant,51.17,30.1,77.3,55.0
cactus,28.47,30.1,77.3,55.0
money_plant,20.47,30.2,77.4,55.0
snake_plant,51.33,30.2,77.4,55.0
cactus,28.62,30.2,77.4,55.0
money_plant,21.1,30.2,77.1,55.83
snake_plant,51.21,30.2,77.1,55.83
cactus,28.59,30.2,77.1,55.83
money_plant,20.06,30.2,77.2,55.0
snake_plant,51.21,30.2,77.2,55.0
cactus,28.56,30.2,77.2,55.0
money_plant,20.03,30.2,77.0,55.0
snake_plant,51.08,30.2,77.0,55.0
cactus,28.62,30.2,77.0,55.0
money_plant,20.33,30.2,76.8,55.0
snake_plant,51.27,30.2,76.8,55.0
cactus,28.47,30.2,76.8,55.0
snake_plant,50.74,30.2,76.8,55.0
cactus,28.56,30.2,76.8,55.0
money_plant,20.36,30.2,77.0,55.0
snake_plant,50.58,30.2,77.0,55.0
money_plant,20.33,30.2,77.1,55.0
snake_plant,51.02,30.2,77.1,55.0
cactus,28.62,30.2,77.1,55.0
money_plant,20.15,30.2,76.9,55.0
snake_plant,50.58,30.2,76.9,55.0
cactus,28.71,30.2,76.9,55.0
money_plant,20.44,30.2,77.1,55.0
snake_plant,50.86,30.2,77.1,55.0
money_plant,20.5,30.2,77.0,55.0
snake_plant,50.7,30.2,77.0,55.0
cactus,28.83,30.2,77.0,55.0
money_plant,20.18,30.2,77.0,55.0
cactus,29.01,30.2,77.0,55.0
money_plant,20.5,30.2,76.9,55.0
cactus,28.92,30.2,76.9,55.0
money_plant,20.41,30.2,76.9,55.0
snake_plant,50.77,30.2,76.9,55.0
cactus,28.8,30.2,76.9,55.0
money_plant,20.71,30.2,76.8,55.0
snake_plant,50.64,30.2,76.8,55.0
cactus,28.71,30.2,76.8,55.0
money_plant,19.08,30.2,76.9,55.0
snake_plant,50.7,30.2,76.9,55.0
cactus,28.83,30.2,76.9,55.0
money_plant,20.36,30.2,76.9,55.0
snake_plant,50.45,30.2,76.9,55.0
money_plant,20.39,30.2,76.9,55.0
snake_plant,50.52,30.2,76.9,55.0
money_plant,19.41,30.2,76.8,55.0
snake_plant,50.33,30.2,76.8,55.0
cactus,29.01,30.2,76.8,55.0
snake_plant,50.27,30.2,76.8,55.0
cactus,29.04,30.2,76.8,55.0
money_plant,20.36,30.2,76.8,55.0
snake_plant,50.49,30.2,76.8,55.0
cactus,29.07,30.2,76.8,55.0
money_plant,20.36,30.2,76.6,55.0
snake_plant,50.45,30.2,76.6,55.0
cactus,28.83,30.2,76.6,55.0
money_plant,20.62,30.2,76.9,55.0
money_plant,20.24,30.2,76.7,55.0
snake_plant,50.7,30.2,76.7,55.0
cactus,28.77,30.2,76.7,55.0
snake_plant,51.08,30.2,76.8,55.0
cactus,28.62,30.2,76.8,55.0
money_plant,20.15,30.3,76.7,55.0
snake_plant,51.02,30.3,76.7,55.0
cactus,28.59,30.3,76.7,55.0
money_plant,20.33,30.2,76.6,55.0
snake_plant,49.86,30.2,76.6,55.0
cactus,28.62,30.2,76.6,55.0
money_plant,20.27,30.2,76.7,55.0
snake_plant,51.08,30.2,76.7,55.0
cactus,28.8,30.2,76.7,55.0
money_plant,20.27,30.3,76.7,55.83
snake_plant,51.08,30.3,76.7,55.83
cactus,28.71,30.3,76.7,55.83
money_plant,20.24,30.3,76.6,55.0
snake_plant,50.83,30.3,76.6,55.0
cactus,28.77,30.3,76.6,55.0
money_plant,20.06,30.3,76.5,55.0
snake_plant,50.77,30.3,76.5,55.0
cactus,29.01,30.3,76.5,55.0
money_plant,19.97,30.3,76.6,55.0
snake_plant,50.74,30.3,76.6,55.0
cactus,28.68,30.3,76.6,55.0
money_plant,20.21,30.3,76.4,55.0
snake_plant,50.86,30.3,76.4,55.0
cactus,28.77,30.3,76.4,55.0
money_plant,20.41,30.3,76.4,55.0
snake_plant,50.89,30.3,76.4,55.0
cactus,28.59,30.3,76.4,55.0
money_plant,20.36,30.3,76.6,55.0
snake_plant,50.55,30.3,76.6,55.0
cactus,28.65,30.3,76.6,55.0
money_plant,20.3,30.3,76.5,55.0
snake_plant,50.7,30.3,76.5,55.0
cactus,28.8,30.3,76.5,55.0
snake_plant,50.7,30.3,76.4,55.0
cactus,28.89,30.3,76.4,55.0
money_plant,16.41,30.3,76.4,55.0
snake_plant,50.74,30.3,76.4,55.0
money_plant,20.09,30.3,76.5,55.0
snake_plant,50.52,30.3,76.5,55.0
cactus,28.89,30.3,76.5,55.0
money_plant,20.18,30.3,76.5,55.0
snake_plant,50.86,30.3,76.5,55.0
cactus,28.95,30.3,76.5,55.0
money_plant,20.44,30.3,76.4,55.0
snake_plant,50.61,30.3,76.4,55.0
cactus,29.07,30.3,76.4,55.0
money_plant,20.15,30.3,76.5,55.83
snake_plant,50.67,30.3,76.5,55.83
cactus,28.65,30.3,76.5,55.83
money_plant,20.24,30.3,76.4,55.0
cactus,29.01,30.3,76.4,55.0
money_plant,20.24,30.3,76.3,55.0
snake_plant,50.8,30.3,76.3,55.0
cactus,29.1,30.3,76.3,55.0
money_plant,20.36,30.3,76.4,55.0
snake_plant,50.55,30.3,76.4,55.0
money_plant,19.91,30.3,76.3,55.0
snake_plant,50.86,30.3,76.3,55.0
cactus,28.92,30.3,76.3,55.0
money_plant,19.88,30.3,76.4,55.83
snake_plant,50.61,30.3,76.4,55.83
cactus,29.1,30.3,76.4,55.83
money_plant,20.36,30.3,76.4,0.0
snake_plant,51.11,30.3,76.4,0.0
cactus,29.38,30.3,76.4,0.0
money_plant,20.09,30.3,76.2,0.0
snake_plant,50.67,30.3,76.2,0.0
cactus,28.95,30.3,76.2,0.0
money_plant,19.91,30.3,76.3,0.0
snake_plant,50.52,30.3,76.3,0.0
cactus,28.98,30.3,76.3,0.0
money_plant,19.82,30.3,76.2,0.0
snake_plant,50.52,30.3,76.2,0.0
cactus,29.07,30.3,76.2,0.0
cactus,29.04,30.3,76.2,0.0
money_plant,22.16,30.3,76.1,0.0
snake_plant,50.49,30.3,76.1,0.0
cactus,29.1,30.3,76.1,0.0
money_plant,20.0,30.3,75.9,0.0
snake_plant,50.55,30.3,75.9,0.0
cactus,28.83,30.3,75.9,0.0
money_plant,17.21,30.3,76.0,0.0
snake_plant,50.33,30.3,76.0,0.0
cactus,28.8,30.3,76.0,0.0
money_plant,20.21,30.2,76.0,0.0
snake_plant,50.55,30.2,76.0,0.0
cactus,28.68,30.2,76.0,0.0
money_plant,19.73,30.2,76.0,0.0
snake_plant,53.77,30.2,76.0,0.0
cactus,28.89,30.2,76.0,0.0
money_plant,20.18,30.2,76.2,0.0
snake_plant,50.23,30.2,76.2,0.0
cactus,29.04,30.2,76.2,0.0
money_plant,20.03,30.2,75.9,0.0
snake_plant,50.27,30.2,75.9,0.0
cactus,29.01,30.2,75.9,0.0
money_plant,20.18,30.2,76.0,0.0
snake_plant,50.49,30.2,76.0,0.0
cactus,29.1,30.2,76.0,0.0
money_plant,20.21,30.2,76.1,0.0
snake_plant,50.33,30.2,76.1,0.0
cactus,29.07,30.2,76.1,0.0
snake_plant,50.17,30.2,76.0,0.0
cactus,29.47,30.2,76.0,0.0
money_plant,20.15,30.2,75.8,0.0
snake_plant,50.64,30.2,75.8,0.0
cactus,29.41,30.2,75.8,0.0
money_plant,20.15,30.1,75.8,0.0
snake_plant,50.49,30.1,75.8,0.0
cactus,29.29,30.1,75.8,0.0
money_plant,19.91,30.1,75.9,0.0
snake_plant,50.42,30.1,75.9,0.0
cactus,29.53,30.1,75.9,0.0
money_plant,19.08,30.0,75.4,0.0
snake_plant,50.64,30.0,75.4,0.0
cactus,29.14,30.0,75.4,0.0
money_plant,20.36,30.0,75.4,0.0
snake_plant,51.08,30.0,75.4,0.0
cactus,29.5,30.0,75.4,0.0
money_plant,20.21,30.0,75.4,0.0
snake_plant,51.74,30.0,75.4,0.0
cactus,29.26,30.0,75.4,0.0
money_plant,20.15,30.0,75.5,0.0
snake_plant,50.55,30.0,75.5,0.0
cactus,29.29,30.0,75.5,0.0
money_plant,19.82,30.0,75.3,0.0
snake_plant,50.55,30.0,75.3,0.0
cactus,29.17,30.0,75.3,0.0
money_plant,19.91,30.0,75.5,0.0
snake_plant,51.71,30.0,75.5,0.0
cactus,29.59,30.0,75.5,0.0
money_plant,19.91,30.0,75.4,0.0
snake_plant,51.05,30.0,75.4,0.0
cactus,29.8,30.0,75.4,0.0
money_plant,19.94,30.0,75.3,0.0
snake_plant,50.58,30.0,75.3,0.0
cactus,29.68,30.0,75.3,0.0
snake_plant,50.55,30.0,75.4,0.0
money_plant,20.41,29.9,75.4,0.0
snake_plant,50.7,29.9,75.4,0.0
cactus,29.5,29.9,75.4,0.0
money_plant,20.03,30.0,75.3,0.0
snake_plant,50.86,30.0,75.3,0.0
cactus,29.77,30.0,75.3,0.0
money_plant,19.97,30.0,75.5,0.0
snake_plant,50.83,30.0,75.5,0.0
cactus,29.71,30.0,75.5,0.0
money_plant,20.27,30.0,75.3,0.0
snake_plant,51.21,30.0,75.3,0.0
cactus,30.05,30.0,75.3,0.0
money_plant,19.85,30.0,75.4,0.0
snake_plant,50.58,30.0,75.4,0.0
cactus,30.02,30.0,75.4,0.0
money_plant,19.97,30.0,75.4,0.0
snake_plant,50.86,30.0,75.4,0.0
cactus,29.98,30.0,75.4,0.0
snake_plant,50.7,30.0,75.4,0.0
cactus,29.65,30.0,75.4,0.0
money_plant,19.94,30.0,75.2,0.0
snake_plant,50.55,30.0,75.2,0.0
cactus,29.8,30.0,75.2,0.0
money_plant,20.24,30.0,75.9,0.0
snake_plant,51.08,30.0,75.9,0.0
cactus,29.86,30.0,75.9,0.0
money_plant,19.79,30.0,75.2,0.0
snake_plant,51.08,30.0,75.2,0.0
cactus,29.59,30.0,75.2,0.0
money_plant,20.36,30.0,75.9,0.0
snake_plant,50.89,30.0,75.9,0.0
cactus,29.98,30.0,75.9,0.0
money_plant,20.27,30.0,76.0,0.0
snake_plant,50.7,30.0,76.0,0.0
cactus,29.68,30.0,76.0,0.0
money_plant,20.36,30.1,75.7,0.0
snake_plant,50.58,30.1,75.7,0.0
cactus,29.56,30.1,75.7,0.0
snake_plant,50.77,30.1,75.8,0.0
cactus,29.59,30.1,75.8,0.0
money_plant,20.03,30.0,75.9,0.0
snake_plant,50.95,30.0,75.9,0.0
cactus,29.59,30.0,75.9,0.0
money_plant,19.73,30.0,75.7,0.0
snake_plant,50.74,30.0,75.7,0.0
cactus,29.59,30.0,75.7,0.0
money_plant,20.03,30.0,75.8,0.0
snake_plant,50.7,30.0,75.8,0.0
cactus,29.5,30.0,75.8,0.0
money_plant,20.03,30.1,75.8,0.0
snake_plant,50.95,30.1,75.8,0.0
cactus,29.86,30.1,75.8,0.0
money_plant,20.15,30.0,75.8,0.0
snake_plant,50.89,30.0,75.8,0.0
cactus,29.8,30.0,75.8,0.0
money_plant,20.18,30.0,75.3,0.0
snake_plant,50.64,30.0,75.3,0.0
cactus,29.8,30.0,75.3,0.0
money_plant,20.39,30.0,75.8,0.0
snake_plant,51.21,30.0,75.8,0.0
money_plant,20.21,30.0,75.8,0.0
snake_plant,51.08,30.0,75.8,0.0
cactus,30.23,30.0,75.8,0.0
money_plant,19.91,30.0,75.3,0.0
snake_plant,51.27,30.0,75.3,0.0
cactus,29.92,30.0,75.3,0.0
money_plant,20.09,30.0,75.7,0.0
snake_plant,51.58,30.0,75.7,0.0
cactus,29.74,30.0,75.7,0.0
money_plant,19.85,30.0,75.8,0.0
snake_plant,51.24,30.0,75.8,0.0
cactus,29.74,30.0,75.8,0.0
money_plant,20.15,30.0,75.3,0.0
snake_plant,51.67,30.0,75.3,0.0
cactus,29.59,30.0,75.3,0.0
cactus,29.74,30.0,75.3,0.0
snake_plant,51.14,30.0,75.4,0.0
money_plant,20.3,30.0,75.4,0.0
money_plant,19.56,30.0,75.4,0.0
snake_plant,51.39,30.0,75.4,0.0
cactus,29.59,30.0,75.4,0.0
money_plant,20.06,30.0,75.4,0.0
snake_plant,51.21,30.0,75.4,0.0
cactus,29.86,30.0,75.4,0.0
money_plant,20.18,30.0,75.4,0.0
snake_plant,49.55,30.0,75.4,0.0
cactus,29.56,30.0,75.4,0.0
money_plant,23.26,30.0,75.4,0.0
snake_plant,50.99,30.0,75.4,0.0
snake_plant,51.14,30.0,75.5,0.0
cactus,29.32,30.0,75.5,0.0
money_plant,20.03,30.0,75.4,0.0
snake_plant,51.36,30.0,75.4,0.0
cactus,28.29,30.0,75.4,0.0
snake_plant,50.95,30.0,75.3,0.0
cactus,29.26,30.0,75.3,0.0
money_plant,20.21,30.0,75.6,0.0
snake_plant,51.52,30.0,75.6,0.0
cactus,29.07,30.0,75.6,0.0
money_plant,20.15,29.9,75.4,0.0
snake_plant,51.21,29.9,75.4,0.0
cactus,28.25,29.9,75.4,0.0
money_plant,19.79,30.0,75.3,0.0
snake_plant,51.11,30.0,75.3,0.0
cactus,29.1,30.0,75.3,0.0
money_plant,20.06,30.0,75.5,0.0
snake_plant,51.49,30.0,75.5,0.0
cactus,29.5,30.0,75.5,0.0
money_plant,19.88,29.9,75.4,0.0
snake_plant,51.58,29.9,75.4,0.0
cactus,29.23,29.9,75.4,0.0
snake_plant,51.27,30.0,75.4,0.0
cactus,29.41,30.0,75.4,0.0
money_plant,20.62,29.9,75.5,0.0
snake_plant,51.77,29.9,75.5,0.0
cactus,29.65,29.9,75.5,0.0
money_plant,20.56,30.0,75.5,0.0
snake_plant,51.55,30.0,75.5,0.0
cactus,29.62,30.0,75.5,0.0
money_plant,19.79,30.0,75.5,0.0
snake_plant,51.58,30.0,75.5,0.0
cactus,29.1,30.0,75.5,0.0
snake_plant,51.49,30.0,75.4,0.0
cactus,29.77,30.0,75.4,0.0
money_plant,20.03,30.0,75.5,0.0
cactus,29.44,30.0,75.5,0.0
money_plant,20.15,30.0,75.4,0.0
snake_plant,51.64,30.0,75.4,0.0
money_plant,20.06,30.0,75.6,0.0
snake_plant,51.67,30.0,75.6,0.0
cactus,29.5,30.0,75.6,0.0
money_plant,19.67,30.0,75.6,0.0
snake_plant,51.96,30.0,75.6,0.0
cactus,29.41,30.0,75.6,0.0
money_plant,20.03,29.9,75.4,0.0
snake_plant,51.55,29.9,75.4,0.0
cactus,29.59,29.9,75.4,0.0
money_plant,19.94,29.9,75.5,0.0
snake_plant,52.24,29.9,75.5,0.0
cactus,29.62,29.9,75.5,0.0
snake_plant,52.24,30.0,75.6,0.0
cactus,29.62,30.0,75.6,0.0
money_plant,19.88,29.9,75.3,0.0
snake_plant,52.46,29.9,75.3,0.0
cactus,29.89,29.9,75.3,0.0
money_plant,19.67,29.9,75.5,0.0
snake_plant,51.83,29.9,75.5,0.0
cactus,29.8,29.9,75.5,0.0
money_plant,20.09,29.9,75.4,0.0
snake_plant,51.99,29.9,75.4,0.0
cactus,29.77,29.9,75.4,0.0
money_plant,20.15,29.9,75.6,0.0
snake_plant,51.08,29.9,75.6,0.0
cactus,29.77,29.9,75.6,0.0
money_plant,19.35,30.0,75.4,0.0
snake_plant,52.05,30.0,75.4,0.0
money_plant,19.85,29.9,75.4,0.0
snake_plant,52.24,29.9,75.4,0.0
cactus,29.74,29.9,75.4,0.0
money_plant,20.03,29.9,75.6,0.0
snake_plant,52.14,29.9,75.6,0.0
cactus,29.59,29.9,75.6,0.0
snake_plant,52.18,29.9,75.5,0.0
money_plant,20.0,29.9,75.5,0.0
snake_plant,51.99,29.9,75.5,0.0
cactus,28.92,29.9,75.5,0.0
snake_plant,52.05,29.9,75.6,0.0
cactus,30.02,29.9,75.6,0.0
money_plant,20.33,29.9,75.5,0.0
snake_plant,52.52,29.9,75.5,0.0
cactus,29.5,29.9,75.5,0.0
money_plant,19.85,29.9,75.6,0.0
snake_plant,52.24,29.9,75.6,0.0
cactus,29.32,29.9,75.6,0.0
money_plant,20.09,29.9,75.6,0.0
snake_plant,52.36,29.9,75.6,0.0
cactus,29.47,29.9,75.6,0.0
money_plant,19.88,29.9,75.6,0.0
snake_plant,52.46,29.9,75.6,0.0
cactus,29.38,29.9,75.6,0.0
money_plant,19.56,29.9,75.6,0.0
snake_plant,52.33,29.9,75.6,0.0
cactus,29.2,29.9,75.6,0.0
money_plant,19.97,29.9,75.5,0.0
money_plant,19.91,29.9,75.6,0.0
cactus,30.26,29.9,75.6,0.0
money_plant,19.82,29.9,75.7,0.0
snake_plant,52.58,29.9,75.7,0.0
cactus,29.26,29.9,75.7,0.0
money_plant,19.94,29.8,75.6,0.0
snake_plant,52.14,29.8,75.6,0.0
cactus,29.59,29.8,75.6,0.0
money_plant,19.7,29.9,75.5,0.0
snake_plant,51.86,29.9,75.5,0.0
cactus,29.38,29.9,75.5,0.0
snake_plant,51.74,29.8,75.6,0.0
cactus,29.1,29.8,75.6,0.0
money_plant,20.09,29.9,75.5,0.0
snake_plant,51.96,29.9,75.5,0.0
cactus,28.89,29.9,75.5,0.0
money_plant,19.79,29.9,75.5,0.0
snake_plant,52.05,29.9,75.5,0.0
cactus,29.14,29.9,75.5,0.0
money_plant,19.82,29.9,75.5,0.0
snake_plant,52.27,29.9,75.5,0.0
cactus,29.1,29.9,75.5,0.0
money_plant,19.73,29.8,75.5,0.0
snake_plant,52.21,29.8,75.5,0.0
cactus,29.1,29.8,75.5,0.0
cactus,29.56,29.9,75.5,0.0
money_plant,19.79,29.9,75.6,0.0
snake_plant,51.86,29.9,75.6,0.0
snake_plant,51.71,29.9,75.5,0.0
cactus,29.74,29.9,75.5,0.0
money_plant,20.21,29.9,75.6,0.0
snake_plant,55.46,29.9,75.6,0.0
cactus,29.86,29.9,75.6,0.0
money_plant,20.27,29.9,75.6,0.0
snake_plant,51.71,29.9,75.6,0.0
snake_plant,51.64,29.9,75.5,0.0
money_plant,19.85,29.9,75.7,0.0
snake_plant,51.64,29.9,75.7,0.0
cactus,29.59,29.9,75.7,0.0
money_plant,20.15,29.8,75.5,0.0
snake_plant,51.86,29.8,75.5,0.0
cactus,29.59,29.8,75.5,0.0
money_plant,19.94,29.9,75.6,0.0
snake_plant,51.55,29.9,75.6,0.0
money_plant,20.36,29.8,75.5,0.0
snake_plant,53.08,29.8,75.5,0.0
cactus,30.29,29.8,75.5,0.0
money_plant,20.27,29.8,75.4,0.0
snake_plant,51.74,29.8,75.4,0.0
cactus,29.92,29.8,75.4,0.0
snake_plant,51.55,29.8,75.5,0.0
cactus,29.68,29.8,75.5,0.0
money_plant,20.18,29.9,75.6,0.0
money_plant,20.09,29.8,75.5,0.0
cactus,29.56,29.8,75.5,0.0
money_plant,20.0,29.8,75.6,0.0
snake_plant,51.52,29.8,75.6,0.0
cactus,29.65,29.8,75.6,0.0
money_plant,19.73,29.9,75.4,0.0
snake_plant,51.46,29.9,75.4,0.0
cactus,29.56,29.9,75.4,0.0
snake_plant,51.64,29.8,75.5,0.0
snake_plant,51.61,29.9,75.5,0.0
cactus,29.41,29.9,75.5,0.0
snake_plant,51.86,29.8,75.6,0.0
cactus,29.53,29.8,75.6,0.0
money_plant,20.8,29.9,75.5,0.0
cactus,29.59,29.9,75.5,0.0
money_plant,19.97,29.8,75.4,0.0
snake_plant,51.58,29.8,75.4,0.0
cactus,29.62,29.8,75.4,0.0
money_plant,20.15,29.8,75.3,0.0
snake_plant,51.58,29.8,75.3,0.0
cactus,29.59,29.8,75.3,0.0
money_plant,20.33,29.8,75.4,0.0
cactus,29.5,29.8,75.4,0.0
snake_plant,51.77,29.8,75.5,0.0
money_plant,19.76,29.8,75.4,0.0
cactus,29.71,29.8,75.4,0.0
money_plant,20.06,29.8,75.5,0.0
snake_plant,51.61,29.8,75.5,0.0
cactus,29.65,29.8,75.5,0.0
money_plant,19.94,29.8,75.3,0.0
snake_plant,52.05,29.8,75.3,0.0
cactus,29.5,29.8,75.3,0.0
money_plant,19.91,29.8,75.1,0.0
snake_plant,51.55,29.8,75.1,0.0
cactus,29.59,29.8,75.1,0.0
money_plant,20.06,29.8,75.4,0.0
snake_plant,51.55,29.8,75.4,0.0
cactus,29.53,29.8,75.4,0.0
money_plant,19.7,29.8,75.5,0.0
snake_plant,51.83,29.8,75.5,0.0
cactus,29.53,29.8,75.5,0.0
money_plant,19.91,29.8,75.3,0.0
snake_plant,51.55,29.8,75.3,0.0
cactus,29.41,29.8,75.3,0.0
money_plant,20.27,29.8,75.5,0.0
cactus,29.32,29.8,75.5,0.0
money_plant,20.21,29.8,75.4,0.0
snake_plant,52.02,29.8,75.4,0.0
cactus,29.44,29.8,75.4,0.0
money_plant,20.09,29.8,75.3,0.0
snake_plant,51.77,29.8,75.3,0.0
money_plant,20.27,29.8,75.3,0.0
snake_plant,51.64,29.8,75.3,0.0
money_plant,19.91,29.8,75.6,0.0
snake_plant,51.77,29.8,75.6,0.0
cactus,29.41,29.8,75.6,0.0
snake_plant,51.92,29.8,75.3,0.0
cactus,29.1,29.8,75.3,0.0
money_plant,20.21,29.8,75.5,0.0
cactus,29.01,29.8,75.5,0.0
snake_plant,51.86,29.8,75.4,0.0
cactus,28.95,29.8,75.4,0.0
snake_plant,51.71,29.8,75.5,0.0
cactus,28.89,29.8,75.5,0.0
money_plant,20.36,29.8,75.3,0.0
snake_plant,51.99,29.8,75.3,0.0
cactus,28.8,29.8,75.3,0.0
money_plant,19.82,29.8,75.4,0.0
snake_plant,52.05,29.8,75.4,0.0
cactus,28.92,29.8,75.4,0.0
money_plant,19.91,29.8,75.4,0.0
snake_plant,51.61,29.8,75.4,0.0
cactus,28.77,29.8,75.4,0.0
snake_plant,52.08,29.8,75.5,0.0
cactus,28.71,29.8,75.5,0.0
cactus,29.1,29.8,75.4,0.0
money_plant,20.33,29.8,75.5,0.0
cactus,29.14,29.8,75.4,0.0
money_plant,20.36,29.8,75.4,0.0
money_plant,20.65,29.8,75.4,0.0
cactus,29.2,29.8,75.4,0.0
money_plant,20.3,29.8,75.3,0.0
snake_plant,51.74,29.8,75.3,0.0
cactus,29.14,29.8,75.3,0.0
money_plant,20.24,29.8,75.4,0.0
snake_plant,51.99,29.8,75.4,0.0
money_plant,20.18,29.8,75.3,0.0
cactus,29.68,29.8,75.4,0.0
snake_plant,52.05,29.8,75.5,0.0
snake_plant,51.58,29.8,75.5,0.0
cactus,29.44,29.8,75.5,0.0
money_plant,20.18,29.8,75.4,0.0
snake_plant,51.96,29.8,75.4,0.0
cactus,29.59,29.8,75.4,0.0
money_plant,20.39,29.8,75.4,0.0
snake_plant,51.83,29.8,75.4,0.0
money_plant,20.65,29.8,75.3,0.0
snake_plant,52.02,29.8,75.3,0.0
snake_plant,51.99,29.8,75.5,0.0
cactus,29.98,29.8,75.5,0.0
money_plant,20.44,29.8,75.4,0.0
cactus,29.86,29.8,75.4,0.0
money_plant,20.41,29.8,75.5,0.0
snake_plant,52.14,29.8,75.5,0.0
cactus,29.8,29.8,75.5,0.0
money_plant,22.25,29.8,75.4,0.0
snake_plant,52.08,29.8,75.4,0.0
cactus,30.02,29.8,75.4,0.0
money_plant,20.83,29.8,75.3,0.0
snake_plant,52.08,29.8,75.3,0.0
cactus,30.11,29.8,75.3,0.0
money_plant,20.33,29.8,75.6,0.0
snake_plant,51.33,29.8,75.6,0.0
cactus,30.11,29.8,75.6,0.0
cactus,30.05,29.8,75.5,0.0
money_plant,20.18,29.8,75.5,0.0
cactus,30.14,29.8,75.5,0.0
money_plant,20.15,29.7,75.3,0.0
snake_plant,51.58,29.7,75.3,0.0
cactus,29.92,29.7,75.3,0.0
snake_plant,51.96,29.8,75.5,0.0
money_plant,20.44,29.7,75.6,0.0
snake_plant,52.08,29.7,75.6,0.0
cactus,29.2,29.7,75.6,0.0
money_plant,20.5,29.8,75.5,0.0
snake_plant,52.18,29.8,75.5,0.0
cactus,29.86,29.8,75.5,0.0
money_plant,20.3,29.7,75.6,0.0
snake_plant,51.71,29.7,75.6,0.0
cactus,29.56,29.7,75.6,0.0
money_plant,20.53,29.8,75.4,0.0
money_plant,19.7,29.8,75.4,0.0
money_plant,20.53,29.7,75.4,0.0
snake_plant,51.77,29.7,75.4,0.0
cactus,29.62,29.7,75.4,0.0
money_plant,20.44,29.8,75.5,0.0
cactus,29.74,29.8,75.5,0.0
money_plant,20.62,29.7,75.5,0.0
snake_plant,51.96,29.7,75.5,0.0
cactus,30.14,29.7,75.5,0.0
money_plant,20.62,29.7,75.7,0.0
snake_plant,51.83,29.7,75.7,0.0
cactus,30.41,29.7,75.7,0.0
money_plant,20.5,29.7,75.4,0.0
snake_plant,52.27,29.7,75.4,0.0
cactus,30.2,29.7,75.4,0.0
money_plant,20.74,29.7,75.5,0.0
snake_plant,51.83,29.7,75.5,0.0
cactus,30.26,29.7,75.5,0.0
money_plant,20.5,29.7,75.3,0.0
snake_plant,51.74,29.7,75.3,0.0
cactus,30.26,29.7,75.3,0.0
money_plant,20.53,29.8,75.6,0.0
snake_plant,52.02,29.8,75.6,0.0
cactus,30.56,29.8,75.6,0.0
money_plant,25.84,29.8,75.4,0.0
cactus,30.5,29.8,75.4,0.0
money_plant,20.68,29.7,75.5,0.0
snake_plant,52.33,29.7,75.5,0.0
cactus,30.41,29.7,75.5,0.0
money_plant,20.0,29.7,75.5,0.0
snake_plant,51.89,29.7,75.5,0.0
snake_plant,52.02,29.7,75.5,0.0
cactus,30.29,29.7,75.5,0.0
money_plant,19.26,29.8,75.5,0.0
snake_plant,51.92,29.8,75.5,0.0
cactus,30.2,29.8,75.5,0.0
money_plant,20.33,29.7,75.4,0.0
snake_plant,51.58,29.7,75.4,0.0
cactus,30.35,29.7,75.4,0.0
money_plant,20.71,29.8,75.5,0.0
snake_plant,52.02,29.8,75.5,0.0
cactus,30.35,29.8,75.5,0.0
money_plant,26.52,29.8,75.5,0.0
money_plant,20.71,29.8,75.4,0.0
snake_plant,51.71,29.8,75.4,0.0
cactus,30.14,29.8,75.4,0.0
money_plant,20.36,29.7,75.5,0.0
snake_plant,51.86,29.7,75.5,0.0
cactus,30.38,29.7,75.5,0.0
money_plant,20.47,29.7,75.5,0.0
money_plant,20.65,29.7,75.4,0.0
snake_plant,51.96,29.7,75.4,0.0
cactus,30.29,29.7,75.4,0.0
money_plant,20.68,29.7,75.4,0.0
snake_plant,51.83,29.7,75.4,0.0
cactus,30.14,29.7,75.4,0.0
money_plant,20.44,29.7,75.4,0.0
money_plant,20.47,29.7,75.6,0.0
snake_plant,52.05,29.7,75.6,0.0
cactus,30.08,29.7,75.6,0.0
money_plant,21.04,29.7,75.5,0.0
snake_plant,51.52,29.7,75.5,0.0
cactus,30.35,29.7,75.5,0.0
cactus,30.47,29.8,75.5,0.0
money_plant,20.74,29.7,75.4,0.0
snake_plant,52.18,29.7,75.4,0.0
cactus,30.53,29.7,75.4,0.0
money_plant,20.74,29.8,75.4,0.0
snake_plant,51.77,29.8,75.4,0.0
cactus,30.56,29.8,75.4,0.0
money_plant,20.77,29.7,75.5,0.0
snake_plant,51.99,29.7,75.5,0.0
cactus,31.2,29.7,75.5,0.0
money_plant,20.8,29.7,75.5,0.0
snake_plant,51.67,29.7,75.5,0.0
cactus,31.14,29.7,75.5,0.0
money_plant,20.92,29.7,75.5,0.0
cactus,31.32,29.7,75.5,0.0
snake_plant,51.92,29.7,75.5,0.0
cactus,31.11,29.7,75.5,0.0
money_plant,20.65,29.7,75.5,0.0
cactus,31.08,29.7,75.5,0.0
money_plant,20.62,29.7,75.6,0.0
snake_plant,51.83,29.7,75.6,0.0
cactus,30.71,29.7,75.6,0.0
money_plant,20.71,29.7,75.3,0.0
snake_plant,52.05,29.7,75.3,0.0
cactus,31.08,29.7,75.3,0.0
snake_plant,51.61,29.7,75.5,0.0
cactus,30.68,29.7,75.5,0.0
money_plant,20.56,29.7,75.4,0.0
snake_plant,51.64,29.7,75.4,0.0
cactus,30.59,29.7,75.4,0.0
money_plant,20.68,29.7,75.6,0.0
snake_plant,51.55,29.7,75.6,0.0
cactus,30.59,29.7,75.6,0.0
snake_plant,52.08,29.7,75.5,0.0
cactus,30.59,29.7,75.5,0.0
snake_plant,51.71,29.7,75.4,0.0
cactus,30.65,29.7,75.4,0.0
cactus,30.53,29.7,75.5,0.0
snake_plant,51.99,29.7,75.4,0.0
money_plant,20.44,29.7,75.5,0.0
cactus,30.56,29.7,75.5,0.0
snake_plant,51.89,29.7,75.4,0.0
cactus,30.47,29.7,75.4,0.0
snake_plant,51.74,29.7,75.5,0.0
cactus,30.47,29.7,75.5,0.0
money_plant,20.74,29.7,75.6,0.0
cactus,30.11,29.7,75.6,0.0
money_plant,20.71,29.7,75.5,0.0
snake_plant,52.11,29.7,75.5,0.0
cactus,30.11,29.7,75.5,0.0
snake_plant,51.92,29.7,75.6,0.0
cactus,30.14,29.7,75.6,0.0
cactus,31.08,29.7,75.4,0.0
money_plant,20.68,29.7,75.3,0.83
snake_plant,51.83,29.7,75.3,0.83
cactus,30.2,29.7,75.3,0.83
money_plant,20.53,29.7,75.6,0.83
snake_plant,51.83,29.7,75.6,0.83
cactus,30.53,29.7,75.6,0.83
money_plant,20.65,29.7,75.4,0.83
snake_plant,51.71,29.7,75.4,0.83
cactus,30.35,29.7,75.4,0.83
money_plant,20.56,29.7,75.5,0.83
snake_plant,51.96,29.7,75.5,0.83
cactus,30.35,29.7,75.5,0.83
money_plant,20.5,29.7,75.5,0.83
snake_plant,51.99,29.7,75.5,0.83
money_plant,20.3,29.7,75.4,0.83
snake_plant,52.05,29.7,75.4,0.83
cactus,30.17,29.7,75.4,0.83
money_plant,20.74,29.7,75.5,0.83
snake_plant,51.83,29.7,75.5,0.83
cactus,30.17,29.7,75.5,0.83
money_plant,20.74,29.7,75.7,0.83
snake_plant,51.77,29.7,75.7,0.83
cactus,29.59,29.7,75.7,0.83
cactus,30.05,29.7,75.5,0.83
money_plant,20.47,29.7,75.7,0.83
snake_plant,53.18,29.7,75.7,0.83
cactus,30.02,29.7,75.7,0.83
money_plant,20.3,29.7,75.6,0.83
snake_plant,52.02,29.7,75.6,0.83
cactus,30.11,29.7,75.6,0.83
money_plant,20.68,29.7,75.5,0.83
snake_plant,51.61,29.7,75.5,0.83
cactus,29.98,29.7,75.5,0.83
money_plant,20.5,29.7,75.6,0.83
snake_plant,51.77,29.7,75.6,0.83
cactus,30.26,29.7,75.6,0.83
money_plant,21.57,29.7,75.4,0.83
snake_plant,51.86,29.7,75.4,0.83
cactus,30.26,29.7,75.4,0.83
money_plant,20.77,29.7,75.5,0.83
snake_plant,52.05,29.7,75.5,0.83
cactus,30.29,29.7,75.5,0.83
money_plant,20.89,29.7,75.5,0.83
snake_plant,52.02,29.7,75.5,0.83
money_plant,20.86,29.7,75.4,0.83
snake_plant,51.64,29.7,75.4,0.83
cactus,30.08,29.7,75.4,0.83
money_plant,21.01,29.7,75.5,1.67
snake_plant,52.08,29.7,75.5,1.67
cactus,29.92,29.7,75.5,1.67
money_plant,20.77,29.7,75.5,1.67
snake_plant,51.61,29.7,75.5,1.67
cactus,30.08,29.7,75.5,1.67
money_plant,20.83,29.7,75.4,1.67
snake_plant,48.83,29.7,75.4,1.67
cactus,29.92,29.7,75.4,1.67
snake_plant,52.02,29.7,75.4,1.67
cactus,29.62,29.7,75.4,1.67
money_plant,20.74,29.7,75.5,1.67
snake_plant,51.64,29.7,75.5,1.67
cactus,29.59,29.7,75.5,1.67
money_plant,20.8,29.7,75.6,1.67
snake_plant,53.58,29.7,75.6,1.67
cactus,29.98,29.7,75.6,1.67
money_plant,20.86,29.7,75.6,1.67
snake_plant,51.52,29.7,75.6,1.67
cactus,29.74,29.7,75.6,1.67
money_plant,20.77,29.7,75.6,1.67
snake_plant,51.74,29.7,75.6,1.67
cactus,29.65,29.7,75.6,1.67
money_plant,20.86,29.7,75.4,1.67
snake_plant,51.83,29.7,75.4,1.67
cactus,29.59,29.7,75.4,1.67
snake_plant,51.71,29.7,75.4,1.67
cactus,29.74,29.7,75.4,1.67
money_plant,21.13,29.7,75.6,1.67
snake_plant,51.71,29.7,75.6,1.67
cactus,29.5,29.7,75.6,1.67
snake_plant,52.08,29.7,75.6,1.67
cactus,29.23,29.7,75.6,1.67
money_plant,20.65,29.7,75.4,1.67
snake_plant,51.64,29.7,75.4,1.67
cactus,29.26,29.7,75.4,1.67
money_plant,16.56,29.7,75.6,1.67
cactus,29.41,29.7,75.6,1.67
money_plant,21.3,29.7,75.6,1.67
snake_plant,51.58,29.7,75.6,1.67
cactus,29.2,29.7,75.6,1.67
money_plant,21.21,29.7,75.4,1.67
snake_plant,51.55,29.7,75.4,1.67
cactus,29.38,29.7,75.4,1.67
snake_plant,51.77,29.7,75.6,1.67
cactus,29.14,29.7,75.6,1.67
money_plant,20.98,29.7,75.5,1.67
snake_plant,51.55,29.7,75.5,1.67
cactus,29.17,29.7,75.5,1.67
money_plant,21.24,29.7,75.6,2.5
snake_plant,51.99,29.7,75.6,2.5
cactus,29.5,29.7,75.6,2.5
money_plant,20.98,29.7,75.6,2.5
snake_plant,51.77,29.7,75.6,2.5
cactus,30.62,29.7,75.6,2.5
money_plant,20.92,29.7,75.6,2.5
snake_plant,51.64,29.7,75.6,2.5
cactus,29.62,29.7,75.6,2.5
money_plant,21.24,29.7,75.7,2.5
snake_plant,51.83,29.7,75.7,2.5
cactus,29.59,29.7,75.7,2.5
money_plant,17.3,29.7,75.6,2.5
snake_plant,51.83,29.7,75.6,2.5
money_plant,20.56,29.7,75.5,2.5
snake_plant,51.58,29.7,75.5,2.5
cactus,29.86,29.7,75.5,2.5
money_plant,20.98,29.7,75.5,2.5
snake_plant,51.96,29.7,75.5,2.5
cactus,29.62,29.7,75.5,2.5
money_plant,20.71,29.7,75.6,2.5
snake_plant,51.49,29.7,75.6,2.5
cactus,29.74,29.7,75.6,2.5
money_plant,20.92,29.7,75.7,2.5
snake_plant,52.27,29.7,75.7,2.5
cactus,29.71,29.7,75.7,2.5
money_plant,20.36,29.7,75.6,2.5
snake_plant,51.61,29.7,75.6,2.5
cactus,29.86,29.7,75.6,2.5
money_plant,20.83,29.7,75.4,2.5
snake_plant,51.89,29.7,75.4,2.5
cactus,29.62,29.7,75.4,2.5
money_plant,20.86,29.7,75.4,2.5
snake_plant,51.86,29.7,75.4,2.5
cactus,29.68,29.7,75.4,2.5
money_plant,21.19,29.7,75.6,3.33
snake_plant,51.71,29.7,75.6,3.33
cactus,29.59,29.7,75.6,3.33
money_plant,20.86,29.7,75.6,3.33
snake_plant,51.83,29.7,75.6,3.33
cactus,29.68,29.7,75.6,3.33
money_plant,20.77,29.7,75.6,3.33
cactus,29.74,29.7,75.6,3.33
money_plant,20.92,29.7,75.5,3.33
snake_plant,51.64,29.7,75.5,3.33
cactus,29.62,29.7,75.5,3.33
money_plant,20.89,29.7,75.6,4.17
snake_plant,51.64,29.7,75.6,4.17
cactus,29.65,29.7,75.6,4.17
money_plant,20.98,29.7,75.6,5.0
snake_plant,51.74,29.7,75.6,5.0
cactus,30.23,29.7,75.6,5.0
money_plant,20.89,29.7,75.7,5.83
snake_plant,51.83,29.7,75.7,5.83
cactus,29.95,29.7,75.7,5.83
money_plant,20.86,29.7,75.5,5.83
snake_plant,51.64,29.7,75.5,5.83
cactus,30.47,29.7,75.5,5.83
money_plant,20.77,29.7,75.5,6.67
snake_plant,51.58,29.7,75.5,6.67
cactus,29.98,29.7,75.5,6.67
money_plant,20.44,29.7,75.5,8.33
snake_plant,51.55,29.7,75.5,8.33
cactus,30.02,29.7,75.5,8.33
money_plant,20.83,29.8,75.4,9.17
snake_plant,52.05,29.8,75.4,9.17
cactus,29.98,29.8,75.4,9.17
money_plant,20.89,29.7,75.5,10.0
snake_plant,52.02,29.7,75.5,10.0
cactus,30.14,29.7,75.5,10.0
money_plant,20.89,29.8,75.4,10.83
snake_plant,51.61,29.8,75.4,10.83
cactus,29.98,29.8,75.4,10.83
money_plant,20.74,29.7,75.4,10.83
snake_plant,51.67,29.7,75.4,10.83
cactus,29.98,29.7,75.4,10.83
money_plant,20.74,29.7,76.2,1438.33
snake_plant,51.89,29.7,76.2,1438.33
cactus,30.11,29.7,76.2,1438.33
money_plant,20.98,29.3,76.6,705.0
snake_plant,51.83,29.3,76.6,705.0
cactus,30.08,29.3,76.6,705.0
money_plant,20.95,29.1,77.4,553.33
snake_plant,51.58,29.1,77.4,553.33
cactus,30.23,29.1,77.4,553.33
money_plant,16.62,28.8,78.0,583.33
snake_plant,50.14,28.8,78.0,583.33
cactus,30.23,28.8,78.0,583.33
money_plant,21.07,28.7,80.3,605.0
snake_plant,51.74,28.7,80.3,605.0
cactus,30.11,28.7,80.3,605.0
money_plant,20.65,28.6,80.4,672.5
snake_plant,51.74,28.6,80.4,672.5
cactus,30.11,28.6,80.4,672.5
money_plant,21.3,28.5,79.9,715.83
snake_plant,52.05,28.5,79.9,715.83
cactus,30.11,28.5,79.9,715.83
money_plant,20.68,28.5,79.9,787.5
snake_plant,51.55,28.5,79.9,787.5
cactus,30.35,28.5,79.9,787.5
money_plant,20.65,28.5,80.7,778.33
snake_plant,51.96,28.5,80.7,778.33
cactus,30.59,28.5,80.7,778.33
money_plant,20.77,28.5,81.0,690.0
snake_plant,51.71,28.5,81.0,690.0
cactus,30.59,28.5,81.0,690.0
money_plant,20.65,28.6,80.0,734.17
snake_plant,51.96,28.6,80.0,734.17
cactus,30.83,28.6,80.0,734.17
money_plant,20.8,28.6,80.7,940.0
snake_plant,51.71,28.6,80.7,940.0
cactus,30.71,28.6,80.7,940.0
money_plant,20.65,28.6,80.7,1032.5
snake_plant,51.58,28.6,80.7,1032.5
cactus,30.56,28.6,80.7,1032.5
money_plant,20.36,28.6,80.8,880.0
snake_plant,51.58,28.6,80.8,880.0
cactus,30.47,28.6,80.8,880.0
money_plant,20.5,28.9,79.8,889.17
snake_plant,51.83,28.9,79.8,889.17
cactus,30.53,28.9,79.8,889.17
money_plant,20.86,29.1,78.8,847.5
snake_plant,52.02,29.1,78.8,847.5
cactus,30.17,29.1,78.8,847.5
money_plant,20.8,28.9,78.6,864.17
snake_plant,51.64,28.9,78.6,864.17
cactus,30.08,28.9,78.6,864.17
money_plant,20.68,28.9,79.9,905.0
snake_plant,51.74,28.9,79.9,905.0
cactus,30.5,28.9,79.9,905.0
money_plant,20.62,29.1,79.4,944.17
snake_plant,51.67,29.1,79.4,944.17
cactus,30.44,29.1,79.4,944.17
money_plant,20.62,29.4,77.2,969.17
snake_plant,51.89,29.4,77.2,969.17
cactus,30.56,29.4,77.2,969.17
money_plant,20.62,29.5,78.6,990.0
snake_plant,52.02,29.5,78.6,990.0
cactus,30.23,29.5,78.6,990.0
money_plant,20.89,29.4,78.4,1016.67
snake_plant,51.08,29.4,78.4,1016.67
cactus,30.29,29.4,78.4,1016.67
money_plant,20.77,29.4,79.7,1017.5
snake_plant,52.05,29.4,79.7,1017.5
cactus,30.47,29.4,79.7,1017.5
money_plant,21.81,29.4,79.5,1069.17
snake_plant,51.71,29.4,79.5,1069.17
cactus,30.14,29.4,79.5,1069.17
money_plant,20.47,29.6,78.7,1140.0
snake_plant,51.83,29.6,78.7,1140.0
cactus,30.35,29.6,78.7,1140.0
money_plant,20.89,30.0,76.8,1199.17
snake_plant,51.64,30.0,76.8,1199.17
cactus,31.08,30.0,76.8,1199.17
money_plant,20.36,30.3,76.5,2053.33
snake_plant,49.48,30.3,76.5,2053.33
cactus,30.47,30.3,76.5,2053.33
money_plant,20.41,30.3,75.0,2119.17
snake_plant,51.83,30.3,75.0,2119.17
cactus,30.35,30.3,75.0,2119.17
money_plant,20.62,30.7,74.6,1520.83
snake_plant,52.08,30.7,74.6,1520.83
cactus,30.41,30.7,74.6,1520.83
money_plant,20.68,31.5,72.3,4066.67
snake_plant,51.58,31.5,72.3,4066.67
cactus,30.56,31.5,72.3,4066.67
money_plant,20.77,33.0,68.6,3590.0
snake_plant,51.67,33.0,68.6,3590.0
cactus,30.68,33.0,68.6,3590.0
money_plant,20.53,35.1,64.2,2548.33
snake_plant,51.89,35.1,64.2,2548.33
cactus,31.08,35.1,64.2,2548.33
money_plant,20.5,36.3,61.1,1742.5
snake_plant,51.71,36.3,61.1,1742.5
cactus,31.08,36.3,61.1,1742.5
money_plant,20.83,37.7,58.1,1598.33
snake_plant,51.89,37.7,58.1,1598.33
cactus,31.08,37.7,58.1,1598.33
money_plant,20.68,39.0,55.9,2025.0
snake_plant,51.64,39.0,55.9,2025.0
cactus,31.08,39.0,55.9,2025.0
money_plant,20.36,40.2,53.9,7025.83
snake_plant,51.89,40.2,53.9,7025.83
cactus,31.08,40.2,53.9,7025.83
money_plant,20.5,41.2,48.7,6445.0
snake_plant,52.02,41.2,48.7,6445.0
cactus,30.74,41.2,48.7,6445.0
money_plant,20.56,41.2,49.1,6221.67
snake_plant,51.83,41.2,49.1,6221.67
cactus,31.08,41.2,49.1,6221.67
money_plant,20.92,41.7,49.2,17566.67
snake_plant,51.89,41.7,49.2,17566.67
cactus,31.08,41.7,49.2,17566.67
money_plant,20.47,42.3,49.7,16913.33
snake_plant,52.05,42.3,49.7,16913.33
cactus,31.08,42.3,49.7,16913.33
money_plant,20.86,43.0,46.4,11508.33
snake_plant,52.33,43.0,46.4,11508.33
cactus,31.41,43.0,46.4,11508.33
money_plant,20.56,43.1,44.6,13989.17
snake_plant,52.05,43.1,44.6,13989.17
cactus,31.5,43.1,44.6,13989.17
money_plant,20.8,43.5,46.5,25897.5
snake_plant,51.96,43.5,46.5,25897.5
cactus,31.53,43.5,46.5,25897.5
money_plant,20.53,44.2,45.4,28197.5
snake_plant,54.05,44.2,45.4,28197.5
cactus,31.44,44.2,45.4,28197.5
money_plant,20.68,44.4,45.7,28677.5
snake_plant,52.02,44.4,45.7,28677.5
cactus,31.2,44.4,45.7,28677.5
money_plant,20.71,44.2,44.1,29121.67
snake_plant,52.33,44.2,44.1,29121.67
cactus,30.71,44.2,44.1,29121.67
money_plant,20.8,43.1,44.0,29664.17
snake_plant,52.11,43.1,44.0,29664.17
cactus,30.65,43.1,44.0,29664.17
money_plant,20.8,41.9,48.9,30220.83
snake_plant,52.24,41.9,48.9,30220.83
cactus,31.08,41.9,48.9,30220.83
money_plant,20.77,40.9,49.3,30730.83
snake_plant,52.52,40.9,49.3,30730.83
cactus,31.17,40.9,49.3,30730.83
money_plant,20.27,40.3,49.9,31040.83
snake_plant,52.14,40.3,49.9,31040.83
cactus,30.44,40.3,49.9,31040.83
money_plant,20.71,40.6,49.3,23365.0
snake_plant,52.55,40.6,49.3,23365.0
cactus,31.08,40.6,49.3,23365.0
money_plant,21.24,41.5,49.1,6625.0
snake_plant,52.43,41.5,49.1,6625.0
cactus,31.53,41.5,49.1,6625.0
money_plant,21.01,42.6,47.6,2372.5
snake_plant,52.74,42.6,47.6,2372.5
cactus,31.53,42.6,47.6,2372.5
money_plant,20.89,43.7,43.1,2550.0
snake_plant,52.55,43.7,43.1,2550.0
cactus,31.53,43.7,43.1,2550.0
money_plant,20.8,43.5,44.9,15440.83
snake_plant,52.24,43.5,44.9,15440.83
cactus,32.17,43.5,44.9,15440.83
money_plant,20.8,43.9,43.9,33296.66
snake_plant,52.55,43.9,43.9,33296.66
cactus,32.02,43.9,43.9,33296.66
money_plant,21.19,44.6,43.4,34327.5
snake_plant,52.77,44.6,43.4,34327.5
cactus,31.93,44.6,43.4,34327.5
money_plant,20.98,45.5,42.2,34820.83
snake_plant,52.71,45.5,42.2,34820.83
cactus,31.87,45.5,42.2,34820.83
money_plant,20.65,45.9,41.4,35106.66
snake_plant,52.83,45.9,41.4,35106.66
cactus,32.11,45.9,41.4,35106.66
money_plant,20.92,46.0,41.7,12391.67
snake_plant,52.52,46.0,41.7,12391.67
cactus,32.11,46.0,41.7,12391.67
money_plant,20.98,46.2,41.9,35447.5
snake_plant,52.43,46.2,41.9,35447.5
cactus,32.17,46.2,41.9,35447.5
money_plant,20.98,46.2,40.9,36197.5
snake_plant,52.55,46.2,40.9,36197.5
cactus,32.17,46.2,40.9,36197.5
money_plant,20.83,45.8,40.9,36742.5
snake_plant,52.9,45.8,40.9,36742.5
cactus,32.23,45.8,40.9,36742.5
money_plant,20.89,45.7,41.0,37239.16
snake_plant,52.83,45.7,41.0,37239.16
cactus,32.17,45.7,41.0,37239.16
money_plant,20.86,45.4,42.0,37735.0
snake_plant,52.49,45.4,42.0,37735.0
cactus,32.23,45.4,42.0,37735.0
money_plant,20.89,45.8,41.8,38413.33
snake_plant,53.02,45.8,41.8,38413.33
cactus,32.29,45.8,41.8,38413.33
money_plant,20.86,46.5,41.1,38871.66
snake_plant,52.86,46.5,41.1,38871.66
cactus,32.23,46.5,41.1,38871.66
money_plant,21.13,47.1,40.2,39390.83
snake_plant,52.99,47.1,40.2,39390.83
cactus,32.2,47.1,40.2,39390.83
money_plant,20.86,47.4,39.3,39796.66
snake_plant,53.21,47.4,39.3,39796.66
cactus,32.29,47.4,39.3,39796.66
money_plant,20.89,47.5,39.3,39949.16
snake_plant,53.05,47.5,39.3,39949.16
cactus,32.5,47.5,39.3,39949.16
money_plant,21.1,47.4,38.1,40776.66
snake_plant,52.99,47.4,38.1,40776.66
cactus,32.47,47.4,38.1,40776.66
money_plant,20.98,47.5,38.4,41263.33
snake_plant,52.86,47.5,38.4,41263.33
cactus,32.41,47.5,38.4,41263.33
money_plant,18.49,47.1,38.8,41098.33
snake_plant,53.27,47.1,38.8,41098.33
cactus,32.47,47.1,38.8,41098.33
money_plant,21.1,46.7,39.1,38677.5
snake_plant,53.02,46.7,39.1,38677.5
cactus,31.84,46.7,39.1,38677.5
money_plant,21.27,45.9,41.3,40880.0
snake_plant,52.99,45.9,41.3,40880.0
cactus,33.14,45.9,41.3,40880.0
money_plant,20.98,45.0,42.5,33950.83
snake_plant,53.11,45.0,42.5,33950.83
cactus,32.05,45.0,42.5,33950.83
money_plant,21.3,44.1,43.6,33183.33
snake_plant,52.64,44.1,43.6,33183.33
cactus,33.26,44.1,43.6,33183.33
money_plant,21.27,42.7,46.2,27595.0
snake_plant,53.21,42.7,46.2,27595.0
cactus,33.08,42.7,46.2,27595.0
money_plant,21.21,42.2,47.0,25466.67
snake_plant,53.24,42.2,47.0,25466.67
cactus,32.81,42.2,47.0,25466.67
money_plant,21.27,42.6,45.9,7645.83
snake_plant,53.33,42.6,45.9,7645.83
cactus,32.9,42.6,45.9,7645.83
money_plant,21.66,42.4,45.8,1382.5
snake_plant,53.33,42.4,45.8,1382.5
cactus,32.72,42.4,45.8,1382.5
money_plant,21.39,41.8,46.9,2675.83
snake_plant,53.11,41.8,46.9,2675.83
cactus,32.66,41.8,46.9,2675.83
money_plant,21.57,41.7,47.1,8380.0
snake_plant,53.15,41.7,47.1,8380.0
cactus,32.93,41.7,47.1,8380.0
money_plant,21.75,42.7,45.2,46378.33
snake_plant,53.05,42.7,45.2,46378.33
cactus,32.66,42.7,45.2,46378.33
money_plant,21.69,43.1,44.4,17995.0
snake_plant,52.99,43.1,44.4,17995.0
cactus,32.5,43.1,44.4,17995.0
money_plant,21.45,43.8,44.2,27757.5
snake_plant,52.99,43.8,44.2,27757.5
cactus,32.5,43.8,44.2,27757.5
money_plant,21.45,44.9,43.0,36758.33
snake_plant,53.05,44.9,43.0,36758.33
cactus,32.5,44.9,43.0,36758.33
money_plant,21.45,45.9,40.8,35255.0
snake_plant,53.55,45.9,40.8,35255.0
cactus,32.5,45.9,40.8,35255.0
money_plant,21.72,46.6,40.4,33666.66
snake_plant,53.08,46.6,40.4,33666.66
cactus,32.53,46.6,40.4,33666.66
money_plant,21.72,46.8,39.9,29024.17
snake_plant,53.24,46.8,39.9,29024.17
cactus,32.59,46.8,39.9,29024.17
money_plant,21.69,46.7,39.5,43680.83
snake_plant,53.33,46.7,39.5,43680.83
cactus,32.84,46.7,39.5,43680.83
money_plant,21.69,45.1,42.3,29858.33
snake_plant,53.08,45.1,42.3,29858.33
cactus,33.08,45.1,42.3,29858.33
money_plant,21.87,43.2,44.4,11510.83
snake_plant,53.46,43.2,44.4,11510.83
cactus,32.99,43.2,44.4,11510.83
money_plant,21.39,41.4,47.7,1210.0
snake_plant,53.36,41.4,47.7,1210.0
cactus,33.14,41.4,47.7,1210.0
money_plant,21.78,40.2,49.5,1110.83
snake_plant,53.33,40.2,49.5,1110.83
cactus,33.02,40.2,49.5,1110.83
money_plant,21.93,39.2,51.9,1027.5
snake_plant,53.55,39.2,51.9,1027.5
cactus,32.78,39.2,51.9,1027.5
money_plant,21.6,38.1,54.2,981.67
snake_plant,53.08,38.1,54.2,981.67
cactus,32.93,38.1,54.2,981.67
money_plant,21.93,37.0,56.4,951.67
snake_plant,53.05,37.0,56.4,951.67
cactus,32.84,37.0,56.4,951.67
money_plant,22.16,36.5,57.7,935.83
snake_plant,53.52,36.5,57.7,935.83
cactus,32.99,36.5,57.7,935.83
money_plant,22.19,36.2,58.5,930.83
snake_plant,53.52,36.2,58.5,930.83
cactus,32.78,36.2,58.5,930.83
money_plant,22.25,35.8,59.3,915.0
snake_plant,53.4,35.8,59.3,915.0
cactus,32.84,35.8,59.3,915.0
money_plant,22.34,35.3,59.8,837.5
snake_plant,53.49,35.3,59.8,837.5
cactus,32.99,35.3,59.8,837.5
money_plant,22.64,35.0,60.7,898.33
snake_plant,53.43,35.0,60.7,898.33
cactus,32.96,35.0,60.7,898.33
money_plant,22.25,35.0,60.5,869.17
snake_plant,53.33,35.0,60.5,869.17
cactus,32.69,35.0,60.5,869.17
money_plant,22.31,35.0,61.0,842.5
snake_plant,53.55,35.0,61.0,842.5
cactus,32.93,35.0,61.0,842.5
money_plant,22.22,34.8,60.9,824.17
snake_plant,53.18,34.8,60.9,824.17
cactus,32.56,34.8,60.9,824.17
money_plant,22.4,34.7,61.0,815.0
snake_plant,53.49,34.7,61.0,815.0
cactus,32.59,34.7,61.0,815.0
money_plant,22.49,34.6,62.7,933.33
snake_plant,53.55,34.6,62.7,933.33
cactus,32.69,34.6,62.7,933.33
money_plant,22.04,34.3,63.2,1049.17
snake_plant,53.24,34.3,63.2,1049.17
cactus,32.66,34.3,63.2,1049.17
money_plant,22.22,34.0,64.2,884.17
snake_plant,53.21,34.0,64.2,884.17
cactus,32.5,34.0,64.2,884.17
money_plant,22.25,34.0,63.9,789.17
snake_plant,53.21,34.0,63.9,789.17
cactus,32.32,34.0,63.9,789.17
money_plant,22.28,34.0,63.7,808.33
snake_plant,52.61,34.0,63.7,808.33
cactus,32.5,34.0,63.7,808.33
money_plant,22.25,34.0,63.9,900.83
snake_plant,53.49,34.0,63.9,900.83
cactus,32.5,34.0,63.9,900.83
money_plant,20.98,34.0,63.9,785.83
snake_plant,53.55,34.0,63.9,785.83
cactus,32.47,34.0,63.9,785.83
money_plant,22.25,33.9,64.0,760.83
snake_plant,53.52,33.9,64.0,760.83
cactus,32.44,33.9,64.0,760.83
money_plant,22.76,33.8,64.2,760.0
snake_plant,53.43,33.8,64.2,760.0
cactus,32.5,33.8,64.2,760.0
money_plant,22.37,33.8,64.5,763.33
snake_plant,54.08,33.8,64.5,763.33
cactus,33.44,33.8,64.5,763.33
money_plant,25.01,33.7,64.4,726.67
snake_plant,53.55,33.7,64.4,726.67
cactus,32.56,33.7,64.4,726.67
money_plant,22.22,33.6,64.5,691.67
snake_plant,53.33,33.6,64.5,691.67
cactus,31.93,33.6,64.5,691.67
money_plant,22.34,33.6,65.0,722.5
snake_plant,53.49,33.6,65.0,722.5
cactus,32.53,33.6,65.0,722.5
money_plant,21.9,33.4,65.2,700.83
snake_plant,53.4,33.4,65.2,700.83
cactus,32.5,33.4,65.2,700.83
money_plant,22.43,33.4,65.5,688.33
snake_plant,53.55,33.4,65.5,688.33
cactus,32.5,33.4,65.5,688.33
money_plant,22.4,33.3,65.5,676.67
snake_plant,53.36,33.3,65.5,676.67
cactus,32.5,33.3,65.5,676.67
money_plant,22.55,33.3,65.7,710.83
snake_plant,53.55,33.3,65.7,710.83
cactus,32.72,33.3,65.7,710.83
money_plant,22.99,33.3,65.9,700.0
snake_plant,53.11,33.3,65.9,700.0
cactus,32.5,33.3,65.9,700.0
money_plant,22.43,33.2,65.9,659.17
snake_plant,53.08,33.2,65.9,659.17
cactus,32.5,33.2,65.9,659.17
money_plant,22.34,33.0,66.5,654.17
snake_plant,53.15,33.0,66.5,654.17
cactus,32.41,33.0,66.5,654.17
money_plant,22.52,32.9,67.1,655.0
snake_plant,53.21,32.9,67.1,655.0
cactus,32.41,32.9,67.1,655.0
money_plant,22.4,32.8,66.8,642.5
snake_plant,53.21,32.8,66.8,642.5
cactus,32.41,32.8,66.8,642.5
money_plant,22.52,32.9,66.9,631.67
snake_plant,53.02,32.9,66.9,631.67
cactus,32.2,32.9,66.9,631.67
money_plant,22.37,32.9,66.7,667.5
snake_plant,52.99,32.9,66.7,667.5
cactus,32.17,32.9,66.7,667.5
money_plant,22.46,33.0,66.7,716.67
snake_plant,53.33,33.0,66.7,716.67
cactus,31.75,33.0,66.7,716.67
money_plant,22.43,33.0,66.6,775.83
snake_plant,52.96,33.0,66.6,775.83
cactus,31.87,33.0,66.6,775.83
money_plant,22.73,33.0,66.3,811.67
snake_plant,53.18,33.0,66.3,811.67
cactus,32.29,33.0,66.3,811.67
money_plant,22.55,33.0,66.7,770.0
snake_plant,52.74,33.0,66.7,770.0
cactus,32.69,33.0,66.7,770.0
money_plant,22.46,32.9,66.5,714.17
snake_plant,52.86,32.9,66.5,714.17
cactus,32.41,32.9,66.5,714.17
money_plant,22.55,32.8,66.6,715.83
snake_plant,52.86,32.8,66.6,715.83
cactus,32.78,32.8,66.6,715.83
money_plant,22.31,32.9,66.6,700.0
snake_plant,53.83,32.9,66.6,700.0
cactus,32.2,32.9,66.6,700.0
money_plant,22.64,32.8,66.9,551.67
snake_plant,52.93,32.8,66.9,551.67
cactus,31.93,32.8,66.9,551.67
money_plant,22.52,32.6,67.0,505.0
snake_plant,52.96,32.6,67.0,505.0
cactus,31.87,32.6,67.0,505.0
money_plant,22.67,32.6,67.2,491.67
snake_plant,53.15,32.6,67.2,491.67
cactus,31.99,32.6,67.2,491.67
money_plant,22.4,32.6,67.0,524.17
snake_plant,52.9,32.6,67.0,524.17
cactus,32.08,32.6,67.0,524.17
money_plant,22.31,32.5,67.4,560.83
snake_plant,52.61,32.5,67.4,560.83
cactus,32.08,32.5,67.4,560.83
money_plant,23.2,32.5,67.2,628.33
snake_plant,52.96,32.5,67.2,628.33
cactus,32.35,32.5,67.2,628.33
money_plant,22.67,32.5,67.3,570.83
snake_plant,52.96,32.5,67.3,570.83
cactus,32.41,32.5,67.3,570.83
money_plant,21.75,32.5,67.6,583.33
snake_plant,52.86,32.5,67.6,583.33
cactus,32.41,32.5,67.6,583.33
money_plant,22.76,32.4,67.7,602.5
snake_plant,52.68,32.4,67.7,602.5
cactus,32.08,32.4,67.7,602.5
money_plant,22.73,32.4,67.4,541.67
snake_plant,52.58,32.4,67.4,541.67
cactus,32.17,32.4,67.4,541.67
money_plant,22.64,32.5,67.6,613.33
snake_plant,52.55,32.5,67.6,613.33
cactus,32.32,32.5,67.6,613.33
money_plant,22.64,32.5,67.3,702.5
snake_plant,52.46,32.5,67.3,702.5
cactus,32.11,32.5,67.3,702.5
money_plant,22.55,32.6,67.3,710.83
snake_plant,52.39,32.6,67.3,710.83
cactus,32.11,32.6,67.3,710.83
money_plant,22.46,32.6,67.3,723.33
snake_plant,52.74,32.6,67.3,723.33
cactus,32.41,32.6,67.3,723.33
money_plant,22.55,32.6,67.3,704.17
snake_plant,52.9,32.6,67.3,704.17
cactus,32.32,32.6,67.3,704.17
money_plant,22.67,32.6,67.3,614.17
snake_plant,52.55,32.6,67.3,614.17
cactus,32.08,32.6,67.3,614.17
money_plant,22.64,32.6,67.4,528.33
snake_plant,52.64,32.6,67.4,528.33
cactus,32.08,32.6,67.4,528.33
money_plant,22.4,32.6,67.5,620.83
snake_plant,52.39,32.6,67.5,620.83
cactus,32.35,32.6,67.5,620.83
money_plant,22.58,32.6,67.7,593.33
snake_plant,52.02,32.6,67.7,593.33
cactus,32.44,32.6,67.7,593.33
money_plant,22.7,32.5,68.0,716.67
snake_plant,52.39,32.5,68.0,716.67
cactus,32.17,32.5,68.0,716.67
money_plant,22.55,32.5,67.8,790.0
snake_plant,52.55,32.5,67.8,790.0
cactus,32.23,32.5,67.8,790.0
money_plant,22.46,32.5,68.1,818.33
snake_plant,52.55,32.5,68.1,818.33
cactus,32.59,32.5,68.1,818.33
money_plant,22.55,32.6,67.5,848.33
snake_plant,52.55,32.6,67.5,848.33
cactus,32.72,32.6,67.5,848.33
money_plant,22.34,32.7,67.3,915.0
snake_plant,52.21,32.7,67.3,915.0
cactus,32.9,32.7,67.3,915.0
money_plant,22.61,32.7,67.1,928.33
snake_plant,52.36,32.7,67.1,928.33
cactus,32.96,32.7,67.1,928.33
money_plant,22.4,32.8,67.4,937.5
snake_plant,52.52,32.8,67.4,937.5
cactus,33.02,32.8,67.4,937.5
money_plant,22.4,32.8,66.7,950.83
snake_plant,52.33,32.8,66.7,950.83
cactus,33.02,32.8,66.7,950.83
money_plant,22.64,32.9,66.7,1025.0
snake_plant,52.36,32.9,66.7,1025.0
cactus,32.99,32.9,66.7,1025.0
money_plant,22.46,33.0,66.8,955.0
snake_plant,53.15,33.0,66.8,955.0
cactus,32.99,33.0,66.8,955.0
money_plant,22.76,32.9,66.7,763.33
snake_plant,52.43,32.9,66.7,763.33
cactus,33.02,32.9,66.7,763.33
money_plant,22.64,32.9,66.6,670.0
snake_plant,52.02,32.9,66.6,670.0
cactus,33.32,32.9,66.6,670.0
money_plant,22.58,33.0,66.9,695.83
snake_plant,52.33,33.0,66.9,695.83
cactus,33.02,33.0,66.9,695.83
money_plant,22.73,32.9,66.8,865.83
snake_plant,52.21,32.9,66.8,865.83
cactus,32.96,32.9,66.8,865.83
money_plant,22.73,32.9,66.9,777.5
snake_plant,52.27,32.9,66.9,777.5
cactus,33.14,32.9,66.9,777.5
money_plant,22.7,32.9,66.8,748.33
snake_plant,52.49,32.9,66.8,748.33
cactus,32.96,32.9,66.8,748.33
money_plant,22.81,32.8,67.1,729.17
snake_plant,52.36,32.8,67.1,729.17
cactus,32.99,32.8,67.1,729.17
money_plant,22.64,32.8,67.0,750.0
snake_plant,52.14,32.8,67.0,750.0
cactus,32.99,32.8,67.0,750.0
money_plant,22.64,32.7,67.2,827.5
snake_plant,54.59,32.7,67.2,827.5
cactus,32.99,32.7,67.2,827.5
money_plant,22.87,32.7,67.1,770.0
snake_plant,52.21,32.7,67.1,770.0
cactus,32.84,32.7,67.1,770.0
money_plant,22.79,32.8,67.3,685.83
snake_plant,52.52,32.8,67.3,685.83
cactus,32.5,32.8,67.3,685.83
money_plant,22.61,32.7,66.7,528.33
snake_plant,52.08,32.7,66.7,528.33
cactus,32.5,32.7,66.7,528.33
money_plant,22.67,32.7,66.9,524.17
snake_plant,52.02,32.7,66.9,524.17
cactus,32.87,32.7,66.9,524.17
money_plant,22.34,32.6,66.9,570.0
snake_plant,52.05,32.6,66.9,570.0
cactus,32.87,32.6,66.9,570.0
money_plant,22.46,32.6,66.8,636.67
snake_plant,52.21,32.6,66.8,636.67
cactus,33.47,32.6,66.8,636.67
money_plant,22.52,32.6,66.9,661.67
snake_plant,52.14,32.6,66.9,661.67
cactus,32.72,32.6,66.9,661.67
money_plant,22.28,32.6,66.9,597.5
snake_plant,52.05,32.6,66.9,597.5
cactus,32.81,32.6,66.9,597.5
money_plant,22.22,32.6,66.9,595.0
snake_plant,52.33,32.6,66.9,595.0
cactus,33.47,32.6,66.9,595.0
money_plant,22.46,32.6,66.9,517.5
snake_plant,52.11,32.6,66.9,517.5
cactus,32.96,32.6,66.9,517.5
money_plant,22.73,32.6,66.9,476.67
snake_plant,52.05,32.6,66.9,476.67
cactus,32.93,32.6,66.9,476.67
money_plant,22.81,32.5,66.8,506.67
snake_plant,52.24,32.5,66.8,506.67
cactus,32.78,32.5,66.8,506.67
money_plant,22.52,32.5,66.6,568.33
snake_plant,52.08,32.5,66.6,568.33
cactus,32.9,32.5,66.6,568.33
money_plant,22.49,32.5,66.6,626.67
snake_plant,54.05,32.5,66.6,626.67
cactus,33.05,32.5,66.6,626.67
money_plant,22.46,32.5,66.8,658.33
snake_plant,52.21,32.5,66.8,658.33
cactus,33.08,32.5,66.8,658.33
money_plant,26.31,32.5,66.8,592.5
snake_plant,52.36,32.5,66.8,592.5
cactus,33.08,32.5,66.8,592.5
money_plant,22.4,32.5,66.8,575.83
snake_plant,52.08,32.5,66.8,575.83
cactus,32.72,32.5,66.8,575.83
money_plant,22.61,32.5,66.9,525.0
snake_plant,51.89,32.5,66.9,525.0
cactus,32.9,32.5,66.9,525.0
money_plant,22.37,32.4,66.9,563.33
snake_plant,52.46,32.4,66.9,563.33
cactus,33.02,32.4,66.9,563.33
money_plant,22.81,32.5,67.0,570.0
snake_plant,52.14,32.5,67.0,570.0
cactus,32.99,32.5,67.0,570.0
money_plant,22.58,32.4,67.0,548.33
snake_plant,51.99,32.4,67.0,548.33
cactus,32.56,32.4,67.0,548.33
money_plant,22.99,32.4,67.3,600.0
snake_plant,52.14,32.4,67.3,600.0
cactus,32.69,32.4,67.3,600.0
money_plant,22.55,32.4,67.2,680.0
snake_plant,52.33,32.4,67.2,680.0
cactus,32.53,32.4,67.2,680.0
money_plant,22.28,32.4,67.1,738.33
snake_plant,52.24,32.4,67.1,738.33
cactus,32.53,32.4,67.1,738.33
money_plant,22.76,32.4,67.2,754.17
snake_plant,52.27,32.4,67.2,754.17
cactus,32.56,32.4,67.2,754.17
money_plant,22.58,32.5,67.2,733.33
snake_plant,52.21,32.5,67.2,733.33
cactus,32.59,32.5,67.2,733.33
money_plant,22.4,32.5,66.4,777.5
snake_plant,51.89,32.5,66.4,777.5
cactus,32.87,32.5,66.4,777.5
money_plant,22.55,32.5,67.0,720.83
snake_plant,51.96,32.5,67.0,720.83
cactus,32.84,32.5,67.0,720.83
money_plant,22.58,32.6,66.3,698.33
snake_plant,52.02,32.6,66.3,698.33
cactus,31.81,32.6,66.3,698.33
money_plant,22.25,32.6,66.2,567.5
snake_plant,51.55,32.6,66.2,567.5
cactus,32.87,32.6,66.2,567.5
money_plant,22.46,32.6,66.1,593.33
snake_plant,52.55,32.6,66.1,593.33
cactus,32.69,32.6,66.1,593.33
money_plant,22.52,32.6,66.4,587.5
snake_plant,52.08,32.6,66.4,587.5
cactus,33.47,32.6,66.4,587.5
money_plant,22.25,32.5,66.5,627.5
snake_plant,51.83,32.5,66.5,627.5
cactus,33.47,32.5,66.5,627.5
money_plant,22.25,32.6,66.4,651.67
snake_plant,51.74,32.6,66.4,651.67
cactus,33.32,32.6,66.4,651.67
money_plant,22.25,32.6,66.5,715.83
snake_plant,52.05,32.6,66.5,715.83
cactus,33.02,32.6,66.5,715.83
money_plant,22.28,32.7,66.4,720.83
snake_plant,51.86,32.7,66.4,720.83
cactus,32.66,32.7,66.4,720.83
money_plant,22.25,32.7,66.2,656.67
snake_plant,52.05,32.7,66.2,656.67
cactus,32.78,32.7,66.2,656.67
money_plant,22.46,32.7,66.2,584.17
snake_plant,51.96,32.7,66.2,584.17
cactus,32.84,32.7,66.2,584.17
money_plant,22.4,32.7,66.2,653.33
snake_plant,51.96,32.7,66.2,653.33
cactus,32.96,32.7,66.2,653.33
money_plant,22.25,32.7,66.2,742.5
snake_plant,51.71,32.7,66.2,742.5
cactus,32.99,32.7,66.2,742.5
money_plant,22.28,32.8,66.2,572.5
snake_plant,51.64,32.8,66.2,572.5
cactus,32.81,32.8,66.2,572.5
money_plant,22.43,32.8,66.5,687.5
snake_plant,51.96,32.8,66.5,687.5
cactus,32.56,32.8,66.5,687.5
money_plant,22.46,32.8,66.8,704.17
snake_plant,52.05,32.8,66.8,704.17
cactus,32.72,32.8,66.8,704.17
money_plant,22.67,32.9,66.5,740.0
snake_plant,51.8,32.9,66.5,740.0
cactus,32.69,32.9,66.5,740.0
money_plant,22.4,32.9,66.6,699.17
snake_plant,52.05,32.9,66.6,699.17
cactus,32.69,32.9,66.6,699.17
money_plant,26.99,33.0,66.5,615.83
snake_plant,51.74,33.0,66.5,615.83
cactus,32.5,33.0,66.5,615.83
money_plant,22.28,32.9,66.7,655.0
snake_plant,51.64,32.9,66.7,655.0
cactus,32.66,32.9,66.7,655.0
money_plant,22.34,32.9,66.7,695.0
snake_plant,51.96,32.9,66.7,695.0
cactus,32.63,32.9,66.7,695.0
money_plant,22.25,32.9,66.8,762.5
snake_plant,51.86,32.9,66.8,762.5
cactus,32.69,32.9,66.8,762.5
money_plant,26.52,32.8,66.9,735.0
snake_plant,51.67,32.8,66.9,735.0
cactus,32.75,32.8,66.9,735.0
money_plant,22.25,32.9,67.0,680.83
snake_plant,51.55,32.9,67.0,680.83
cactus,32.75,32.9,67.0,680.83
money_plant,22.34,32.9,67.0,715.0
snake_plant,51.96,32.9,67.0,715.0
cactus,32.59,32.9,67.0,715.0
money_plant,22.25,32.8,67.1,713.33
snake_plant,52.24,32.8,67.1,713.33
cactus,32.56,32.8,67.1,713.33
money_plant,22.4,32.8,67.2,725.0
snake_plant,51.55,32.8,67.2,725.0
cactus,32.84,32.8,67.2,725.0
money_plant,22.1,32.8,67.2,677.5
snake_plant,51.71,32.8,67.2,677.5
cactus,32.84,32.8,67.2,677.5
money_plant,22.52,32.8,67.1,531.67
snake_plant,51.83,32.8,67.1,531.67
cactus,33.17,32.8,67.1,531.67
money_plant,22.52,32.7,66.8,443.33
snake_plant,51.86,32.7,66.8,443.33
cactus,33.26,32.7,66.8,443.33
money_plant,22.25,32.7,66.3,393.33
snake_plant,51.71,32.7,66.3,393.33
cactus,33.11,32.7,66.3,393.33
money_plant,20.98,32.7,66.8,432.5
snake_plant,51.89,32.7,66.8,432.5
cactus,32.99,32.7,66.8,432.5
money_plant,22.4,32.7,67.1,458.33
snake_plant,53.08,32.7,67.1,458.33
cactus,33.2,32.7,67.1,458.33
money_plant,22.4,32.7,66.6,445.0
snake_plant,51.96,32.7,66.6,445.0
cactus,32.96,32.7,66.6,445.0
money_plant,22.25,32.7,67.0,424.17
snake_plant,51.55,32.7,67.0,424.17
cactus,33.26,32.7,67.0,424.17
money_plant,22.28,32.7,66.6,439.17
snake_plant,51.64,32.7,66.6,439.17
cactus,33.51,32.7,66.6,439.17
money_plant,22.28,32.7,66.6,408.33
snake_plant,52.11,32.7,66.6,408.33
cactus,33.44,32.7,66.6,408.33
money_plant,22.22,32.6,66.7,367.5
snake_plant,51.71,32.6,66.7,367.5
cactus,33.47,32.6,66.7,367.5
money_plant,22.16,32.7,66.4,358.33
snake_plant,51.61,32.7,66.4,358.33
cactus,33.47,32.7,66.4,358.33
money_plant,22.25,32.6,66.4,399.17
snake_plant,51.89,32.6,66.4,399.17
cactus,33.47,32.6,66.4,399.17
money_plant,22.07,32.6,66.4,410.83
snake_plant,51.86,32.6,66.4,410.83
cactus,33.57,32.6,66.4,410.83
money_plant,21.33,32.7,66.2,402.5
snake_plant,52.05,32.7,66.2,402.5
cactus,33.63,32.7,66.2,402.5
money_plant,21.81,32.6,66.7,419.17
snake_plant,51.71,32.6,66.7,419.17
cactus,33.57,32.6,66.7,419.17
money_plant,22.25,32.6,66.3,472.5
snake_plant,51.77,32.6,66.3,472.5
cactus,33.47,32.6,66.3,472.5
money_plant,22.34,32.5,66.6,512.5
snake_plant,52.02,32.5,66.6,512.5
cactus,33.41,32.5,66.6,512.5
money_plant,22.19,32.6,66.6,462.5
snake_plant,51.52,32.6,66.6,462.5
cactus,33.44,32.6,66.6,462.5
money_plant,19.14,32.5,66.6,429.17
snake_plant,51.58,32.5,66.6,429.17
cactus,33.51,32.5,66.6,429.17
money_plant,22.43,32.5,66.5,440.83
snake_plant,51.74,32.5,66.5,440.83
cactus,33.69,32.5,66.5,440.83
money_plant,22.4,32.5,66.8,434.17
snake_plant,51.96,32.5,66.8,434.17
cactus,33.54,32.5,66.8,434.17
money_plant,22.31,32.6,66.7,522.5
snake_plant,51.46,32.6,66.7,522.5
cactus,33.57,32.6,66.7,522.5
money_plant,22.46,32.6,66.7,655.0
snake_plant,56.56,32.6,66.7,655.0
cactus,33.38,32.6,66.7,655.0
money_plant,22.46,32.7,66.3,502.5
snake_plant,51.49,32.7,66.3,502.5
cactus,33.47,32.7,66.3,502.5
money_plant,22.16,32.7,66.3,420.83
snake_plant,51.71,32.7,66.3,420.83
cactus,33.38,32.7,66.3,420.83
money_plant,22.25,32.6,66.3,387.5
snake_plant,51.74,32.6,66.3,387.5
cactus,33.08,32.6,66.3,387.5
money_plant,21.84,32.6,66.4,401.67
snake_plant,52.02,32.6,66.4,401.67
cactus,33.14,32.6,66.4,401.67
money_plant,22.19,32.7,66.3,465.0
snake_plant,51.58,32.7,66.3,465.0
cactus,33.17,32.7,66.3,465.0
money_plant,22.25,32.7,66.4,308.33
snake_plant,51.14,32.7,66.4,308.33
cactus,32.96,32.7,66.4,308.33
money_plant,22.22,32.7,66.4,321.67
snake_plant,51.55,32.7,66.4,321.67
cactus,32.84,32.7,66.4,321.67
money_plant,22.31,32.7,66.4,292.5
snake_plant,51.64,32.7,66.4,292.5
cactus,32.78,32.7,66.4,292.5
money_plant,21.96,32.6,66.5,287.5
snake_plant,51.55,32.6,66.5,287.5
cactus,33.14,32.6,66.5,287.5
money_plant,22.25,32.6,66.7,286.67
snake_plant,51.55,32.6,66.7,286.67
cactus,33.47,32.6,66.7,286.67
money_plant,22.25,32.6,66.6,302.5
snake_plant,51.58,32.6,66.6,302.5
cactus,33.38,32.6,66.6,302.5
money_plant,22.34,32.6,66.8,344.17
snake_plant,52.02,32.6,66.8,344.17
cactus,32.9,32.6,66.8,344.17
money_plant,22.04,32.6,66.4,389.17
snake_plant,51.55,32.6,66.4,389.17
cactus,32.96,32.6,66.4,389.17
money_plant,22.22,32.6,66.4,378.33
snake_plant,51.67,32.6,66.4,378.33
cactus,32.9,32.6,66.4,378.33
money_plant,22.1,32.6,66.4,404.17
snake_plant,51.83,32.6,66.4,404.17
cactus,32.87,32.6,66.4,404.17
money_plant,22.13,32.6,66.4,434.17
snake_plant,51.61,32.6,66.4,434.17
cactus,33.05,32.6,66.4,434.17
money_plant,22.22,32.7,66.1,431.67
snake_plant,51.96,32.7,66.1,431.67
cactus,33.14,32.7,66.1,431.67
money_plant,22.16,32.6,66.0,416.67
snake_plant,51.61,32.6,66.0,416.67
cactus,33.26,32.6,66.0,416.67
money_plant,22.04,32.6,66.1,465.0
snake_plant,51.55,32.6,66.1,465.0
cactus,32.63,32.6,66.1,465.0
money_plant,22.13,32.7,65.8,486.67
snake_plant,51.74,32.7,65.8,486.67
cactus,32.93,32.7,65.8,486.67
money_plant,22.25,32.7,65.9,630.83
snake_plant,49.26,32.7,65.9,630.83
cactus,32.99,32.7,65.9,630.83
money_plant,22.16,32.8,65.8,552.5
snake_plant,52.05,32.8,65.8,552.5
cactus,33.51,32.8,65.8,552.5
money_plant,21.93,32.8,66.1,526.67
snake_plant,52.11,32.8,66.1,526.67
cactus,33.38,32.8,66.1,526.67
money_plant,21.84,32.8,65.3,485.0
snake_plant,51.71,32.8,65.3,485.0
cactus,33.75,32.8,65.3,485.0
money_plant,22.25,32.8,65.6,478.33
snake_plant,51.58,32.8,65.6,478.33
cactus,33.51,32.8,65.6,478.33
money_plant,22.13,32.7,65.1,505.83
snake_plant,51.55,32.7,65.1,505.83
cactus,33.54,32.7,65.1,505.83
money_plant,22.19,32.7,65.3,599.17
snake_plant,51.55,32.7,65.3,599.17
cactus,33.41,32.7,65.3,599.17
money_plant,22.1,32.8,65.8,572.5
snake_plant,51.55,32.8,65.8,572.5
cactus,33.41,32.8,65.8,572.5
money_plant,22.19,32.8,65.7,578.33
snake_plant,51.55,32.8,65.7,578.33
cactus,33.47,32.8,65.7,578.33
money_plant,22.19,32.9,65.4,561.67
snake_plant,51.55,32.9,65.4,561.67
cactus,33.29,32.9,65.4,561.67
money_plant,22.31,32.9,65.3,540.0
snake_plant,51.67,32.9,65.3,540.0
cactus,33.57,32.9,65.3,540.0
money_plant,21.84,32.9,65.7,588.33
snake_plant,51.55,32.9,65.7,588.33
cactus,33.51,32.9,65.7,588.33
money_plant,22.07,32.9,65.6,566.67
snake_plant,51.64,32.9,65.6,566.67
cactus,33.47,32.9,65.6,566.67
money_plant,22.22,32.9,65.7,515.83
snake_plant,51.61,32.9,65.7,515.83
cactus,33.47,32.9,65.7,515.83
money_plant,22.34,32.9,65.8,545.0
snake_plant,51.52,32.9,65.8,545.0
cactus,33.57,32.9,65.8,545.0
money_plant,22.22,32.9,66.3,575.83
snake_plant,51.64,32.9,66.3,575.83
cactus,33.81,32.9,66.3,575.83
money_plant,22.25,32.8,66.7,563.33
snake_plant,51.64,32.8,66.7,563.33
cactus,33.57,32.8,66.7,563.33
money_plant,22.16,32.8,66.6,565.0
snake_plant,51.64,32.8,66.6,565.0
cactus,33.2,32.8,66.6,565.0
money_plant,22.04,32.8,67.6,697.5
snake_plant,51.58,32.8,67.6,697.5
cactus,33.32,32.8,67.6,697.5
money_plant,20.71,32.9,66.4,709.17
snake_plant,51.64,32.9,66.4,709.17
cactus,33.26,32.9,66.4,709.17
money_plant,22.1,32.9,66.4,736.67
snake_plant,51.39,32.9,66.4,736.67
cactus,33.47,32.9,66.4,736.67
money_plant,22.25,33.0,66.3,719.17
snake_plant,51.74,33.0,66.3,719.17
cactus,33.51,33.0,66.3,719.17
money_plant,22.22,33.1,66.1,661.67
snake_plant,51.55,33.1,66.1,661.67
cactus,33.47,33.1,66.1,661.67
money_plant,27.05,33.2,66.2,635.83
snake_plant,51.46,33.2,66.2,635.83
cactus,33.57,33.2,66.2,635.83
money_plant,21.96,33.2,66.4,539.17
snake_plant,51.55,33.2,66.4,539.17
cactus,33.78,33.2,66.4,539.17
money_plant,22.16,33.1,67.3,530.83
snake_plant,51.61,33.1,67.3,530.83
cactus,33.47,33.1,67.3,530.83
money_plant,22.28,32.9,67.6,529.17
snake_plant,51.42,32.9,67.6,529.17
cactus,33.69,32.9,67.6,529.17
money_plant,21.66,32.9,67.6,517.5
snake_plant,51.33,32.9,67.6,517.5
cactus,33.84,32.9,67.6,517.5
money_plant,22.4,32.8,67.9,469.17
snake_plant,51.58,32.8,67.9,469.17
cactus,33.96,32.8,67.9,469.17
money_plant,22.16,32.8,67.9,525.0
snake_plant,50.55,32.8,67.9,525.0
cactus,33.51,32.8,67.9,525.0
money_plant,22.22,32.9,67.3,559.17
snake_plant,51.36,32.9,67.3,559.17
cactus,33.41,32.9,67.3,559.17
money_plant,22.1,32.9,67.3,513.33
snake_plant,51.21,32.9,67.3,513.33
cactus,33.75,32.9,67.3,513.33
money_plant,22.28,33.0,67.4,451.67
snake_plant,51.49,33.0,67.4,451.67
cactus,33.81,33.0,67.4,451.67
money_plant,22.4,33.0,67.5,463.33
snake_plant,51.52,33.0,67.5,463.33
cactus,33.84,33.0,67.5,463.33
money_plant,22.43,33.0,67.1,459.17
snake_plant,51.83,33.0,67.1,459.17
cactus,33.75,33.0,67.1,459.17
money_plant,22.52,33.1,67.0,375.0
snake_plant,51.55,33.1,67.0,375.0
cactus,34.45,33.1,67.0,375.0
money_plant,22.76,33.1,66.6,416.67
snake_plant,51.74,33.1,66.6,416.67
cactus,33.78,33.1,66.6,416.67
money_plant,22.43,33.2,66.8,454.17
snake_plant,51.39,33.2,66.8,454.17
cactus,33.69,33.2,66.8,454.17
money_plant,22.04,33.2,66.9,477.5
snake_plant,51.55,33.2,66.9,477.5
cactus,33.75,33.2,66.9,477.5
money_plant,22.22,33.2,66.5,429.17
snake_plant,51.36,33.2,66.5,429.17
cactus,33.87,33.2,66.5,429.17
money_plant,22.25,33.3,66.5,370.0
snake_plant,51.39,33.3,66.5,370.0
cactus,33.9,33.3,66.5,370.0
money_plant,22.25,33.3,66.4,335.0
snake_plant,51.89,33.3,66.4,335.0
cactus,33.75,33.3,66.4,335.0
money_plant,22.25,33.3,66.4,399.17
snake_plant,52.43,33.3,66.4,399.17
cactus,33.75,33.3,66.4,399.17
money_plant,22.25,33.3,66.3,391.67
snake_plant,51.55,33.3,66.3,391.67
cactus,33.9,33.3,66.3,391.67
money_plant,22.58,33.4,66.4,355.0
snake_plant,51.58,33.4,66.4,355.0
cactus,33.51,33.4,66.4,355.0
money_plant,22.31,33.3,67.3,427.5
snake_plant,51.21,33.3,67.3,427.5
cactus,33.32,33.3,67.3,427.5
money_plant,22.4,33.4,66.6,459.17
snake_plant,51.55,33.4,66.6,459.17
cactus,33.26,33.4,66.6,459.17
money_plant,22.28,33.3,66.6,411.67
snake_plant,51.36,33.3,66.6,411.67
cactus,33.26,33.3,66.6,411.67
money_plant,22.31,33.3,66.5,457.5
snake_plant,56.87,33.3,66.5,457.5
cactus,33.2,33.3,66.5,457.5
money_plant,22.25,33.2,67.0,380.0
snake_plant,51.89,33.2,67.0,380.0
cactus,33.26,33.2,67.0,380.0
money_plant,22.16,33.2,67.0,376.67
snake_plant,51.71,33.2,67.0,376.67
cactus,33.44,33.2,67.0,376.67
money_plant,22.25,33.1,67.2,422.5
snake_plant,51.77,33.1,67.2,422.5
cactus,33.35,33.1,67.2,422.5
money_plant,22.25,33.1,67.3,466.67
snake_plant,51.64,33.1,67.3,466.67
cactus,33.23,33.1,67.3,466.67
money_plant,22.28,33.0,67.3,441.67
snake_plant,51.92,33.0,67.3,441.67
cactus,33.26,33.0,67.3,441.67
money_plant,22.28,33.1,67.3,460.83
snake_plant,51.52,33.1,67.3,460.83
cactus,33.08,33.1,67.3,460.83
money_plant,22.25,33.2,67.1,460.83
snake_plant,51.49,33.2,67.1,460.83
cactus,33.02,33.2,67.1,460.83
money_plant,22.25,33.2,66.9,440.83
snake_plant,51.55,33.2,66.9,440.83
cactus,32.99,33.2,66.9,440.83
money_plant,22.43,33.3,66.9,346.67
snake_plant,51.74,33.3,66.9,346.67
cactus,33.14,33.3,66.9,346.67
money_plant,22.25,33.2,66.9,386.67
snake_plant,51.52,33.2,66.9,386.67
cactus,33.44,33.2,66.9,386.67
money_plant,22.25,33.2,67.1,410.83
snake_plant,51.46,33.2,67.1,410.83
cactus,33.57,33.2,67.1,410.83
money_plant,23.11,33.2,67.0,400.0
snake_plant,51.39,33.2,67.0,400.0
cactus,33.11,33.2,67.0,400.0
money_plant,22.19,33.3,66.9,400.83
snake_plant,51.64,33.3,66.9,400.83
cactus,33.08,33.3,66.9,400.83
money_plant,22.25,33.3,66.9,378.33
snake_plant,51.55,33.3,66.9,378.33
cactus,32.99,33.3,66.9,378.33
money_plant,22.25,33.4,66.8,355.83
snake_plant,51.99,33.4,66.8,355.83
cactus,33.29,33.4,66.8,355.83
money_plant,22.25,33.4,66.9,314.17
snake_plant,51.89,33.4,66.9,314.17
cactus,33.26,33.4,66.9,314.17
money_plant,22.34,33.3,67.3,337.5
snake_plant,51.55,33.3,67.3,337.5
cactus,33.32,33.3,67.3,337.5
money_plant,21.75,33.3,67.4,341.67
snake_plant,51.46,33.3,67.4,341.67
cactus,33.44,33.3,67.4,341.67
money_plant,22.1,33.4,67.0,355.0
snake_plant,51.61,33.4,67.0,355.0
cactus,33.32,33.4,67.0,355.0
money_plant,22.22,33.5,67.0,352.5
snake_plant,51.58,33.5,67.0,352.5
cactus,33.26,33.5,67.0,352.5
money_plant,22.34,33.5,66.8,350.0
snake_plant,51.36,33.5,66.8,350.0
cactus,33.29,33.5,66.8,350.0
money_plant,22.4,33.5,66.7,350.0
snake_plant,51.55,33.5,66.7,350.0
cactus,33.08,33.5,66.7,350.0
money_plant,22.04,33.6,66.5,316.67
snake_plant,51.52,33.6,66.5,316.67
cactus,33.02,33.6,66.5,316.67
money_plant,22.43,33.6,66.4,304.17
snake_plant,52.52,33.6,66.4,304.17
cactus,33.2,33.6,66.4,304.17
money_plant,22.25,33.6,66.4,300.0
snake_plant,51.71,33.6,66.4,300.0
cactus,33.05,33.6,66.4,300.0
money_plant,22.1,33.6,66.4,300.0
snake_plant,52.05,33.6,66.4,300.0
cactus,33.26,33.6,66.4,300.0
money_plant,22.22,33.7,66.3,287.5
snake_plant,51.99,33.7,66.3,287.5
cactus,33.08,33.7,66.3,287.5
money_plant,22.46,33.7,66.3,278.33
snake_plant,51.52,33.7,66.3,278.33
cactus,33.14,33.7,66.3,278.33
money_plant,22.22,33.7,66.3,280.0
snake_plant,51.55,33.7,66.3,280.0
cactus,33.2,33.7,66.3,280.0
money_plant,22.46,33.7,66.2,281.67
snake_plant,51.71,33.7,66.2,281.67
cactus,33.17,33.7,66.2,281.67
money_plant,22.31,33.7,66.3,288.33
snake_plant,51.61,33.7,66.3,288.33
cactus,33.26,33.7,66.3,288.33
money_plant,22.31,33.8,66.1,300.83
snake_plant,51.55,33.8,66.1,300.83
cactus,33.32,33.8,66.1,300.83
money_plant,22.46,33.7,66.1,330.0
snake_plant,51.71,33.7,66.1,330.0
cactus,33.26,33.7,66.1,330.0
money_plant,21.96,33.8,66.5,410.83
snake_plant,51.61,33.8,66.5,410.83
cactus,33.23,33.8,66.5,410.83
money_plant,22.64,33.8,66.5,449.17
snake_plant,51.67,33.8,66.5,449.17
cactus,33.17,33.8,66.5,449.17
money_plant,22.64,33.7,66.5,418.33
snake_plant,51.64,33.7,66.5,418.33
cactus,33.41,33.7,66.5,418.33
money_plant,22.73,33.7,66.8,405.0
snake_plant,51.96,33.7,66.8,405.0
cactus,33.2,33.7,66.8,405.0
money_plant,22.64,33.7,65.3,355.0
snake_plant,51.96,33.7,65.3,355.0
cactus,33.44,33.7,65.3,355.0
money_plant,22.25,33.6,65.5,363.33
snake_plant,51.74,33.6,65.5,363.33
cactus,33.47,33.6,65.5,363.33
money_plant,22.43,33.6,66.0,341.67
snake_plant,52.05,33.6,66.0,341.67
cactus,33.44,33.6,66.0,341.67
money_plant,22.55,33.6,66.0,361.67
snake_plant,51.61,33.6,66.0,361.67
cactus,33.29,33.6,66.0,361.67
money_plant,22.37,33.7,66.2,393.33
snake_plant,51.64,33.7,66.2,393.33
cactus,33.51,33.7,66.2,393.33
money_plant,22.4,33.6,66.4,429.17
snake_plant,51.58,33.6,66.4,429.17
cactus,33.38,33.6,66.4,429.17
money_plant,22.25,33.7,66.7,465.0
snake_plant,51.21,33.7,66.7,465.0
cactus,33.44,33.7,66.7,465.0
money_plant,22.52,33.7,66.4,462.5
snake_plant,51.52,33.7,66.4,462.5
cactus,33.41,33.7,66.4,462.5
money_plant,22.4,33.7,66.3,431.67
snake_plant,51.74,33.7,66.3,431.67
cactus,33.47,33.7,66.3,431.67
money_plant,22.4,33.7,65.7,444.17
snake_plant,51.55,33.7,65.7,444.17
cactus,33.41,33.7,65.7,444.17
money_plant,22.55,33.8,66.0,469.17
snake_plant,52.77,33.8,66.0,469.17
cactus,33.2,33.8,66.0,469.17
money_plant,22.16,33.8,65.9,515.83
snake_plant,51.71,33.8,65.9,515.83
cactus,33.44,33.8,65.9,515.83
money_plant,22.52,33.9,65.8,527.5
snake_plant,51.49,33.9,65.8,527.5
cactus,33.47,33.9,65.8,527.5
money_plant,16.53,31.7,72.0,55.0
snake_plant,37.43,31.7,72.0,55.0
cactus,8.86,31.7,72.0,55.0
money_plant,16.06,31.8,72.0,55.0
snake_plant,36.68,31.8,72.0,55.0
cactus,8.71,31.8,72.0,55.0
money_plant,15.97,31.8,72.0,54.17
snake_plant,35.37,31.8,72.0,54.17
cactus,9.01,31.8,72.0,54.17
money_plant,16.06,31.7,72.0,0.0
snake_plant,35.43,31.7,72.0,0.0
cactus,7.89,31.7,72.0,0.0
money_plant,16.59,31.7,72.0,0.0
snake_plant,34.55,31.7,72.0,0.0
cactus,9.17,31.7,72.0,0.0
money_plant,16.56,31.7,71.9,0.0
snake_plant,34.24,31.7,71.9,0.0
cactus,8.62,31.7,71.9,0.0
snake_plant,32.9,31.7,71.9,0.0
cactus,8.92,31.7,71.9,0.0
money_plant,16.95,31.7,72.1,0.0
snake_plant,33.21,31.7,72.1,0.0
cactus,8.35,31.7,72.1,0.0
snake_plant,33.15,31.7,71.9,0.0
cactus,8.68,31.7,71.9,0.0
money_plant,14.16,31.7,71.9,0.0
snake_plant,31.74,31.7,71.9,0.0
cactus,8.25,31.7,71.9,0.0
money_plant,16.74,31.7,71.8,0.0
snake_plant,32.05,31.7,71.8,0.0
cactus,8.56,31.7,71.8,0.0
money_plant,17.04,31.7,71.9,0.0
snake_plant,31.71,31.7,71.9,0.0
cactus,8.32,31.7,71.9,0.0
money_plant,17.01,31.7,72.0,0.0
snake_plant,31.49,31.7,72.0,0.0
cactus,8.38,31.7,72.0,0.0
money_plant,17.07,31.7,71.8,0.0
snake_plant,30.61,31.7,71.8,0.0
cactus,8.32,31.7,71.8,0.0
money_plant,16.92,31.7,71.9,0.0
snake_plant,30.64,31.7,71.9,0.0
money_plant,17.42,31.7,71.8,0.0
snake_plant,31.05,31.7,71.8,0.0
cactus,8.35,31.7,71.8,0.0
money_plant,17.39,31.7,71.8,0.0
snake_plant,31.36,31.7,71.8,0.0
cactus,8.22,31.7,71.8,0.0
money_plant,18.01,31.7,72.0,0.0
snake_plant,30.36,31.7,72.0,0.0
cactus,8.16,31.7,72.0,0.0
money_plant,18.01,31.7,71.8,0.0
snake_plant,30.92,31.7,71.8,0.0
cactus,8.25,31.7,71.8,0.0
money_plant,17.54,31.6,71.7,0.0
snake_plant,30.92,31.6,71.7,0.0
cactus,8.22,31.6,71.7,0.0
money_plant,17.51,31.6,71.9,0.0
snake_plant,30.02,31.6,71.9,0.0
cactus,8.22,31.6,71.9,0.0
money_plant,17.66,31.7,72.0,0.0
snake_plant,30.33,31.7,72.0,0.0
snake_plant,29.58,31.7,71.8,0.0
money_plant,17.84,31.7,71.8,0.0
snake_plant,29.86,31.7,71.8,0.0
cactus,7.74,31.7,71.8,0.0
money_plant,17.6,31.6,71.7,0.0
snake_plant,29.86,31.6,71.7,0.0
cactus,8.44,31.6,71.7,0.0
money_plant,17.96,31.7,71.9,0.0
snake_plant,30.42,31.7,71.9,0.0
cactus,8.22,31.7,71.9,0.0
money_plant,17.81,31.6,71.8,0.0
snake_plant,30.39,31.6,71.8,0.0
cactus,8.22,31.6,71.8,0.0
snake_plant,29.73,31.7,71.8,0.0
cactus,7.89,31.7,71.8,0.0
money_plant,18.28,31.6,71.9,0.0
snake_plant,30.11,31.6,71.9,0.0
cactus,7.83,31.6,71.9,0.0
money_plant,17.78,31.6,71.8,0.0
snake_plant,33.15,31.6,71.8,0.0
cactus,7.83,31.6,71.8,0.0
money_plant,17.96,31.6,71.8,0.0
snake_plant,29.51,31.6,71.8,0.0
money_plant,18.46,31.6,71.9,0.0
money_plant,18.73,31.7,71.9,0.0
snake_plant,29.73,31.7,71.9,0.0
cactus,7.68,31.7,71.9,0.0
money_plant,18.84,31.6,71.8,0.0
snake_plant,29.67,31.6,71.8,0.0
cactus,8.16,31.6,71.8,0.0
money_plant,18.64,31.6,71.7,0.0
snake_plant,29.36,31.6,71.7,0.0
cactus,8.01,31.6,71.7,0.0
money_plant,18.46,31.6,71.8,0.0
cactus,7.77,31.6,71.8,0.0
money_plant,18.79,31.6,72.0,0.0
snake_plant,30.3,31.6,72.0,0.0
cactus,7.89,31.6,72.0,0.0
money_plant,20.86,31.6,72.0,0.0
snake_plant,29.7,31.6,72.0,0.0
cactus,7.77,31.6,72.0,0.0
money_plant,19.02,31.6,71.9,0.0
snake_plant,29.05,31.6,71.9,0.0
cactus,8.07,31.6,71.9,0.0
money_plant,18.84,31.6,72.0,0.0
snake_plant,29.61,31.6,72.0,0.0
cactus,7.92,31.6,72.0,0.0
money_plant,18.93,31.6,72.0,0.0
snake_plant,29.83,31.6,72.0,0.0
cactus,8.16,31.6,72.0,0.0
snake_plant,29.8,31.6,72.0,0.0
cactus,8.22,31.6,72.0,0.0
money_plant,18.99,31.5,71.9,0.0
snake_plant,30.05,31.5,71.9,0.0
cactus,7.89,31.5,71.9,0.0
money_plant,18.93,31.6,72.1,0.0
snake_plant,29.11,31.6,72.1,0.0
cactus,7.59,31.6,72.1,0.0
money_plant,19.02,31.6,72.1,0.0
snake_plant,29.89,31.6,72.1,0.0
cactus,8.01,31.6,72.1,0.0
money_plant,18.84,31.6,72.1,0.0
snake_plant,29.67,31.6,72.1,0.0
cactus,5.86,31.6,72.1,0.0
money_plant,18.96,31.5,72.1,0.0
snake_plant,29.3,31.5,72.1,0.0
cactus,7.8,31.5,72.1,0.0
money_plant,18.73,31.5,72.1,0.0
snake_plant,29.17,31.5,72.1,0.0
cactus,8.01,31.5,72.1,0.0
money_plant,19.5,31.5,72.2,0.0
snake_plant,29.92,31.5,72.2,0.0
cactus,7.8,31.5,72.2,0.0
snake_plant,29.8,31.5,72.1,0.0
cactus,7.71,31.5,72.1,0.0
money_plant,19.14,31.6,72.2,0.0
snake_plant,30.02,31.6,72.2,0.0
cactus,8.01,31.6,72.2,0.0
money_plant,19.08,31.6,72.3,0.0
snake_plant,29.98,31.6,72.3,0.0
cactus,8.13,31.6,72.3,0.0
money_plant,18.96,31.6,72.0,0.0
snake_plant,29.42,31.6,72.0,0.0
cactus,8.07,31.6,72.0,0.0
money_plant,19.11,31.6,72.0,0.0
snake_plant,29.51,31.6,72.0,0.0
cactus,8.25,31.6,72.0,0.0
money_plant,19.32,31.6,72.1,0.0
snake_plant,29.42,31.6,72.1,0.0
money_plant,18.9,31.6,72.1,0.0
snake_plant,30.08,31.6,72.1,0.0
cactus,8.25,31.6,72.1,0.0
money_plant,19.91,31.5,72.2,0.0
snake_plant,29.45,31.5,72.2,0.0
cactus,8.01,31.5,72.2,0.0
money_plant,19.41,31.6,71.9,0.0
snake_plant,30.05,31.6,71.9,0.0
money_plant,19.35,31.6,72.1,0.0
snake_plant,29.95,31.6,72.1,0.0
cactus,8.29,31.6,72.1,0.0
money_plant,19.32,31.6,72.2,0.0
snake_plant,30.08,31.6,72.2,0.0
cactus,7.95,31.6,72.2,0.0
money_plant,19.26,31.6,72.0,0.0
money_plant,19.41,31.6,72.0,0.0
snake_plant,30.05,31.6,72.0,0.0
cactus,8.5,31.6,72.0,0.0
money_plant,19.44,31.6,72.1,0.0
snake_plant,30.52,31.6,72.1,0.0
cactus,7.25,31.6,72.1,0.0
money_plant,19.41,31.6,72.1,0.0
snake_plant,29.98,31.6,72.1,0.0
cactus,8.13,31.6,72.1,0.0
money_plant,19.32,31.6,72.0,0.0
snake_plant,30.02,31.6,72.0,0.0
snake_plant,29.36,31.6,72.1,0.0
cactus,8.22,31.6,72.1,0.0
money_plant,19.44,31.6,71.9,0.0
snake_plant,30.36,31.6,71.9,0.0
cactus,8.38,31.6,71.9,0.0
money_plant,19.59,31.6,72.0,0.0
snake_plant,30.23,31.6,72.0,0.0
money_plant,19.97,31.5,72.0,0.0
snake_plant,29.98,31.5,72.0,0.0
cactus,8.22,31.5,72.0,0.0
money_plant,19.44,31.5,72.1,0.0
snake_plant,30.08,31.5,72.1,0.0
cactus,8.13,31.5,72.1,0.0
money_plant,19.47,31.6,72.0,0.0
snake_plant,30.08,31.6,72.0,0.0
cactus,8.19,31.6,72.0,0.0
money_plant,19.41,31.5,71.9,0.0
snake_plant,29.83,31.5,71.9,0.0
cactus,8.68,31.5,71.9,0.0
money_plant,19.5,31.6,72.1,0.0
snake_plant,30.02,31.6,72.1,0.0
cactus,8.62,31.6,72.1,0.0
money_plant,19.08,31.5,72.1,0.0
snake_plant,29.95,31.5,72.1,0.0
cactus,8.5,31.5,72.1,0.0
money_plant,19.56,31.5,72.1,0.0
snake_plant,30.02,31.5,72.1,0.0
cactus,9.2,31.5,72.1,0.0
cactus,8.68,31.6,72.0,0.0
money_plant,19.79,31.5,72.0,0.0
snake_plant,30.52,31.5,72.0,0.0
cactus,9.2,31.5,72.0,0.0
snake_plant,29.83,31.5,72.1,0.0
cactus,8.89,31.5,72.1,0.0
money_plant,19.59,31.5,72.0,0.0
snake_plant,30.11,31.5,72.0,0.0
cactus,8.68,31.5,72.0,0.0
money_plant,19.47,31.5,72.0,0.0
snake_plant,29.51,31.5,72.0,0.0
cactus,8.89,31.5,72.0,0.0
money_plant,19.5,31.5,72.1,0.0
snake_plant,29.51,31.5,72.1,0.0
money_plant,19.32,31.5,72.2,0.0
snake_plant,29.36,31.5,72.2,0.0
cactus,9.23,31.5,72.2,0.0
money_plant,19.41,31.4,72.1,0.0
snake_plant,29.7,31.4,72.1,0.0
cactus,9.5,31.4,72.1,0.0
money_plant,21.93,31.4,72.4,0.0
snake_plant,30.17,31.4,72.4,0.0
cactus,9.2,31.4,72.4,0.0
money_plant,19.5,31.4,72.2,0.0
snake_plant,29.61,31.4,72.2,0.0
cactus,9.23,31.4,72.2,0.0
money_plant,19.02,31.4,72.4,0.0
snake_plant,30.58,31.4,72.4,0.0
cactus,9.38,31.4,72.4,0.0
money_plant,19.32,31.4,72.2,0.0
snake_plant,30.05,31.4,72.2,0.0
cactus,9.17,31.4,72.2,0.0
money_plant,19.32,31.4,72.4,0.0
snake_plant,29.67,31.4,72.4,0.0
cactus,9.32,31.4,72.4,0.0
money_plant,19.5,31.4,72.3,0.0
snake_plant,30.33,31.4,72.3,0.0
cactus,9.62,31.4,72.3,0.0
money_plant,19.44,31.4,72.3,0.0
snake_plant,29.83,31.4,72.3,0.0
cactus,9.77,31.4,72.3,0.0
money_plant,19.23,31.4,72.4,0.0
snake_plant,30.02,31.4,72.4,0.0
cactus,9.83,31.4,72.4,0.0
money_plant,19.47,31.4,72.3,0.0
snake_plant,29.98,31.4,72.3,0.0
cactus,9.95,31.4,72.3,0.0
money_plant,19.38,31.4,72.4,0.0
snake_plant,30.11,31.4,72.4,0.0
cactus,9.89,31.4,72.4,0.0
money_plant,19.67,31.4,72.3,0.0
snake_plant,29.55,31.4,72.3,0.0
cactus,10.11,31.4,72.3,0.0
money_plant,19.41,31.4,72.2,0.0
snake_plant,30.49,31.4,72.2,0.0
cactus,10.17,31.4,72.2,0.0
snake_plant,30.2,31.4,72.3,0.0
cactus,10.2,31.4,72.3,0.0
snake_plant,30.05,31.4,72.3,0.0
cactus,10.17,31.4,72.3,0.0
money_plant,19.76,31.4,72.4,0.0
snake_plant,29.86,31.4,72.4,0.0
cactus,10.32,31.4,72.4,0.0
money_plant,19.41,31.4,72.4,0.0
snake_plant,30.3,31.4,72.4,0.0
cactus,10.17,31.4,72.4,0.0
money_plant,19.56,31.3,72.3,0.0
snake_plant,29.92,31.3,72.3,0.0
cactus,10.2,31.3,72.3,0.0
money_plant,19.73,31.4,72.4,0.0
cactus,10.26,31.4,72.4,0.0
money_plant,19.44,31.4,72.6,0.0
snake_plant,30.23,31.4,72.6,0.0
cactus,10.29,31.4,72.6,0.0
cactus,10.56,31.4,72.4,0.0
snake_plant,30.05,31.4,72.4,0.0
cactus,10.35,31.4,72.4,0.0
money_plant,19.44,31.4,72.4,0.0
snake_plant,29.8,31.4,72.4,0.0
cactus,10.5,31.4,72.4,0.0
money_plant,19.56,31.4,72.3,0.0
snake_plant,30.14,31.4,72.3,0.0
cactus,10.96,31.4,72.3,0.0
money_plant,19.61,31.3,72.4,0.0
snake_plant,29.61,31.3,72.4,0.0
cactus,10.86,31.3,72.4,0.0
money_plant,19.76,31.4,72.5,0.0
snake_plant,29.86,31.4,72.5,0.0
cactus,10.41,31.4,72.5,0.0
money_plant,19.82,31.3,72.4,0.0
snake_plant,29.95,31.3,72.4,0.0
cactus,10.44,31.3,72.4,0.0
money_plant,19.56,31.3,72.4,0.0
snake_plant,29.51,31.3,72.4,0.0
cactus,10.74,31.3,72.4,0.0
money_plant,19.47,31.3,72.4,0.0
snake_plant,30.14,31.3,72.4,0.0
cactus,11.14,31.3,72.4,0.0
money_plant,19.59,31.3,72.5,0.0
snake_plant,30.02,31.3,72.5,0.0
cactus,10.68,31.3,72.5,0.0
money_plant,19.41,31.3,72.6,0.0
snake_plant,29.64,31.3,72.6,0.0
cactus,10.74,31.3,72.6,0.0
money_plant,19.59,31.2,72.5,0.0
snake_plant,29.05,31.2,72.5,0.0
cactus,10.77,31.2,72.5,0.0
money_plant,19.44,31.3,72.5,0.0
snake_plant,29.3,31.3,72.5,0.0
cactus,10.56,31.3,72.5,0.0
money_plant,19.53,31.2,72.6,0.0
snake_plant,30.11,31.2,72.6,0.0
cactus,10.8,31.2,72.6,0.0
money_plant,19.56,31.2,72.5,0.0
snake_plant,30.02,31.2,72.5,0.0
cactus,10.68,31.2,72.5,0.0
money_plant,19.32,31.2,72.5,0.0
snake_plant,30.17,31.2,72.5,0.0
cactus,10.62,31.2,72.5,0.0
money_plant,19.26,31.2,72.6,0.0
snake_plant,29.83,31.2,72.6,0.0
cactus,10.77,31.2,72.6,0.0
money_plant,19.67,31.2,72.6,0.0
snake_plant,29.73,31.2,72.6,0.0
money_plant,19.61,31.2,72.8,0.0
snake_plant,30.23,31.2,72.8,0.0
cactus,11.05,31.2,72.8,0.0
money_plant,18.99,31.2,72.7,0.0
snake_plant,29.83,31.2,72.7,0.0
cactus,10.68,31.2,72.7,0.0
money_plant,19.44,31.2,72.7,0.0
snake_plant,29.08,31.2,72.7,0.0
cactus,10.71,31.2,72.7,0.0
money_plant,19.47,31.2,72.7,0.0
snake_plant,29.45,31.2,72.7,0.0
cactus,11.02,31.2,72.7,0.0
money_plant,18.64,31.3,72.8,0.0
snake_plant,29.51,31.3,72.8,0.0
cactus,11.14,31.3,72.8,0.0
money_plant,19.35,31.2,72.8,0.0
snake_plant,29.33,31.2,72.8,0.0
cactus,12.78,31.2,72.8,0.0
money_plant,19.41,31.3,72.7,0.0
snake_plant,29.8,31.3,72.7,0.0
cactus,11.08,31.3,72.7,0.0
money_plant,19.47,31.3,72.7,0.0
snake_plant,28.92,31.3,72.7,0.0
cactus,10.74,31.3,72.7,0.0
money_plant,19.7,31.3,72.6,0.0
snake_plant,29.67,31.3,72.6,0.0
cactus,10.99,31.3,72.6,0.0
money_plant,19.44,31.2,72.9,0.0
snake_plant,29.48,31.2,72.9,0.0
cactus,10.93,31.2,72.9,0.0
snake_plant,29.51,31.3,72.6,0.0
money_plant,19.41,31.2,72.6,0.0
snake_plant,29.67,31.2,72.6,0.0
cactus,13.02,31.2,72.6,0.0
snake_plant,29.05,31.3,72.5,0.0
cactus,11.08,31.3,72.5,0.0
cactus,11.41,31.3,72.5,0.0
money_plant,19.56,31.3,72.6,0.0
snake_plant,28.58,31.3,72.6,0.0
cactus,11.14,31.3,72.6,0.0
money_plant,19.56,31.3,72.5,0.0
cactus,11.17,31.3,72.5,0.0
money_plant,19.14,31.3,72.5,0.0
snake_plant,29.48,31.3,72.5,0.0
cactus,11.23,31.3,72.5,0.0
snake_plant,28.61,31.2,72.6,0.0
cactus,11.32,31.2,72.6,0.0
money_plant,19.26,31.3,72.5,0.0
snake_plant,29.42,31.3,72.5,0.0
cactus,11.53,31.3,72.5,0.0
money_plant,18.93,31.2,72.5,0.0
cactus,11.41,31.2,72.5,0.0
money_plant,19.02,31.2,72.6,0.0
snake_plant,29.23,31.2,72.6,0.0
cactus,11.71,31.2,72.6,0.0
snake_plant,29.48,31.3,72.7,0.0
cactus,11.5,31.3,72.7,0.0
snake_plant,29.01,31.2,72.6,0.0
cactus,11.68,31.2,72.6,0.0
money_plant,19.2,31.2,72.7,0.0
snake_plant,29.67,31.2,72.7,0.0
cactus,11.62,31.2,72.7,0.0
money_plant,19.5,31.2,72.5,0.0
snake_plant,29.51,31.2,72.5,0.0
cactus,12.02,31.2,72.5,0.0
money_plant,19.35,31.2,72.7,0.0
snake_plant,29.14,31.2,72.7,0.0
cactus,11.78,31.2,72.7,0.0
snake_plant,29.11,31.2,72.6,0.0
cactus,11.96,31.2,72.6,0.0
money_plant,20.33,31.2,72.6,0.0
snake_plant,29.39,31.2,72.6,0.0
cactus,11.93,31.2,72.6,0.0
money_plant,20.09,31.2,72.7,0.0
cactus,12.02,31.2,72.7,0.0
money_plant,19.79,31.2,72.7,0.0
snake_plant,29.05,31.2,72.7,0.0
cactus,12.08,31.2,72.7,0.0
money_plant,19.91,31.2,72.5,0.0
snake_plant,29.45,31.2,72.5,0.0
cactus,12.11,31.2,72.5,0.0
money_plant,19.59,31.2,72.6,0.0
cactus,12.08,31.2,72.6,0.0
money_plant,19.32,31.1,72.6,0.0
snake_plant,29.01,31.1,72.6,0.0
cactus,12.08,31.1,72.6,0.0
money_plant,19.35,31.1,72.7,0.0
snake_plant,30.08,31.1,72.7,0.0
cactus,12.11,31.1,72.7,0.0
money_plant,19.85,31.2,72.5,0.0
snake_plant,29.73,31.2,72.5,0.0
cactus,11.81,31.2,72.5,0.0
money_plant,19.67,31.1,72.5,0.0
snake_plant,29.2,31.1,72.5,0.0
cactus,11.9,31.1,72.5,0.0
money_plant,19.35,31.1,72.8,0.0
snake_plant,29.45,31.1,72.8,0.0
cactus,11.71,31.1,72.8,0.0
money_plant,19.44,31.1,72.8,0.0
snake_plant,29.2,31.1,72.8,0.0
cactus,12.11,31.1,72.8,0.0
snake_plant,29.58,31.2,72.6,0.0
money_plant,19.41,31.1,72.7,0.0
snake_plant,29.2,31.1,72.7,0.0
cactus,12.38,31.1,72.7,0.0
money_plant,19.41,31.1,72.8,0.0
snake_plant,29.64,31.1,72.8,0.0
money_plant,19.11,31.2,72.7,0.0
snake_plant,28.51,31.2,72.7,0.0
cactus,12.29,31.2,72.7,0.0
money_plant,19.08,31.1,72.8,0.0
snake_plant,28.64,31.1,72.8,0.0
snake_plant,29.14,31.2,72.6,0.0
cactus,12.26,31.2,72.6,0.0
money_plant,19.41,31.1,72.6,0.0
snake_plant,29.51,31.1,72.6,0.0
cactus,12.44,31.1,72.6,0.0
snake_plant,28.92,31.1,72.8,0.0
cactus,12.47,31.1,72.8,0.0
snake_plant,29.55,31.1,72.7,0.0
cactus,12.29,31.1,72.7,0.0
money_plant,19.02,31.1,72.9,0.0
snake_plant,29.08,31.1,72.9,0.0
cactus,12.17,31.1,72.9,0.0
money_plant,19.56,31.1,72.8,0.0
snake_plant,29.7,31.1,72.8,0.0
cactus,12.56,31.1,72.8,0.0
money_plant,18.99,31.1,72.7,0.0
snake_plant,28.39,31.1,72.7,0.0
money_plant,19.08,31.2,72.6,0.0
snake_plant,29.17,31.2,72.6,0.0
cactus,12.38,31.2,72.6,0.0
money_plant,20.27,31.2,72.7,0.0
snake_plant,28.79,31.2,72.7,0.0
cactus,13.51,31.2,72.7,0.0
money_plant,19.97,31.2,72.7,0.0
snake_plant,29.2,31.2,72.7,0.0
cactus,12.41,31.2,72.7,0.0
money_plant,19.2,31.1,72.6,0.0
cactus,12.63,31.1,72.6,0.0
money_plant,19.7,31.1,72.7,0.0
snake_plant,29.36,31.1,72.7,0.0
cactus,12.53,31.1,72.7,0.0
money_plant,19.32,31.1,72.4,0.0
snake_plant,29.7,31.1,72.4,0.0
cactus,12.41,31.1,72.4,0.0
money_plant,19.05,31.2,72.7,0.0
snake_plant,29.39,31.2,72.7,0.0
cactus,12.38,31.2,72.7,0.0
money_plant,19.38,31.2,72.5,0.0
snake_plant,29.48,31.2,72.5,0.0
cactus,12.53,31.2,72.5,0.0
money_plant,19.29,31.1,72.6,0.0
cactus,12.56,31.1,72.6,0.0
money_plant,19.08,31.2,72.7,0.0
snake_plant,29.51,31.2,72.7,0.0
money_plant,19.23,31.1,72.6,0.0
snake_plant,29.11,31.1,72.6,0.0
cactus,12.53,31.1,72.6,0.0
snake_plant,29.67,31.1,72.6,0.0
cactus,12.47,31.1,72.6,0.0
money_plant,19.23,31.2,72.6,0.0
snake_plant,29.8,31.2,72.6,0.0
money_plant,16.06,31.1,72.7,0.0
snake_plant,29.17,31.1,72.7,0.0
money_plant,19.73,31.1,72.7,0.0
snake_plant,29.51,31.1,72.7,0.0
cactus,12.63,31.1,72.7,0.0
money_plant,18.81,31.1,72.8,0.0
snake_plant,29.17,31.1,72.8,0.0
cactus,12.75,31.1,72.8,0.0
money_plant,19.2,31.0,72.6,0.0
snake_plant,29.42,31.0,72.6,0.0
cactus,12.5,31.0,72.6,0.0
money_plant,19.23,31.0,72.6,0.0
snake_plant,29.55,31.0,72.6,0.0
cactus,13.08,31.0,72.6,0.0
money_plant,19.41,31.0,72.9,0.0
snake_plant,29.48,31.0,72.9,0.0
cactus,12.78,31.0,72.9,0.0
money_plant,19.38,31.1,72.7,0.0
snake_plant,29.7,31.1,72.7,0.0
cactus,12.9,31.1,72.7,0.0
money_plant,19.17,31.0,72.6,0.0
snake_plant,29.51,31.0,72.6,0.0
cactus,12.75,31.0,72.6,0.0
money_plant,19.2,31.0,72.9,0.0
snake_plant,29.7,31.0,72.9,0.0
cactus,12.87,31.0,72.9,0.0
money_plant,18.96,31.1,72.9,0.0
snake_plant,29.3,31.1,72.9,0.0
cactus,12.96,31.1,72.9,0.0
money_plant,19.32,31.1,72.8,0.0
snake_plant,29.51,31.1,72.8,0.0
cactus,13.05,31.1,72.8,0.0
money_plant,19.26,31.1,72.8,0.0
snake_plant,28.76,31.1,72.8,0.0
cactus,12.9,31.1,72.8,0.0
snake_plant,29.45,31.0,72.9,0.0
cactus,13.05,31.0,72.9,0.0
money_plant,19.67,31.1,72.9,0.0
snake_plant,29.36,31.1,72.9,0.0
cactus,13.02,31.1,72.9,0.0
money_plant,19.26,31.1,72.7,0.0
cactus,12.87,31.1,72.7,0.0
money_plant,18.96,31.1,73.0,0.0
snake_plant,28.95,31.1,73.0,0.0
cactus,13.14,31.1,73.0,0.0
money_plant,19.23,31.1,72.8,0.0
cactus,13.08,31.1,72.8,0.0
snake_plant,28.98,31.1,72.8,0.0
cactus,12.99,31.1,72.8,0.0
money_plant,19.14,31.1,72.9,0.0
snake_plant,28.98,31.1,72.9,0.0
cactus,13.11,31.1,72.9,0.0
money_plant,23.14,31.1,72.8,0.0
snake_plant,32.05,31.1,72.8,0.0
cactus,19.67,31.1,72.8,0.0
money_plant,19.5,31.1,72.9,0.0
snake_plant,29.45,31.1,72.9,0.0
cactus,13.26,31.1,72.9,0.0
money_plant,19.44,31.1,72.9,0.0
snake_plant,28.83,31.1,72.9,0.0
cactus,13.2,31.1,72.9,0.0
snake_plant,29.3,31.1,72.7,0.0
cactus,13.2,31.1,72.7,0.0
money_plant,19.14,31.2,72.8,0.0
snake_plant,29.51,31.2,72.8,0.0
cactus,13.29,31.2,72.8,0.0
money_plant,19.02,31.2,72.8,0.0
snake_plant,29.23,31.2,72.8,0.0
cactus,13.14,31.2,72.8,0.0
snake_plant,29.7,31.1,72.6,0.0
cactus,13.47,31.1,72.6,0.0
money_plant,19.08,31.1,72.7,0.0
snake_plant,28.98,31.1,72.7,0.0
cactus,13.26,31.1,72.7,0.0
snake_plant,28.95,31.2,72.6,0.0
cactus,13.23,31.2,72.6,0.0
money_plant,18.76,31.2,72.8,0.0
snake_plant,29.36,31.2,72.8,0.0
cactus,13.57,31.2,72.8,0.0
snake_plant,29.23,31.1,72.8,0.0
cactus,13.51,31.1,72.8,0.0
snake_plant,29.3,31.1,72.8,0.0
cactus,13.54,31.1,72.8,0.0
money_plant,19.02,31.1,73.0,0.0
snake_plant,28.2,31.1,73.0,0.0
cactus,13.57,31.1,73.0,0.0
money_plant,19.11,31.1,72.9,0.0
snake_plant,29.51,31.1,72.9,0.0
cactus,13.54,31.1,72.9,0.0
money_plant,19.05,31.1,72.8,0.0
snake_plant,29.48,31.1,72.8,0.0
cactus,13.72,31.1,72.8,0.0
money_plant,19.11,31.1,72.8,0.0
cactus,13.38,31.1,72.8,0.0
snake_plant,28.73,31.1,72.8,0.0
cactus,13.6,31.1,72.8,0.0
money_plant,18.93,31.1,72.9,0.0
cactus,13.57,31.1,72.9,0.0
money_plant,19.2,31.1,72.8,0.0
cactus,13.66,31.1,72.9,0.0
money_plant,18.96,31.1,72.8,0.0
snake_plant,29.33,31.1,72.8,0.0
cactus,13.75,31.1,72.8,0.0
snake_plant,29.45,31.1,72.7,0.0
cactus,13.66,31.1,72.7,0.0
money_plant,19.41,31.0,72.7,0.0
snake_plant,29.42,31.0,72.7,0.0
cactus,13.93,31.0,72.7,0.0
cactus,14.02,31.1,72.8,0.0
money_plant,19.2,31.0,72.8,0.0
snake_plant,29.14,31.0,72.8,0.0
cactus,13.9,31.0,72.8,0.0
money_plant,19.05,31.0,72.9,0.0
snake_plant,29.3,31.0,72.9,0.0
cactus,13.78,31.0,72.9,0.0
money_plant,18.93,31.0,72.9,0.0
snake_plant,29.2,31.0,72.9,0.0
cactus,13.87,31.0,72.9,0.0
money_plant,18.99,31.0,73.0,0.0
snake_plant,29.58,31.0,73.0,0.0
cactus,13.72,31.0,73.0,0.0
money_plant,19.14,31.0,72.8,0.0
snake_plant,29.17,31.0,72.8,0.0
cactus,13.47,31.0,72.8,0.0
money_plant,19.26,31.0,73.0,0.0
snake_plant,29.67,31.0,73.0,0.0
cactus,13.9,31.0,73.0,0.0
money_plant,19.5,31.0,73.0,0.0
snake_plant,29.51,31.0,73.0,0.0
cactus,13.63,31.0,73.0,0.0
snake_plant,28.51,31.1,73.0,0.0
cactus,13.63,31.1,73.0,0.0
cactus,13.75,31.1,72.9,0.0
money_plant,18.87,31.0,72.8,0.0
snake_plant,29.51,31.0,72.8,0.0
cactus,13.54,31.0,72.8,0.0
money_plant,18.73,31.0,72.9,0.0
snake_plant,29.55,31.0,72.9,0.0
cactus,13.84,31.0,72.9,0.0
snake_plant,28.98,31.0,73.0,0.0
cactus,13.6,31.0,73.0,0.0
money_plant,19.02,31.0,72.9,0.0
snake_plant,28.83,31.0,72.9,0.0
cactus,13.9,31.0,72.9,0.0
snake_plant,29.67,31.1,72.9,0.0
cactus,14.05,31.1,72.9,0.0
money_plant,18.55,31.0,72.8,0.0
snake_plant,29.05,31.0,72.8,0.0
cactus,13.96,31.0,72.8,0.0
money_plant,18.93,31.0,73.0,0.0
snake_plant,28.95,31.0,73.0,0.0
cactus,13.84,31.0,73.0,0.0
money_plant,19.02,31.0,73.1,0.0
snake_plant,29.08,31.0,73.1,0.0
cactus,13.6,31.0,73.1,0.0
money_plant,18.87,31.1,72.9,0.0
money_plant,18.9,31.0,72.8,0.0
cactus,13.78,31.0,72.8,0.0
money_plant,18.61,31.0,72.8,0.0
snake_plant,29.45,31.0,72.8,0.0
cactus,13.51,31.0,72.8,0.0
money_plant,18.84,31.0,72.8,0.0
snake_plant,28.67,31.0,72.8,0.0
cactus,13.87,31.0,72.8,0.0
money_plant,18.84,30.9,73.0,0.0
snake_plant,29.42,30.9,73.0,0.0
cactus,13.93,30.9,73.0,0.0
money_plant,18.96,31.0,73.0,0.0
snake_plant,28.86,31.0,73.0,0.0
money_plant,19.08,31.0,72.9,0.0
snake_plant,28.98,31.0,72.9,0.0
cactus,13.75,31.0,72.9,0.0
snake_plant,28.95,30.9,73.0,0.0
money_plant,18.84,31.0,73.2,0.0
snake_plant,28.89,31.0,73.2,0.0
cactus,13.78,31.0,73.2,0.0
money_plant,23.17,31.0,73.1,0.0
snake_plant,29.33,31.0,73.1,0.0
cactus,13.84,31.0,73.1,0.0
snake_plant,28.51,31.0,72.8,0.0
money_plant,18.49,30.9,73.1,0.0
snake_plant,28.51,30.9,73.1,0.0
cactus,13.93,30.9,73.1,0.0
money_plant,19.38,30.9,73.0,0.0
snake_plant,29.2,30.9,73.0,0.0
cactus,13.96,30.9,73.0,0.0
money_plant,18.34,31.0,73.0,0.0
snake_plant,29.05,31.0,73.0,0.0
cactus,14.02,31.0,73.0,0.0
money_plant,18.67,31.0,73.0,0.0
snake_plant,29.42,31.0,73.0,0.0
cactus,13.99,31.0,73.0,0.0
money_plant,18.87,30.9,73.1,0.0
snake_plant,28.86,30.9,73.1,0.0
cactus,14.05,30.9,73.1,0.0
money_plant,18.64,30.9,73.0,0.0
snake_plant,28.54,30.9,73.0,0.0
money_plant,18.73,30.9,73.1,0.0
snake_plant,28.45,30.9,73.1,0.0
cactus,13.9,30.9,73.1,0.0
money_plant,18.64,30.9,73.1,0.0
snake_plant,28.98,30.9,73.1,0.0
cactus,14.02,30.9,73.1,0.0
money_plant,20.03,30.9,73.2,0.0
snake_plant,28.86,30.9,73.2,0.0
cactus,13.84,30.9,73.2,0.0
money_plant,18.46,30.9,73.1,0.0
snake_plant,28.92,30.9,73.1,0.0
cactus,14.08,30.9,73.1,0.0
money_plant,18.52,30.9,73.2,0.0
snake_plant,29.86,30.9,73.2,0.0
cactus,14.08,30.9,73.2,0.0
snake_plant,29.3,30.9,73.1,0.0
money_plant,18.4,30.9,73.1,0.0
snake_plant,29.23,30.9,73.1,0.0
money_plant,18.67,30.9,73.3,0.0
snake_plant,29.42,30.9,73.3,0.0
cactus,14.08,30.9,73.3,0.0
money_plant,18.61,30.8,73.3,0.0
snake_plant,28.86,30.8,73.3,0.0
cactus,14.05,30.8,73.3,0.0
money_plant,18.52,30.8,73.2,0.0
snake_plant,29.23,30.8,73.2,0.0
cactus,14.05,30.8,73.2,0.0
money_plant,18.84,30.8,73.2,0.0
snake_plant,28.89,30.8,73.2,0.0
cactus,14.14,30.8,73.2,0.0
money_plant,19.02,30.8,73.2,0.0
snake_plant,28.98,30.8,73.2,0.0
cactus,13.99,30.8,73.2,0.0
money_plant,18.9,30.8,73.4,0.0
snake_plant,28.54,30.8,73.4,0.0
cactus,12.63,30.8,73.4,0.0
money_plant,18.58,30.8,73.4,0.0
snake_plant,28.79,30.8,73.4,0.0
cactus,14.11,30.8,73.4,0.0
money_plant,18.55,30.8,73.4,0.0
snake_plant,29.05,30.8,73.4,0.0
cactus,14.05,30.8,73.4,0.0
money_plant,18.79,30.8,73.4,0.0
snake_plant,28.95,30.8,73.4,0.0
money_plant,15.88,30.8,73.3,0.0
snake_plant,29.17,30.8,73.3,0.0
cactus,14.11,30.8,73.3,0.0
snake_plant,28.29,30.8,73.3,0.0
money_plant,18.61,30.8,73.4,0.0
snake_plant,29.01,30.8,73.4,0.0
money_plant,18.58,30.8,73.2,0.0
snake_plant,29.05,30.8,73.2,0.0
cactus,14.2,30.8,73.2,0.0
money_plant,18.49,30.8,73.3,0.0
snake_plant,29.01,30.8,73.3,0.0
cactus,14.08,30.8,73.3,0.0
money_plant,18.61,30.8,73.5,0.0
snake_plant,29.11,30.8,73.5,0.0
cactus,14.02,30.8,73.5,0.0
money_plant,18.46,30.8,73.5,0.0
snake_plant,28.76,30.8,73.5,0.0
cactus,14.05,30.8,73.5,0.0
money_plant,18.55,30.8,73.5,0.0
snake_plant,28.54,30.8,73.5,0.0
cactus,14.23,30.8,73.5,0.0
snake_plant,29.05,30.8,73.5,0.0
money_plant,18.76,30.8,73.4,0.0
snake_plant,28.64,30.8,73.4,0.0
cactus,14.17,30.8,73.4,0.0
snake_plant,28.29,30.8,73.4,0.0
cactus,14.32,30.8,73.4,0.0
snake_plant,28.04,30.8,73.5,0.0
money_plant,18.73,30.8,73.3,0.0
snake_plant,28.2,30.8,73.3,0.0
cactus,14.2,30.8,73.3,0.0
money_plant,18.55,30.9,73.2,0.0
snake_plant,28.48,30.9,73.2,0.0
cactus,14.05,30.9,73.2,0.0
money_plant,18.43,30.9,73.3,0.0
snake_plant,28.51,30.9,73.3,0.0
cactus,14.11,30.9,73.3,0.0
money_plant,18.07,30.9,73.2,0.0
snake_plant,28.2,30.9,73.2,0.0
cactus,14.23,30.9,73.2,0.0
money_plant,18.46,30.9,73.2,0.0
snake_plant,28.23,30.9,73.2,0.0
cactus,14.2,30.9,73.2,0.0
snake_plant,28.01,30.9,73.1,0.0
cactus,14.11,30.9,73.1,0.0
money_plant,18.25,30.9,73.1,0.0
snake_plant,27.04,30.9,73.1,0.0
money_plant,18.4,30.9,73.2,0.0
snake_plant,26.73,30.9,73.2,0.0
cactus,14.26,30.9,73.2,0.0
money_plant,18.73,30.9,73.3,0.0
snake_plant,27.95,30.9,73.3,0.0
cactus,14.17,30.9,73.3,0.0
money_plant,18.43,30.9,73.4,0.0
snake_plant,27.86,30.9,73.4,0.0
cactus,14.11,30.9,73.4,0.0
money_plant,18.67,30.9,73.0,0.0
snake_plant,27.73,30.9,73.0,0.0
cactus,14.39,30.9,73.0,0.0
money_plant,16.68,30.9,73.0,0.0
snake_plant,27.57,30.9,73.0,0.0
cactus,14.36,30.9,73.0,0.0
money_plant,18.46,31.0,73.0,0.0
snake_plant,27.51,31.0,73.0,0.0
cactus,14.11,31.0,73.0,0.0
money_plant,18.43,31.0,73.0,0.0
cactus,14.42,31.0,73.0,0.0
money_plant,18.49,31.0,73.2,0.0
snake_plant,27.73,31.0,73.2,0.0
cactus,14.26,31.0,73.2,0.0
money_plant,18.61,31.0,73.0,0.0
snake_plant,27.42,31.0,73.0,0.0
cactus,14.26,31.0,73.0,0.0
money_plant,18.76,31.0,73.1,0.0
snake_plant,27.79,31.0,73.1,0.0
cactus,14.05,31.0,73.1,0.0
money_plant,18.55,31.0,73.1,0.0
snake_plant,27.86,31.0,73.1,0.0
cactus,14.51,31.0,73.1,0.0
money_plant,18.79,31.0,73.0,0.0
snake_plant,28.08,31.0,73.0,0.0
cactus,14.32,31.0,73.0,0.0
money_plant,18.61,31.0,72.9,0.0
snake_plant,28.01,31.0,72.9,0.0
cactus,14.32,31.0,72.9,0.0
money_plant,18.55,31.0,72.9,0.0
snake_plant,28.04,31.0,72.9,0.0
cactus,14.11,31.0,72.9,0.0
money_plant,18.67,30.9,72.9,0.0
snake_plant,27.82,30.9,72.9,0.0
cactus,14.26,30.9,72.9,0.0
money_plant,18.49,30.9,73.0,0.0
snake_plant,27.23,30.9,73.0,0.0
cactus,14.08,30.9,73.0,0.0
money_plant,18.31,31.0,72.9,0.0
snake_plant,27.01,31.0,72.9,0.0
cactus,13.96,31.0,72.9,0.0
money_plant,18.58,31.0,72.8,0.0
snake_plant,27.23,31.0,72.8,0.0
cactus,14.23,31.0,72.8,0.0
cactus,14.26,31.0,72.9,0.0
money_plant,18.28,31.0,73.0,0.0
snake_plant,26.92,31.0,73.0,0.0
money_plant,18.37,31.0,72.8,0.0
snake_plant,26.98,31.0,72.8,0.0
cactus,14.48,31.0,72.8,0.0
snake_plant,27.07,30.9,73.0,0.0
cactus,14.05,30.9,73.0,0.0
money_plant,18.67,30.9,73.1,0.0
snake_plant,27.51,30.9,73.1,0.0
cactus,14.48,30.9,73.1,0.0
money_plant,18.43,30.9,73.1,0.0
snake_plant,26.6,30.9,73.1,0.0
cactus,14.42,30.9,73.1,0.0
money_plant,18.58,30.8,73.1,0.0
snake_plant,27.51,30.8,73.1,0.0
cactus,14.45,30.8,73.1,0.0
money_plant,18.73,30.8,73.1,0.0
snake_plant,27.17,30.8,73.1,0.0
cactus,14.2,30.8,73.1,0.0
money_plant,18.61,30.8,73.7,50.0
snake_plant,27.29,30.8,73.7,50.0
cactus,14.69,30.8,73.7,50.0
money_plant,18.49,30.2,75.6,54.17
snake_plant,27.1,30.2,75.6,54.17
cactus,14.36,30.2,75.6,54.17
money_plant,18.46,29.8,76.8,56.67
snake_plant,27.07,29.8,76.8,56.67
cactus,14.11,29.8,76.8,56.67
money_plant,17.93,29.5,77.6,58.33
snake_plant,26.54,29.5,77.6,58.33
cactus,14.2,29.5,77.6,58.33
money_plant,18.67,29.4,78.7,58.33
snake_plant,27.07,29.4,78.7,58.33
cactus,14.51,29.4,78.7,58.33
money_plant,18.43,29.1,79.3,57.5
snake_plant,26.57,29.1,79.3,57.5
cactus,14.69,29.1,79.3,57.5
money_plant,18.43,28.9,80.4,57.5
snake_plant,26.85,28.9,80.4,57.5
cactus,14.2,28.9,80.4,57.5
money_plant,18.73,28.7,81.5,58.33
snake_plant,26.82,28.7,81.5,58.33
cactus,14.69,28.7,81.5,58.33
money_plant,18.79,28.6,81.6,60.83
snake_plant,27.29,28.6,81.6,60.83
cactus,14.48,28.6,81.6,60.83
money_plant,18.79,28.5,81.6,62.5
snake_plant,27.07,28.5,81.6,62.5
cactus,14.32,28.5,81.6,62.5
money_plant,18.93,28.5,82.1,61.67
snake_plant,26.6,28.5,82.1,61.67
cactus,14.11,28.5,82.1,61.67
money_plant,19.91,28.4,82.3,60.0
snake_plant,26.51,28.4,82.3,60.0
cactus,14.23,28.4,82.3,60.0
money_plant,18.55,28.4,82.3,57.5
snake_plant,26.92,28.4,82.3,57.5
cactus,14.45,28.4,82.3,57.5
money_plant,18.49,28.4,82.6,57.5
snake_plant,25.51,28.4,82.6,57.5
cactus,14.2,28.4,82.6,57.5
money_plant,18.61,28.4,82.6,59.17
snake_plant,27.07,28.4,82.6,59.17
cactus,14.36,28.4,82.6,59.17
money_plant,17.6,28.3,82.6,64.17
snake_plant,26.51,28.3,82.6,64.17
cactus,14.45,28.3,82.6,64.17
money_plant,18.25,28.3,83.2,68.33
snake_plant,26.54,28.3,83.2,68.33
cactus,14.23,28.3,83.2,68.33
money_plant,18.04,28.4,83.3,72.5
snake_plant,26.82,28.4,83.3,72.5
cactus,14.26,28.4,83.3,72.5
money_plant,18.46,28.4,83.3,80.0
snake_plant,26.82,28.4,83.3,80.0
cactus,14.23,28.4,83.3,80.0
money_plant,18.73,28.4,83.2,88.33
snake_plant,25.51,28.4,83.2,88.33
cactus,14.11,28.4,83.2,88.33
money_plant,18.73,28.3,83.5,95.83
snake_plant,26.6,28.3,83.5,95.83
cactus,14.2,28.3,83.5,95.83
money_plant,18.43,28.2,83.8,105.0
snake_plant,26.45,28.2,83.8,105.0
cactus,14.2,28.2,83.8,105.0
money_plant,18.46,28.2,84.0,116.67
snake_plant,26.7,28.2,84.0,116.67
cactus,12.87,28.2,84.0,116.67
money_plant,18.46,28.3,83.2,123.33
snake_plant,26.64,28.3,83.2,123.33
cactus,14.23,28.3,83.2,123.33
money_plant,18.46,28.3,83.5,132.5
snake_plant,26.79,28.3,83.5,132.5
cactus,14.14,28.3,83.5,132.5
money_plant,18.25,28.2,84.0,138.33
snake_plant,26.51,28.2,84.0,138.33
cactus,14.05,28.2,84.0,138.33
money_plant,18.46,28.2,83.8,143.33
snake_plant,26.51,28.2,83.8,143.33
cactus,14.32,28.2,83.8,143.33
money_plant,18.25,28.1,84.4,148.33
snake_plant,26.38,28.1,84.4,148.33
cactus,14.32,28.1,84.4,148.33
money_plant,18.31,28.2,83.8,151.67
snake_plant,26.2,28.2,83.8,151.67
cactus,14.08,28.2,83.8,151.67
money_plant,18.34,28.4,83.0,155.83
snake_plant,26.51,28.4,83.0,155.83
cactus,14.14,28.4,83.0,155.83
money_plant,17.93,28.4,82.5,168.33
snake_plant,25.92,28.4,82.5,168.33
cactus,14.05,28.4,82.5,168.33
money_plant,18.04,28.4,82.6,175.0
snake_plant,26.79,28.4,82.6,175.0
cactus,14.14,28.4,82.6,175.0
money_plant,17.87,28.6,81.9,184.17
snake_plant,26.2,28.6,81.9,184.17
cactus,14.2,28.6,81.9,184.17
money_plant,17.84,28.6,81.8,191.67
snake_plant,25.95,28.6,81.8,191.67
cactus,14.05,28.6,81.8,191.67
money_plant,18.49,28.7,81.5,197.5
snake_plant,26.01,28.7,81.5,197.5
cactus,13.9,28.7,81.5,197.5
money_plant,18.16,28.8,81.0,201.67
snake_plant,26.26,28.8,81.0,201.67
cactus,14.05,28.8,81.0,201.67
money_plant,18.28,28.9,80.7,198.33
snake_plant,26.23,28.9,80.7,198.33
cactus,14.05,28.9,80.7,198.33
money_plant,18.37,28.9,80.5,193.33
snake_plant,26.1,28.9,80.5,193.33
cactus,14.05,28.9,80.5,193.33
money_plant,18.13,28.9,80.7,190.83
snake_plant,25.54,28.9,80.7,190.83
cactus,14.9,28.9,80.7,190.83
money_plant,17.96,28.7,81.2,185.83
snake_plant,26.42,28.7,81.2,185.83
cactus,14.02,28.7,81.2,185.83
money_plant,17.99,28.7,81.2,185.0
snake_plant,26.51,28.7,81.2,185.0
cactus,13.9,28.7,81.2,185.0
money_plant,17.96,28.8,80.9,185.0
snake_plant,30.52,28.8,80.9,185.0
cactus,13.84,28.8,80.9,185.0
money_plant,18.04,28.7,81.6,190.0
snake_plant,25.6,28.7,81.6,190.0
cactus,14.02,28.7,81.6,190.0
money_plant,18.43,28.6,81.7,209.17
snake_plant,26.42,28.6,81.7,209.17
cactus,14.02,28.6,81.7,209.17
money_plant,18.31,28.6,82.0,245.0
snake_plant,26.2,28.6,82.0,245.0
cactus,14.05,28.6,82.0,245.0
money_plant,18.46,28.6,82.2,273.33
snake_plant,26.38,28.6,82.2,273.33
cactus,14.08,28.6,82.2,273.33
money_plant,17.93,28.6,82.1,296.67
snake_plant,25.35,28.6,82.1,296.67
cactus,14.05,28.6,82.1,296.67
money_plant,17.72,28.7,81.4,313.33
snake_plant,24.95,28.7,81.4,313.33
cactus,14.02,28.7,81.4,313.33
money_plant,17.81,28.6,82.0,328.33
snake_plant,25.07,28.6,82.0,328.33
cactus,13.9,28.6,82.0,328.33
money_plant,17.9,28.7,82.2,343.33
snake_plant,25.85,28.7,82.2,343.33
cactus,13.99,28.7,82.2,343.33
money_plant,18.31,28.7,81.8,348.33
snake_plant,26.01,28.7,81.8,348.33
cactus,14.05,28.7,81.8,348.33
money_plant,17.78,28.7,81.6,332.5
snake_plant,25.67,28.7,81.6,332.5
cactus,14.32,28.7,81.6,332.5
money_plant,18.04,28.7,81.7,318.33
snake_plant,25.98,28.7,81.7,318.33
cactus,14.05,28.7,81.7,318.33
money_plant,15.82,28.7,81.2,337.5
snake_plant,26.07,28.7,81.2,337.5
cactus,13.99,28.7,81.2,337.5
money_plant,17.84,28.7,81.4,374.17
snake_plant,26.1,28.7,81.4,374.17
cactus,14.05,28.7,81.4,374.17
money_plant,17.87,28.6,82.4,406.67
snake_plant,25.51,28.6,82.4,406.67
cactus,13.81,28.6,82.4,406.67
money_plant,20.0,28.6,82.4,439.17
snake_plant,25.98,28.6,82.4,439.17
cactus,13.9,28.6,82.4,439.17
money_plant,17.6,28.7,82.2,459.17
snake_plant,25.79,28.7,82.2,459.17
cactus,13.87,28.7,82.2,459.17
money_plant,17.51,28.9,81.3,477.5
snake_plant,25.51,28.9,81.3,477.5
cactus,13.93,28.9,81.3,477.5
money_plant,18.4,29.0,81.6,499.17
snake_plant,25.73,29.0,81.6,499.17
cactus,13.84,29.0,81.6,499.17
money_plant,17.81,29.0,80.6,528.33
snake_plant,25.29,29.0,80.6,528.33
cactus,14.08,29.0,80.6,528.33
money_plant,17.87,29.1,80.5,561.67
snake_plant,26.1,29.1,80.5,561.67
cactus,14.05,29.1,80.5,561.67
money_plant,17.48,29.2,80.2,590.0
snake_plant,25.38,29.2,80.2,590.0
cactus,14.05,29.2,80.2,590.0
money_plant,18.04,29.2,80.7,595.0
snake_plant,25.82,29.2,80.7,595.0
cactus,13.96,29.2,80.7,595.0
money_plant,18.1,29.1,80.7,565.83
snake_plant,25.67,29.1,80.7,565.83
cactus,13.6,29.1,80.7,565.83
money_plant,17.66,29.1,81.1,517.5
snake_plant,25.95,29.1,81.1,517.5
cactus,14.05,29.1,81.1,517.5
money_plant,17.51,29.1,80.5,468.33
snake_plant,23.35,29.1,80.5,468.33
cactus,13.93,29.1,80.5,468.33
money_plant,18.19,29.2,80.3,414.17
snake_plant,25.57,29.2,80.3,414.17
cactus,13.75,29.2,80.3,414.17
money_plant,17.96,29.2,80.0,370.0
snake_plant,25.51,29.2,80.0,370.0
cactus,13.9,29.2,80.0,370.0
money_plant,18.28,29.3,80.6,354.17
snake_plant,25.63,29.3,80.6,354.17
cactus,13.78,29.3,80.6,354.17
money_plant,17.66,29.4,80.1,351.67
snake_plant,25.54,29.4,80.1,351.67
cactus,14.02,29.4,80.1,351.67
money_plant,17.69,29.4,79.8,345.83
snake_plant,26.01,29.4,79.8,345.83
cactus,13.87,29.4,79.8,345.83
money_plant,17.57,29.3,80.5,340.83
snake_plant,25.45,29.3,80.5,340.83
cactus,14.05,29.3,80.5,340.83
money_plant,17.9,29.2,80.6,329.17
snake_plant,24.98,29.2,80.6,329.17
cactus,14.2,29.2,80.6,329.17
money_plant,17.9,29.2,80.8,311.67
snake_plant,25.6,29.2,80.8,311.67
cactus,14.08,29.2,80.8,311.67
money_plant,17.66,29.1,80.7,303.33
snake_plant,24.79,29.1,80.7,303.33
cactus,14.05,29.1,80.7,303.33
money_plant,17.54,29.0,81.4,301.67
snake_plant,25.79,29.0,81.4,301.67
cactus,13.99,29.0,81.4,301.67
money_plant,17.93,29.0,81.4,315.83
snake_plant,24.91,29.0,81.4,315.83
cactus,14.05,29.0,81.4,315.83
money_plant,17.78,29.0,81.2,349.17
snake_plant,25.32,29.0,81.2,349.17
cactus,13.93,29.0,81.2,349.17
money_plant,17.69,29.0,81.5,377.5
snake_plant,25.51,29.0,81.5,377.5
cactus,13.78,29.0,81.5,377.5
money_plant,17.36,29.0,81.3,395.0
snake_plant,25.51,29.0,81.3,395.0
cactus,14.08,29.0,81.3,395.0
money_plant,17.48,29.1,81.3,392.5
snake_plant,25.51,29.1,81.3,392.5
cactus,13.96,29.1,81.3,392.5
money_plant,17.57,29.1,81.6,369.17
snake_plant,25.35,29.1,81.6,369.17
cactus,14.05,29.1,81.6,369.17
money_plant,17.63,29.1,81.4,341.67
snake_plant,24.88,29.1,81.4,341.67
cactus,13.87,29.1,81.4,341.67
money_plant,17.51,29.2,81.0,335.0
snake_plant,24.95,29.2,81.0,335.0
cactus,14.02,29.2,81.0,335.0
money_plant,17.84,29.3,80.9,344.17
snake_plant,25.51,29.3,80.9,344.17
cactus,14.23,29.3,80.9,344.17
money_plant,17.72,29.4,80.3,354.17
snake_plant,25.2,29.4,80.3,354.17
cactus,13.78,29.4,80.3,354.17
money_plant,17.66,29.5,80.4,363.33
snake_plant,24.54,29.5,80.4,363.33
cactus,13.78,29.5,80.4,363.33
money_plant,17.57,29.6,80.3,375.0
snake_plant,25.16,29.6,80.3,375.0
cactus,13.87,29.6,80.3,375.0
money_plant,17.81,29.5,79.8,379.17
snake_plant,25.07,29.5,79.8,379.17
cactus,13.84,29.5,79.8,379.17
money_plant,18.55,29.6,79.8,385.0
snake_plant,25.2,29.6,79.8,385.0
cactus,14.05,29.6,79.8,385.0
money_plant,17.84,29.6,79.5,416.67
snake_plant,25.29,29.6,79.5,416.67
cactus,13.63,29.6,79.5,416.67
money_plant,17.66,29.5,79.9,444.17
snake_plant,25.32,29.5,79.9,444.17
cactus,13.63,29.5,79.9,444.17
money_plant,17.78,29.4,80.2,463.33
snake_plant,25.51,29.4,80.2,463.33
cactus,13.57,29.4,80.2,463.33
money_plant,17.57,29.4,80.9,465.83
snake_plant,24.35,29.4,80.9,465.83
cactus,13.75,29.4,80.9,465.83
money_plant,17.81,29.4,80.5,484.17
snake_plant,24.82,29.4,80.5,484.17
cactus,13.63,29.4,80.5,484.17
money_plant,17.51,29.5,79.7,522.5
snake_plant,24.32,29.5,79.7,522.5
cactus,13.75,29.5,79.7,522.5
money_plant,17.78,29.7,79.2,555.83
snake_plant,25.2,29.7,79.2,555.83
cactus,13.44,29.7,79.2,555.83
money_plant,17.51,29.8,78.7,583.33
snake_plant,25.51,29.8,78.7,583.33
cactus,13.57,29.8,78.7,583.33
money_plant,17.57,29.9,79.1,620.83
snake_plant,24.69,29.9,79.1,620.83
cactus,13.57,29.9,79.1,620.83
money_plant,17.54,29.8,79.5,635.83
snake_plant,25.32,29.8,79.5,635.83
cactus,13.54,29.8,79.5,635.83
money_plant,17.33,29.8,78.8,646.67
snake_plant,24.79,29.8,78.8,646.67
cactus,13.81,29.8,78.8,646.67
money_plant,17.51,29.7,78.8,668.33
snake_plant,24.51,29.7,78.8,668.33
cactus,13.63,29.7,78.8,668.33
money_plant,17.48,29.8,79.1,671.67
snake_plant,25.41,29.8,79.1,671.67
cactus,13.72,29.8,79.1,671.67
money_plant,17.48,29.9,78.5,658.33
snake_plant,25.1,29.9,78.5,658.33
cactus,13.66,29.9,78.5,658.33
money_plant,17.54,30.1,78.9,655.0
snake_plant,25.01,30.1,78.9,655.0
cactus,13.08,30.1,78.9,655.0
money_plant,17.36,30.0,78.9,683.33
snake_plant,24.54,30.0,78.9,683.33
cactus,13.57,30.0,78.9,683.33
money_plant,11.17,30.1,78.7,709.17
snake_plant,24.85,30.1,78.7,709.17
cactus,13.57,30.1,78.7,709.17
money_plant,17.6,30.2,78.4,710.83
snake_plant,24.19,30.2,78.4,710.83
cactus,13.6,30.2,78.4,710.83
money_plant,17.78,30.1,78.2,722.5
snake_plant,24.66,30.1,78.2,722.5
cactus,13.75,30.1,78.2,722.5
money_plant,17.54,30.2,78.5,727.5
snake_plant,24.91,30.2,78.5,727.5
cactus,13.6,30.2,78.5,727.5
money_plant,17.51,30.2,78.5,705.83
snake_plant,24.66,30.2,78.5,705.83
cactus,13.69,30.2,78.5,705.83
money_plant,17.66,30.2,78.4,695.83
snake_plant,24.85,30.2,78.4,695.83
cactus,13.6,30.2,78.4,695.83
money_plant,17.51,30.2,77.8,660.0
snake_plant,25.38,30.2,77.8,660.0
cactus,13.6,30.2,77.8,660.0
money_plant,17.66,30.1,78.2,651.67
snake_plant,25.04,30.1,78.2,651.67
cactus,13.78,30.1,78.2,651.67
money_plant,17.84,30.0,78.4,667.5
snake_plant,25.1,30.0,78.4,667.5
cactus,13.66,30.0,78.4,667.5
money_plant,17.63,30.0,78.7,715.83
snake_plant,25.29,30.0,78.7,715.83
cactus,13.63,30.0,78.7,715.83
money_plant,17.57,30.1,79.4,741.67
snake_plant,25.51,30.1,79.4,741.67
cactus,13.57,30.1,79.4,741.67
money_plant,17.66,30.1,78.7,737.5
snake_plant,25.13,30.1,78.7,737.5
cactus,13.63,30.1,78.7,737.5
money_plant,17.6,30.1,78.8,709.17
snake_plant,24.73,30.1,78.8,709.17
cactus,13.51,30.1,78.8,709.17
money_plant,17.6,30.1,78.7,686.67
snake_plant,24.73,30.1,78.7,686.67
cactus,13.72,30.1,78.7,686.67
money_plant,17.51,30.2,78.3,670.0
snake_plant,24.01,30.2,78.3,670.0
cactus,13.57,30.2,78.3,670.0
money_plant,17.84,30.2,78.7,671.67
snake_plant,25.04,30.2,78.7,671.67
cactus,13.41,30.2,78.7,671.67
money_plant,17.72,30.1,78.9,709.17
snake_plant,25.29,30.1,78.9,709.17
cactus,13.57,30.1,78.9,709.17
money_plant,17.42,30.2,78.4,740.83
snake_plant,24.98,30.2,78.4,740.83
cactus,13.6,30.2,78.4,740.83
money_plant,17.54,30.3,78.4,775.0
snake_plant,24.85,30.3,78.4,775.0
cactus,13.57,30.3,78.4,775.0
money_plant,17.51,30.4,78.3,916.67
snake_plant,24.95,30.4,78.3,916.67
cactus,13.57,30.4,78.3,916.67
money_plant,17.39,30.5,77.7,1597.5
snake_plant,24.51,30.5,77.7,1597.5
cactus,13.51,30.5,77.7,1597.5
money_plant,17.9,30.6,77.4,1105.83
snake_plant,24.98,30.6,77.4,1105.83
cactus,13.51,30.6,77.4,1105.83
money_plant,17.36,30.7,77.1,1610.83
snake_plant,25.1,30.7,77.1,1610.83
cactus,13.57,30.7,77.1,1610.83
money_plant,18.31,30.9,76.5,1447.5
snake_plant,24.63,30.9,76.5,1447.5
cactus,13.6,30.9,76.5,1447.5
money_plant,17.48,31.3,75.6,1100.0
snake_plant,24.66,31.3,75.6,1100.0
cactus,13.84,31.3,75.6,1100.0
money_plant,17.54,31.3,75.4,768.33
snake_plant,24.63,31.3,75.4,768.33
cactus,13.32,31.3,75.4,768.33
money_plant,17.66,31.3,75.4,719.17
snake_plant,24.85,31.3,75.4,719.17
cactus,13.93,31.3,75.4,719.17
money_plant,17.6,31.3,74.9,652.5
snake_plant,24.51,31.3,74.9,652.5
cactus,13.6,31.3,74.9,652.5
money_plant,17.84,31.2,75.0,652.5
snake_plant,24.63,31.2,75.0,652.5
cactus,13.93,31.2,75.0,652.5
money_plant,17.81,31.1,75.0,648.33
snake_plant,24.66,31.1,75.0,648.33
cactus,13.84,31.1,75.0,648.33
money_plant,17.48,31.1,75.9,635.83
snake_plant,24.04,31.1,75.9,635.83
cactus,13.57,31.1,75.9,635.83
money_plant,17.57,31.1,75.5,621.67
snake_plant,24.07,31.1,75.5,621.67
cactus,13.6,31.1,75.5,621.67
money_plant,17.19,31.1,75.2,618.33
snake_plant,24.29,31.1,75.2,618.33
cactus,13.75,31.1,75.2,618.33
money_plant,17.84,31.1,75.2,615.0
snake_plant,24.85,31.1,75.2,615.0
cactus,14.05,31.1,75.2,615.0
money_plant,18.9,31.1,75.4,650.0
snake_plant,24.35,31.1,75.4,650.0
cactus,13.84,31.1,75.4,650.0
money_plant,17.75,31.1,75.3,948.33
snake_plant,24.51,31.1,75.3,948.33
cactus,13.66,31.1,75.3,948.33
money_plant,17.54,31.4,74.9,1105.83
snake_plant,24.95,31.4,74.9,1105.83
cactus,14.05,31.4,74.9,1105.83
money_plant,17.81,31.6,74.4,1155.83
snake_plant,24.82,31.6,74.4,1155.83
cactus,13.87,31.6,74.4,1155.83
money_plant,17.51,31.7,73.8,1260.83
snake_plant,25.54,31.7,73.8,1260.83
cactus,13.93,31.7,73.8,1260.83
money_plant,17.45,31.9,73.3,1175.83
snake_plant,24.51,31.9,73.3,1175.83
cactus,13.99,31.9,73.3,1175.83
money_plant,17.51,32.0,72.8,1314.17
snake_plant,24.82,32.0,72.8,1314.17
cactus,13.9,32.0,72.8,1314.17
money_plant,17.48,32.0,72.5,1287.5
snake_plant,24.66,32.0,72.5,1287.5
cactus,13.57,32.0,72.5,1287.5
money_plant,17.57,32.1,71.7,1181.67
snake_plant,24.19,32.1,71.7,1181.67
cactus,13.87,32.1,71.7,1181.67
money_plant,17.69,32.1,71.2,1063.33
snake_plant,24.29,32.1,71.2,1063.33
cactus,13.78,32.1,71.2,1063.33
money_plant,13.75,32.0,72.1,1113.33
snake_plant,24.6,32.0,72.1,1113.33
cactus,14.05,32.0,72.1,1113.33
money_plant,17.66,32.0,70.8,1220.0
snake_plant,25.13,32.0,70.8,1220.0
cactus,14.11,32.0,70.8,1220.0
money_plant,17.63,32.0,72.0,1121.67
snake_plant,24.66,32.0,72.0,1121.67
cactus,13.96,32.0,72.0,1121.67
money_plant,17.6,31.9,71.7,1000.83
snake_plant,24.51,31.9,71.7,1000.83
cactus,14.05,31.9,71.7,1000.83
money_plant,17.66,31.8,71.9,930.0
snake_plant,25.07,31.8,71.9,930.0
cactus,13.87,31.8,71.9,930.0
money_plant,18.1,31.7,72.0,909.17
snake_plant,24.41,31.7,72.0,909.17
cactus,14.08,31.7,72.0,909.17
money_plant,18.1,31.7,72.7,829.17
snake_plant,25.07,31.7,72.7,829.17
cactus,14.05,31.7,72.7,829.17
money_plant,17.93,31.6,72.4,805.0
snake_plant,24.82,31.6,72.4,805.0
cactus,14.08,31.6,72.4,805.0
money_plant,17.51,31.6,72.4,813.33
snake_plant,26.01,31.6,72.4,813.33
cactus,14.05,31.6,72.4,813.33
money_plant,17.66,31.6,72.5,831.67
snake_plant,24.48,31.6,72.5,831.67
cactus,14.08,31.6,72.5,831.67
money_plant,17.69,31.6,73.1,873.33
snake_plant,24.66,31.6,73.1,873.33
cactus,14.17,31.6,73.1,873.33
money_plant,18.01,31.6,72.8,886.67
snake_plant,24.29,31.6,72.8,886.67
cactus,14.05,31.6,72.8,886.67
money_plant,17.96,31.6,72.8,895.83
snake_plant,24.85,31.6,72.8,895.83
cactus,14.05,31.6,72.8,895.83
money_plant,17.51,31.6,72.0,870.0
snake_plant,23.91,31.6,72.0,870.0
cactus,13.99,31.6,72.0,870.0
money_plant,17.78,31.5,72.4,825.0
snake_plant,24.29,31.5,72.4,825.0
cactus,13.96,31.5,72.4,825.0
money_plant,18.07,31.6,72.5,798.33
snake_plant,24.98,31.6,72.5,798.33
cactus,14.05,31.6,72.5,798.33
money_plant,18.16,31.7,72.2,785.0
snake_plant,25.1,31.7,72.2,785.0
cactus,14.26,31.7,72.2,785.0
money_plant,18.07,31.8,72.2,776.67
snake_plant,24.98,31.8,72.2,776.67
cactus,13.96,31.8,72.2,776.67
money_plant,17.81,31.9,71.8,761.67
snake_plant,24.16,31.9,71.8,761.67
cactus,14.05,31.9,71.8,761.67
money_plant,17.57,31.9,71.3,755.83
snake_plant,24.51,31.9,71.3,755.83
cactus,14.08,31.9,71.3,755.83
money_plant,17.93,31.9,71.7,744.17
snake_plant,24.07,31.9,71.7,744.17
cactus,13.84,31.9,71.7,744.17
money_plant,18.1,31.9,71.0,728.33
snake_plant,24.69,31.9,71.0,728.33
cactus,14.08,31.9,71.0,728.33
money_plant,17.9,31.8,70.3,726.67
snake_plant,23.72,31.8,70.3,726.67
cactus,14.32,31.8,70.3,726.67
money_plant,18.01,31.7,71.1,735.83
snake_plant,24.38,31.7,71.1,735.83
cactus,14.14,31.7,71.1,735.83
money_plant,18.07,31.7,71.7,755.0
snake_plant,24.29,31.7,71.7,755.0
cactus,14.05,31.7,71.7,755.0
money_plant,17.93,31.8,71.6,770.0
snake_plant,24.69,31.8,71.6,770.0
cactus,13.96,31.8,71.6,770.0
money_plant,17.72,31.9,71.6,760.83
snake_plant,24.32,31.9,71.6,760.83
cactus,13.96,31.9,71.6,760.83
money_plant,17.51,31.9,71.3,757.5
snake_plant,24.6,31.9,71.3,757.5
cactus,13.72,31.9,71.3,757.5
money_plant,17.66,32.0,71.3,747.5
snake_plant,24.04,32.0,71.3,747.5
cactus,13.96,32.0,71.3,747.5
money_plant,17.54,32.1,71.0,752.5
snake_plant,23.79,32.1,71.0,752.5
cactus,13.87,32.1,71.0,752.5
money_plant,18.01,32.1,70.8,752.5
snake_plant,24.57,32.1,70.8,752.5
cactus,13.99,32.1,70.8,752.5
money_plant,18.01,32.2,70.8,750.0
snake_plant,24.85,32.2,70.8,750.0
cactus,13.78,32.2,70.8,750.0
money_plant,18.25,32.2,70.8,740.83
snake_plant,24.54,32.2,70.8,740.83
cactus,14.02,32.2,70.8,740.83
money_plant,18.07,32.2,70.6,725.83
snake_plant,24.41,32.2,70.6,725.83
cactus,14.02,32.2,70.6,725.83
money_plant,17.96,32.2,70.6,712.5
snake_plant,24.04,32.2,70.6,712.5
cactus,13.78,32.2,70.6,712.5
money_plant,18.07,32.3,70.6,725.83
snake_plant,24.79,32.3,70.6,725.83
cactus,13.9,32.3,70.6,725.83
money_plant,17.93,32.3,70.4,733.33
snake_plant,23.69,32.3,70.4,733.33
cactus,13.72,32.3,70.4,733.33
money_plant,17.66,32.3,70.4,713.33
snake_plant,24.85,32.3,70.4,713.33
cactus,14.02,32.3,70.4,713.33
money_plant,18.13,32.3,70.3,724.17
snake_plant,25.04,32.3,70.3,724.17
cactus,13.99,32.3,70.3,724.17
money_plant,17.81,32.3,70.4,695.83
snake_plant,24.66,32.3,70.4,695.83
cactus,13.87,32.3,70.4,695.83
money_plant,17.9,32.4,70.5,649.17
snake_plant,24.48,32.4,70.5,649.17
cactus,13.84,32.4,70.5,649.17
money_plant,17.6,32.4,70.4,625.0
snake_plant,24.54,32.4,70.4,625.0
cactus,13.69,32.4,70.4,625.0
money_plant,17.54,32.4,70.4,600.83
snake_plant,24.57,32.4,70.4,600.83
cactus,13.78,32.4,70.4,600.83
money_plant,17.78,32.4,70.1,605.83
snake_plant,24.01,32.4,70.1,605.83
cactus,12.02,32.4,70.1,605.83
money_plant,17.84,32.4,70.1,625.0
snake_plant,25.01,32.4,70.1,625.0
cactus,14.02,32.4,70.1,625.0
money_plant,17.75,32.5,70.0,649.17
snake_plant,24.69,32.5,70.0,649.17
cactus,13.84,32.5,70.0,649.17
money_plant,18.04,32.5,70.0,671.67
snake_plant,24.35,32.5,70.0,671.67
cactus,13.75,32.5,70.0,671.67
money_plant,17.69,32.5,69.9,624.17
snake_plant,24.38,32.5,69.9,624.17
cactus,13.66,32.5,69.9,624.17
money_plant,18.25,32.5,69.9,605.0
snake_plant,24.69,32.5,69.9,605.0
cactus,13.84,32.5,69.9,605.0
money_plant,17.78,32.6,69.8,679.17
snake_plant,24.79,32.6,69.8,679.17
cactus,13.66,32.6,69.8,679.17
money_plant,18.04,32.6,69.6,649.17
snake_plant,24.19,32.6,69.6,649.17
cactus,13.57,32.6,69.6,649.17
money_plant,18.25,32.6,69.7,602.5
snake_plant,24.04,32.6,69.7,602.5
cactus,13.66,32.6,69.7,602.5
money_plant,17.87,32.6,69.7,587.5
snake_plant,19.91,32.6,69.7,587.5
cactus,13.84,32.6,69.7,587.5
money_plant,18.34,32.6,69.7,612.5
snake_plant,24.41,32.6,69.7,612.5
cactus,13.87,32.6,69.7,612.5
money_plant,16.83,32.5,69.9,665.83
snake_plant,24.1,32.5,69.9,665.83
cactus,13.93,32.5,69.9,665.83
money_plant,18.07,32.6,69.7,754.17
snake_plant,24.29,32.6,69.7,754.17
cactus,14.02,32.6,69.7,754.17
money_plant,18.01,32.6,69.5,825.0
snake_plant,25.26,32.6,69.5,825.0
cactus,13.9,32.6,69.5,825.0
money_plant,18.37,32.6,69.5,732.5
snake_plant,24.54,32.6,69.5,732.5
cactus,14.14,32.6,69.5,732.5
money_plant,17.96,32.6,69.6,806.67
snake_plant,24.79,32.6,69.6,806.67
cactus,13.93,32.6,69.6,806.67
money_plant,18.13,32.6,69.7,873.33
snake_plant,24.79,32.6,69.7,873.33
cactus,13.87,32.6,69.7,873.33
money_plant,18.01,32.7,69.5,865.83
snake_plant,25.51,32.7,69.5,865.83
cactus,13.72,32.7,69.5,865.83
money_plant,17.96,32.7,69.5,840.0
snake_plant,24.76,32.7,69.5,840.0
cactus,13.51,32.7,69.5,840.0
money_plant,17.78,32.7,69.6,652.5
snake_plant,24.19,32.7,69.6,652.5
cactus,13.72,32.7,69.6,652.5
money_plant,18.01,32.6,69.6,380.0
snake_plant,24.63,32.6,69.6,380.0
cactus,13.72,32.6,69.6,380.0
money_plant,18.04,32.6,69.7,283.33
snake_plant,24.73,32.6,69.7,283.33
cactus,13.78,32.6,69.7,283.33
money_plant,18.1,32.6,69.8,287.5
snake_plant,24.01,32.6,69.8,287.5
cactus,13.63,32.6,69.8,287.5
money_plant,17.96,32.6,69.8,234.17
snake_plant,25.01,32.6,69.8,234.17
cactus,13.9,32.6,69.8,234.17
money_plant,17.51,32.5,69.9,264.17
snake_plant,24.54,32.5,69.9,264.17
cactus,13.9,32.5,69.9,264.17
money_plant,18.58,32.5,69.9,305.83
snake_plant,24.69,32.5,69.9,305.83
cactus,13.87,32.5,69.9,305.83
money_plant,17.93,32.4,69.9,440.0
snake_plant,23.79,32.4,69.9,440.0
cactus,13.75,32.4,69.9,440.0
money_plant,17.9,32.4,70.0,547.5
snake_plant,24.51,32.4,70.0,547.5
cactus,13.6,32.4,70.0,547.5
money_plant,18.01,32.4,67.9,547.5
snake_plant,24.51,32.4,67.9,547.5
cactus,13.32,32.4,67.9,547.5
money_plant,17.9,32.3,69.3,587.5
snake_plant,23.85,32.3,69.3,587.5
cactus,13.41,32.3,69.3,587.5
money_plant,18.13,32.3,70.1,615.83
snake_plant,24.44,32.3,70.1,615.83
cactus,14.08,32.3,70.1,615.83
money_plant,18.16,32.4,70.2,554.17
snake_plant,24.04,32.4,70.2,554.17
cactus,13.54,32.4,70.2,554.17
money_plant,18.04,32.3,69.8,455.83
snake_plant,24.16,32.3,69.8,455.83
cactus,13.63,32.3,69.8,455.83
money_plant,18.34,32.4,69.8,395.83
snake_plant,24.32,32.4,69.8,395.83
cactus,13.72,32.4,69.8,395.83
money_plant,18.16,32.3,69.3,363.33
snake_plant,24.79,32.3,69.3,363.33
cactus,13.6,32.3,69.3,363.33
money_plant,17.96,32.4,69.7,331.67
snake_plant,24.48,32.4,69.7,331.67
cactus,13.69,32.4,69.7,331.67
money_plant,17.69,32.3,69.1,298.33
snake_plant,24.23,32.3,69.1,298.33
cactus,13.51,32.3,69.1,298.33
money_plant,18.19,32.3,68.6,278.33
snake_plant,24.19,32.3,68.6,278.33
cactus,13.47,32.3,68.6,278.33
money_plant,18.04,32.3,69.4,258.33
snake_plant,23.32,32.3,69.4,258.33
cactus,13.38,32.3,69.4,258.33
money_plant,18.31,32.2,69.8,234.17
snake_plant,24.07,32.2,69.8,234.17
cactus,13.78,32.2,69.8,234.17
money_plant,18.31,32.2,69.8,220.83
snake_plant,23.91,32.2,69.8,220.83
cactus,13.41,32.2,69.8,220.83
money_plant,18.13,32.2,69.6,192.5
snake_plant,24.51,32.2,69.6,192.5
cactus,13.63,32.2,69.6,192.5
money_plant,18.19,32.2,70.2,172.5
snake_plant,24.01,32.2,70.2,172.5
cactus,13.57,32.2,70.2,172.5
money_plant,16.12,32.2,70.1,166.67
snake_plant,23.51,32.2,70.1,166.67
cactus,13.78,32.2,70.1,166.67
money_plant,18.01,32.2,70.1,167.5
snake_plant,23.85,32.2,70.1,167.5
cactus,13.47,32.2,70.1,167.5
money_plant,18.46,32.3,70.1,178.33
snake_plant,29.58,32.3,70.1,178.33
cactus,13.51,32.3,70.1,178.33
money_plant,17.19,32.3,70.0,208.33
snake_plant,24.07,32.3,70.0,208.33
cactus,13.51,32.3,70.0,208.33
money_plant,18.01,32.2,69.7,262.5
snake_plant,24.35,32.2,69.7,262.5
cactus,13.51,32.2,69.7,262.5
money_plant,18.13,32.2,69.9,317.5
snake_plant,24.23,32.2,69.9,317.5
cactus,13.47,32.2,69.9,317.5
money_plant,17.9,32.3,69.8,341.67
snake_plant,24.35,32.3,69.8,341.67
cactus,13.6,32.3,69.8,341.67
money_plant,18.01,32.3,69.9,382.5
snake_plant,23.76,32.3,69.9,382.5
cactus,13.54,32.3,69.9,382.5
money_plant,18.01,32.2,69.7,423.33
snake_plant,24.19,32.2,69.7,423.33
cactus,13.57,32.2,69.7,423.33
money_plant,17.96,32.3,69.7,446.67
snake_plant,23.51,32.3,69.7,446.67
cactus,13.41,32.3,69.7,446.67
money_plant,18.04,32.3,69.7,505.83
snake_plant,24.07,32.3,69.7,505.83
cactus,13.44,32.3,69.7,505.83
money_plant,17.9,32.3,69.7,487.5
snake_plant,23.69,32.3,69.7,487.5
cactus,13.23,32.3,69.7,487.5
money_plant,18.01,32.4,69.4,428.33
snake_plant,23.91,32.4,69.4,428.33
cactus,13.38,32.4,69.4,428.33
money_plant,18.07,32.4,69.4,458.33
snake_plant,24.29,32.4,69.4,458.33
cactus,13.23,32.4,69.4,458.33
money_plant,17.99,32.4,69.1,467.5
snake_plant,24.1,32.4,69.1,467.5
cactus,13.54,32.4,69.1,467.5
money_plant,17.99,32.5,69.4,505.0
snake_plant,23.22,32.5,69.4,505.0
cactus,13.29,32.5,69.4,505.0
money_plant,18.1,32.4,69.4,543.33
snake_plant,23.47,32.4,69.4,543.33
cactus,13.38,32.4,69.4,543.33
money_plant,17.6,32.4,69.6,540.83
snake_plant,23.1,32.4,69.6,540.83
cactus,13.54,32.4,69.6,540.83
money_plant,18.55,32.5,69.7,545.0
snake_plant,23.82,32.5,69.7,545.0
cactus,13.47,32.5,69.7,545.0
money_plant,18.28,32.4,69.8,574.17
snake_plant,23.19,32.4,69.8,574.17
cactus,13.6,32.4,69.8,574.17
money_plant,18.01,32.4,69.5,589.17
snake_plant,23.97,32.4,69.5,589.17
cactus,13.35,32.4,69.5,589.17
money_plant,18.13,32.5,69.7,600.83
snake_plant,21.63,32.5,69.7,600.83
cactus,13.6,32.5,69.7,600.83
money_plant,18.13,32.5,69.7,632.5
snake_plant,24.04,32.5,69.7,632.5
cactus,13.29,32.5,69.7,632.5
money_plant,18.07,32.5,69.5,612.5
snake_plant,23.1,32.5,69.5,612.5
cactus,13.44,32.5,69.5,612.5
money_plant,17.99,32.6,69.7,613.33
snake_plant,24.04,32.6,69.7,613.33
cactus,13.35,32.6,69.7,613.33
money_plant,18.34,32.6,69.7,615.0
snake_plant,23.85,32.6,69.7,615.0
cactus,13.29,32.6,69.7,615.0
money_plant,17.99,32.7,69.4,595.0
snake_plant,24.1,32.7,69.4,595.0
cactus,13.14,32.7,69.4,595.0
money_plant,17.72,32.7,69.4,620.0
snake_plant,24.04,32.7,69.4,620.0
cactus,12.87,32.7,69.4,620.0
money_plant,18.01,32.7,69.1,600.83
snake_plant,24.16,32.7,69.1,600.83
cactus,13.35,32.7,69.1,600.83
money_plant,17.99,32.7,68.9,606.67
snake_plant,23.51,32.7,68.9,606.67
cactus,13.38,32.7,68.9,606.67
money_plant,17.54,32.8,69.6,622.5
snake_plant,23.6,32.8,69.6,622.5
cactus,13.29,32.8,69.6,622.5
money_plant,17.78,32.8,69.2,617.5
snake_plant,23.44,32.8,69.2,617.5
cactus,13.08,32.8,69.2,617.5
money_plant,17.6,32.9,67.7,625.83
snake_plant,23.13,32.9,67.7,625.83
cactus,13.35,32.9,67.7,625.83
money_plant,17.69,33.0,68.6,690.83
snake_plant,24.13,33.0,68.6,690.83
cactus,13.17,33.0,68.6,690.83
money_plant,17.96,33.0,68.9,727.5
snake_plant,23.32,33.0,68.9,727.5
cactus,13.23,33.0,68.9,727.5
money_plant,17.96,33.0,68.9,705.0
snake_plant,23.29,33.0,68.9,705.0
cactus,13.29,33.0,68.9,705.0
money_plant,18.34,33.1,68.7,730.0
snake_plant,23.51,33.1,68.7,730.0
cactus,13.08,33.1,68.7,730.0
money_plant,17.84,33.1,68.4,783.33
snake_plant,23.6,33.1,68.4,783.33
cactus,13.14,33.1,68.4,783.33
money_plant,18.1,33.1,68.3,795.0
snake_plant,23.63,33.1,68.3,795.0
cactus,13.26,33.1,68.3,795.0
money_plant,18.16,33.2,67.6,771.67
snake_plant,23.63,33.2,67.6,771.67
cactus,13.11,33.2,67.6,771.67
money_plant,17.96,33.2,67.9,755.0
snake_plant,23.16,33.2,67.9,755.0
cactus,13.35,33.2,67.9,755.0
money_plant,18.1,33.2,67.2,668.33
snake_plant,23.35,33.2,67.2,668.33
cactus,11.32,33.2,67.2,668.33
money_plant,17.81,33.0,67.8,605.0
snake_plant,23.88,33.0,67.8,605.0
cactus,13.2,33.0,67.8,605.0
money_plant,17.81,33.0,67.8,602.5
snake_plant,23.54,33.0,67.8,602.5
cactus,13.08,33.0,67.8,602.5
money_plant,18.25,33.0,67.9,605.83
snake_plant,23.07,33.0,67.9,605.83
cactus,13.14,33.0,67.9,605.83
money_plant,18.04,32.9,68.1,598.33
snake_plant,23.35,32.9,68.1,598.33
cactus,12.99,32.9,68.1,598.33
money_plant,18.07,33.0,68.2,576.67
snake_plant,23.94,33.0,68.2,576.67
cactus,13.17,33.0,68.2,576.67
money_plant,17.96,33.2,67.3,590.0
snake_plant,23.51,33.2,67.3,590.0
cactus,13.14,33.2,67.3,590.0
money_plant,16.83,33.1,67.4,475.0
snake_plant,23.72,33.1,67.4,475.0
cactus,13.2,33.1,67.4,475.0
money_plant,17.99,33.0,67.6,457.5
snake_plant,23.66,33.0,67.6,457.5
cactus,13.02,33.0,67.6,457.5
money_plant,18.16,32.9,68.0,505.0
snake_plant,23.16,32.9,68.0,505.0
cactus,13.2,32.9,68.0,505.0
money_plant,18.04,32.9,68.0,647.5
snake_plant,23.79,32.9,68.0,647.5
cactus,13.05,32.9,68.0,647.5
money_plant,18.25,32.9,68.2,620.0
snake_plant,23.51,32.9,68.2,620.0
cactus,13.08,32.9,68.2,620.0
money_plant,18.07,32.9,67.8,435.83
snake_plant,23.85,32.9,67.8,435.83
cactus,13.11,32.9,67.8,435.83
money_plant,17.54,32.8,68.2,442.5
snake_plant,23.19,32.8,68.2,442.5
cactus,13.14,32.8,68.2,442.5
money_plant,17.81,32.8,68.4,390.83
snake_plant,22.82,32.8,68.4,390.83
cactus,13.11,32.8,68.4,390.83
money_plant,18.46,32.8,68.5,358.33
snake_plant,23.66,32.8,68.5,358.33
cactus,13.08,32.8,68.5,358.33
money_plant,18.01,32.7,68.2,327.5
snake_plant,23.07,32.7,68.2,327.5
cactus,13.2,32.7,68.2,327.5
money_plant,18.07,32.6,68.1,312.5
snake_plant,23.0,32.6,68.1,312.5
cactus,13.08,32.6,68.1,312.5
money_plant,18.25,32.6,68.0,329.17
snake_plant,23.76,32.6,68.0,329.17
cactus,13.08,32.6,68.0,329.17
money_plant,17.99,32.6,68.3,326.67
snake_plant,23.51,32.6,68.3,326.67
cactus,12.99,32.6,68.3,326.67
money_plant,18.13,32.6,68.4,316.67
snake_plant,23.6,32.6,68.4,316.67
cactus,12.66,32.6,68.4,316.67
money_plant,18.16,32.6,68.2,316.67
snake_plant,23.54,32.6,68.2,316.67
cactus,13.08,32.6,68.2,316.67
money_plant,18.04,32.6,68.0,333.33
snake_plant,23.32,32.6,68.0,333.33
cactus,12.93,32.6,68.0,333.33
money_plant,17.81,32.6,68.2,337.5
snake_plant,22.85,32.6,68.2,337.5
cactus,13.08,32.6,68.2,337.5
money_plant,18.01,32.6,68.4,340.83
snake_plant,23.85,32.6,68.4,340.83
cactus,12.99,32.6,68.4,340.83
money_plant,17.99,32.6,68.3,369.17
snake_plant,23.35,32.6,68.3,369.17
cactus,13.14,32.6,68.3,369.17
money_plant,17.96,32.6,68.1,406.67
snake_plant,23.41,32.6,68.1,406.67
cactus,13.02,32.6,68.1,406.67
money_plant,18.58,32.6,67.9,442.5
snake_plant,22.82,32.6,67.9,442.5
cactus,12.93,32.6,67.9,442.5
money_plant,17.81,32.5,67.8,518.33
snake_plant,22.54,32.5,67.8,518.33
cactus,13.08,32.5,67.8,518.33
money_plant,17.99,32.7,67.6,614.17
snake_plant,22.66,32.7,67.6,614.17
cactus,12.69,32.7,67.6,614.17
money_plant,17.99,32.7,67.5,595.0
snake_plant,23.69,32.7,67.5,595.0
cactus,13.08,32.7,67.5,595.0
money_plant,17.96,32.9,67.7,501.67
snake_plant,23.35,32.9,67.7,501.67
cactus,13.08,32.9,67.7,501.67
money_plant,18.13,32.9,67.3,369.17
snake_plant,22.94,32.9,67.3,369.17
cactus,12.75,32.9,67.3,369.17
money_plant,18.64,32.9,67.1,353.33
snake_plant,22.94,32.9,67.1,353.33
cactus,12.99,32.9,67.1,353.33
money_plant,17.81,32.9,67.5,315.0
snake_plant,23.07,32.9,67.5,315.0
cactus,13.02,32.9,67.5,315.0
money_plant,18.04,32.9,67.6,318.33
snake_plant,23.82,32.9,67.6,318.33
cactus,12.9,32.9,67.6,318.33
money_plant,18.49,32.9,66.4,419.17
snake_plant,22.5,32.9,66.4,419.17
cactus,13.08,32.9,66.4,419.17
money_plant,18.76,33.0,66.7,411.67
snake_plant,22.32,33.0,66.7,411.67
cactus,12.72,33.0,66.7,411.67
money_plant,18.25,33.1,66.6,397.5
snake_plant,23.19,33.1,66.6,397.5
cactus,12.99,33.1,66.6,397.5
money_plant,17.78,33.1,66.6,391.67
snake_plant,22.94,33.1,66.6,391.67
cactus,12.69,33.1,66.6,391.67
money_plant,18.07,33.2,66.6,405.0
snake_plant,23.16,33.2,66.6,405.0
cactus,12.47,33.2,66.6,405.0
money_plant,18.46,33.2,66.7,399.17
snake_plant,22.5,33.2,66.7,399.17
cactus,12.53,33.2,66.7,399.17
money_plant,19.14,33.2,66.5,489.17
snake_plant,23.54,33.2,66.5,489.17
cactus,12.93,33.2,66.5,489.17
money_plant,14.16,33.3,66.7,546.67
snake_plant,23.22,33.3,66.7,546.67
cactus,12.53,33.3,66.7,546.67
money_plant,17.84,33.3,66.6,401.67
snake_plant,23.51,33.3,66.6,401.67
cactus,12.93,33.3,66.6,401.67
money_plant,18.31,33.2,66.7,399.17
snake_plant,23.51,33.2,66.7,399.17
cactus,13.05,33.2,66.7,399.17
money_plant,18.28,33.2,66.8,368.33
snake_plant,23.16,33.2,66.8,368.33
cactus,12.78,33.2,66.8,368.33
money_plant,18.25,33.2,66.6,384.17
snake_plant,23.41,33.2,66.6,384.17
cactus,12.75,33.2,66.6,384.17
money_plant,18.4,33.3,66.6,370.83
snake_plant,23.54,33.3,66.6,370.83
cactus,12.75,33.3,66.6,370.83
money_plant,17.24,33.3,66.6,294.17
snake_plant,22.94,33.3,66.6,294.17
cactus,12.87,33.3,66.6,294.17
money_plant,18.4,33.3,66.7,300.0
snake_plant,23.85,33.3,66.7,300.0
cactus,12.9,33.3,66.7,300.0
money_plant,19.02,33.2,66.4,333.33
snake_plant,23.29,33.2,66.4,333.33
cactus,12.63,33.2,66.4,333.33
money_plant,18.25,33.2,66.3,295.0
snake_plant,23.1,33.2,66.3,295.0
cactus,12.63,33.2,66.3,295.0
money_plant,18.37,33.2,66.5,286.67
snake_plant,22.16,33.2,66.5,286.67
cactus,12.78,33.2,66.5,286.67
money_plant,18.16,33.2,66.4,312.5
snake_plant,23.44,33.2,66.4,312.5
cactus,12.56,33.2,66.4,312.5
money_plant,18.13,33.2,66.5,325.0
snake_plant,23.29,33.2,66.5,325.0
cactus,12.69,33.2,66.5,325.0
money_plant,18.04,33.1,66.8,343.33
snake_plant,22.97,33.1,66.8,343.33
cactus,12.63,33.1,66.8,343.33
money_plant,18.07,33.0,66.7,359.17
snake_plant,22.91,33.0,66.7,359.17
cactus,12.69,33.0,66.7,359.17
money_plant,17.69,33.0,66.8,405.83
snake_plant,23.29,33.0,66.8,405.83
cactus,12.56,33.0,66.8,405.83
money_plant,17.87,33.0,66.6,428.33
snake_plant,22.35,33.0,66.6,428.33
cactus,12.69,33.0,66.6,428.33
money_plant,18.34,33.0,66.7,469.17
snake_plant,17.28,33.0,66.7,469.17
cactus,12.69,33.0,66.7,469.17
money_plant,18.37,33.0,67.0,483.33
snake_plant,22.32,33.0,67.0,483.33
cactus,12.56,33.0,67.0,483.33
money_plant,18.37,32.9,67.2,465.83
snake_plant,23.44,32.9,67.2,465.83
cactus,12.69,32.9,67.2,465.83
money_plant,18.01,33.0,67.1,521.67
snake_plant,23.16,33.0,67.1,521.67
cactus,12.53,33.0,67.1,521.67
money_plant,18.31,33.0,66.6,538.33
snake_plant,22.82,33.0,66.6,538.33
cactus,12.72,33.0,66.6,538.33
money_plant,18.31,33.1,66.7,498.33
snake_plant,22.82,33.1,66.7,498.33
cactus,12.66,33.1,66.7,498.33
money_plant,17.63,33.2,66.4,492.5
snake_plant,23.44,33.2,66.4,492.5
cactus,12.56,33.2,66.4,492.5
money_plant,18.13,33.2,66.0,515.0
snake_plant,23.04,33.2,66.0,515.0
cactus,12.29,33.2,66.0,515.0
money_plant,18.31,33.4,65.8,505.83
snake_plant,23.51,33.4,65.8,505.83
cactus,12.69,33.4,65.8,505.83
money_plant,18.25,33.4,65.8,559.17
snake_plant,22.35,33.4,65.8,559.17
cactus,12.63,33.4,65.8,559.17
money_plant,18.25,33.5,65.5,560.83
snake_plant,23.16,33.5,65.5,560.83
cactus,12.32,33.5,65.5,560.83
money_plant,18.31,33.5,65.4,502.5
snake_plant,23.0,33.5,65.4,502.5
cactus,12.38,33.5,65.4,502.5
money_plant,18.31,33.6,65.5,505.0
snake_plant,22.97,33.6,65.5,505.0
cactus,12.63,33.6,65.5,505.0
money_plant,15.88,33.6,65.6,478.33
snake_plant,23.04,33.6,65.6,478.33
cactus,12.29,33.6,65.6,478.33
money_plant,18.04,33.6,64.7,439.17
snake_plant,22.13,33.6,64.7,439.17
cactus,12.59,33.6,64.7,439.17
money_plant,18.13,33.6,65.0,414.17
snake_plant,21.91,33.6,65.0,414.17
cactus,12.5,33.6,65.0,414.17
money_plant,18.25,33.6,65.1,395.83
snake_plant,23.1,33.6,65.1,395.83
cactus,12.5,33.6,65.1,395.83
money_plant,18.46,33.7,64.0,366.67
snake_plant,22.94,33.7,64.0,366.67
cactus,12.87,33.7,64.0,366.67
money_plant,17.96,33.7,64.2,385.0
snake_plant,22.94,33.7,64.2,385.0
cactus,12.5,33.7,64.2,385.0
money_plant,18.07,33.7,64.7,450.0
snake_plant,23.0,33.7,64.7,450.0
cactus,12.29,33.7,64.7,450.0
money_plant,19.02,33.7,64.5,493.33
snake_plant,22.5,33.7,64.5,493.33
cactus,12.11,33.7,64.5,493.33
money_plant,18.04,33.8,64.3,481.67
snake_plant,22.5,33.8,64.3,481.67
cactus,12.53,33.8,64.3,481.67
money_plant,17.6,33.8,63.7,448.33
snake_plant,22.5,33.8,63.7,448.33
cactus,12.2,33.8,63.7,448.33
money_plant,18.4,33.9,63.7,403.33
snake_plant,23.0,33.9,63.7,403.33
cactus,12.29,33.9,63.7,403.33
money_plant,18.01,34.0,63.7,404.17
snake_plant,22.66,34.0,63.7,404.17
cactus,12.38,34.0,63.7,404.17
money_plant,18.28,34.0,63.7,332.5
snake_plant,22.91,34.0,63.7,332.5
cactus,12.44,34.0,63.7,332.5
money_plant,18.46,33.9,64.1,375.0
snake_plant,22.94,33.9,64.1,375.0
cactus,12.63,33.9,64.1,375.0
money_plant,17.93,33.8,64.2,404.17
snake_plant,22.03,33.8,64.2,404.17
cactus,12.29,33.8,64.2,404.17
money_plant,18.16,33.7,64.7,402.5
snake_plant,22.03,33.7,64.7,402.5
cactus,12.38,33.7,64.7,402.5
money_plant,18.25,33.6,64.8,346.67
snake_plant,22.07,33.6,64.8,346.67
cactus,12.5,33.6,64.8,346.67
money_plant,18.4,33.6,64.8,310.83
snake_plant,22.66,33.6,64.8,310.83
cactus,12.14,33.6,64.8,310.83
money_plant,18.04,33.6,64.3,314.17
snake_plant,22.44,33.6,64.3,314.17
cactus,12.26,33.6,64.3,314.17
money_plant,18.52,33.6,64.7,325.83
snake_plant,22.0,33.6,64.7,325.83
cactus,12.29,33.6,64.7,325.83
money_plant,18.25,33.5,64.6,345.83
snake_plant,22.5,33.5,64.6,345.83
cactus,12.17,33.5,64.6,345.83
money_plant,18.46,33.5,65.1,385.83
snake_plant,22.44,33.5,65.1,385.83
cactus,12.38,33.5,65.1,385.83
money_plant,17.87,33.5,65.2,399.17
snake_plant,22.69,33.5,65.2,399.17
cactus,12.2,33.5,65.2,399.17
money_plant,17.93,33.5,65.0,440.0
snake_plant,22.16,33.5,65.0,440.0
cactus,12.14,33.5,65.0,440.0
money_plant,18.13,33.6,65.0,409.17
snake_plant,22.28,33.6,65.0,409.17
cactus,12.11,33.6,65.0,409.17
money_plant,18.13,33.6,64.9,410.0
snake_plant,21.78,33.6,64.9,410.0
cactus,12.26,33.6,64.9,410.0
money_plant,18.34,33.6,65.0,406.67
snake_plant,21.53,33.6,65.0,406.67
cactus,12.11,33.6,65.0,406.67
money_plant,18.52,33.6,65.1,401.67
snake_plant,22.28,33.6,65.1,401.67
cactus,12.38,33.6,65.1,401.67
money_plant,18.73,33.6,65.3,416.67
snake_plant,21.5,33.6,65.3,416.67
cactus,11.96,33.6,65.3,416.67
money_plant,18.04,33.6,65.2,465.0
snake_plant,21.41,33.6,65.2,465.0
cactus,12.2,33.6,65.2,465.0
money_plant,18.37,33.6,65.2,448.33
snake_plant,22.13,33.6,65.2,448.33
cactus,11.9,33.6,65.2,448.33
money_plant,18.28,33.8,65.0,503.33
snake_plant,21.47,33.8,65.0,503.33
cactus,12.32,33.8,65.0,503.33
money_plant,18.61,33.9,65.1,475.0
snake_plant,22.25,33.9,65.1,475.0
cactus,12.23,33.9,65.1,475.0
money_plant,17.9,33.9,65.0,463.33
snake_plant,22.28,33.9,65.0,463.33
cactus,12.17,33.9,65.0,463.33
money_plant,18.31,33.9,65.2,441.67
snake_plant,22.16,33.9,65.2,441.67
cactus,12.11,33.9,65.2,441.67
money_plant,14.46,33.9,65.1,427.5
snake_plant,22.6,33.9,65.1,427.5
cactus,12.02,33.9,65.1,427.5
money_plant,18.28,34.0,64.8,436.67
snake_plant,22.57,34.0,64.8,436.67
cactus,12.14,34.0,64.8,436.67
money_plant,18.13,34.0,65.0,407.5
snake_plant,22.6,34.0,65.0,407.5
cactus,12.11,34.0,65.0,407.5
money_plant,18.16,34.0,65.1,388.33
snake_plant,22.07,34.0,65.1,388.33
cactus,12.17,34.0,65.1,388.33
money_plant,18.07,34.0,65.2,370.83
snake_plant,21.53,34.0,65.2,370.83
cactus,12.11,34.0,65.2,370.83
money_plant,18.13,34.1,65.0,360.83
snake_plant,20.78,34.1,65.0,360.83
cactus,12.29,34.1,65.0,360.83
money_plant,18.25,34.1,65.0,367.5
snake_plant,21.6,34.1,65.0,367.5
cactus,12.29,34.1,65.0,367.5
money_plant,18.49,34.1,65.0,391.67
snake_plant,22.57,34.1,65.0,391.67
cactus,12.11,34.1,65.0,391.67
money_plant,18.79,34.1,65.0,368.33
snake_plant,22.57,34.1,65.0,368.33
cactus,11.96,34.1,65.0,368.33
money_plant,18.31,34.1,65.0,383.33
snake_plant,21.5,34.1,65.0,383.33
cactus,12.11,34.1,65.0,383.33
money_plant,18.25,34.0,64.5,363.33
snake_plant,20.85,34.0,64.5,363.33
cactus,12.17,34.0,64.5,363.33
money_plant,18.13,34.1,64.7,359.17
snake_plant,22.5,34.1,64.7,359.17
cactus,12.11,34.1,64.7,359.17
money_plant,18.16,34.1,64.7,339.17
snake_plant,21.28,34.1,64.7,339.17
cactus,12.11,34.1,64.7,339.17
money_plant,18.01,34.1,64.6,341.67
snake_plant,21.44,34.1,64.6,341.67
cactus,11.99,34.1,64.6,341.67
money_plant,18.87,34.1,64.7,366.67
snake_plant,21.97,34.1,64.7,366.67
cactus,12.05,34.1,64.7,366.67
money_plant,18.4,34.0,64.8,389.17
snake_plant,21.47,34.0,64.8,389.17
cactus,12.02,34.0,64.8,389.17
money_plant,17.93,34.1,64.6,416.67
snake_plant,20.5,34.1,64.6,416.67
cactus,12.14,34.1,64.6,416.67
money_plant,16.41,34.1,64.7,458.33
snake_plant,22.41,34.1,64.7,458.33
cactus,12.26,34.1,64.7,458.33
money_plant,18.13,34.2,64.5,460.83
snake_plant,21.85,34.2,64.5,460.83
cactus,12.17,34.2,64.5,460.83
money_plant,18.37,34.2,64.2,476.67
snake_plant,21.72,34.2,64.2,476.67
cactus,12.05,34.2,64.2,476.67
money_plant,18.4,34.2,62.9,464.17
snake_plant,22.0,34.2,62.9,464.17
cactus,11.9,34.2,62.9,464.17
money_plant,18.67,34.3,63.5,462.5
snake_plant,22.41,34.3,63.5,462.5
cactus,11.81,34.3,63.5,462.5
money_plant,18.37,34.3,63.7,396.67
snake_plant,22.1,34.3,63.7,396.67
cactus,11.99,34.3,63.7,396.67
money_plant,18.31,34.3,63.9,461.67
snake_plant,22.47,34.3,63.9,461.67
cactus,11.71,34.3,63.9,461.67
money_plant,18.25,34.2,64.2,480.83
snake_plant,22.07,34.2,64.2,480.83
cactus,10.41,34.2,64.2,480.83
money_plant,18.13,34.2,64.3,397.5
snake_plant,21.94,34.2,64.3,397.5
cactus,11.71,34.2,64.3,397.5
money_plant,18.25,34.2,64.2,341.67
snake_plant,22.38,34.2,64.2,341.67
cactus,11.75,34.2,64.2,341.67
money_plant,18.58,34.3,64.3,324.17
snake_plant,21.69,34.3,64.3,324.17
cactus,11.62,34.3,64.3,324.17
money_plant,18.31,34.3,64.1,329.17
snake_plant,21.5,34.3,64.1,329.17
cactus,11.71,34.3,64.1,329.17
money_plant,18.46,34.2,64.1,312.5
snake_plant,21.5,34.2,64.1,312.5
cactus,11.71,34.2,64.1,312.5
money_plant,18.16,34.2,63.4,423.33
snake_plant,21.35,34.2,63.4,423.33
cactus,11.53,34.2,63.4,423.33
money_plant,18.1,34.3,64.0,419.17
snake_plant,21.41,34.3,64.0,419.17
cactus,11.53,34.3,64.0,419.17
money_plant,18.49,34.3,63.9,413.33
snake_plant,21.38,34.3,63.9,413.33
cactus,11.78,34.3,63.9,413.33
money_plant,18.46,34.3,63.0,455.0
snake_plant,21.72,34.3,63.0,455.0
cactus,11.59,34.3,63.0,455.0
money_plant,18.4,34.3,62.7,470.0
snake_plant,21.6,34.3,62.7,470.0
cactus,11.53,34.3,62.7,470.0
money_plant,18.43,34.3,63.3,480.83
snake_plant,21.82,34.3,63.3,480.83
cactus,11.9,34.3,63.3,480.83
money_plant,18.28,34.3,63.5,428.33
snake_plant,21.1,34.3,63.5,428.33
cactus,11.9,34.3,63.5,428.33
money_plant,18.34,34.3,63.6,440.0
snake_plant,21.72,34.3,63.6,440.0
cactus,11.5,34.3,63.6,440.0
money_plant,18.16,34.4,63.5,382.5
snake_plant,22.03,34.4,63.5,382.5
cactus,11.56,34.4,63.5,382.5
money_plant,18.49,34.4,62.3,335.83
snake_plant,22.03,34.4,62.3,335.83
cactus,11.81,34.4,62.3,335.83
money_plant,18.19,34.4,63.3,282.5
snake_plant,21.35,34.4,63.3,282.5
cactus,11.47,34.4,63.3,282.5
money_plant,18.43,34.3,63.6,324.17
snake_plant,21.1,34.3,63.6,324.17
cactus,11.65,34.3,63.6,324.17
money_plant,18.46,34.2,63.6,323.33
snake_plant,21.28,34.2,63.6,323.33
cactus,12.02,34.2,63.6,323.33
money_plant,18.07,34.2,63.7,310.83
snake_plant,21.6,34.2,63.7,310.83
cactus,11.71,34.2,63.7,310.83
money_plant,18.49,34.3,63.6,302.5
snake_plant,21.53,34.3,63.6,302.5
cactus,11.62,34.3,63.6,302.5
money_plant,18.4,34.3,63.5,317.5
snake_plant,20.22,34.3,63.5,317.5
cactus,11.62,34.3,63.5,317.5
money_plant,18.25,34.3,63.5,295.0
snake_plant,21.0,34.3,63.5,295.0
cactus,11.47,34.3,63.5,295.0
money_plant,18.52,34.2,63.6,271.67
snake_plant,22.35,34.2,63.6,271.67
cactus,11.56,34.2,63.6,271.67
money_plant,18.99,34.0,63.9,269.17
snake_plant,21.66,34.0,63.9,269.17
cactus,11.65,34.0,63.9,269.17
money_plant,18.31,34.0,64.0,286.67
snake_plant,21.56,34.0,64.0,286.67
cactus,11.62,34.0,64.0,286.67
money_plant,18.43,34.0,64.0,270.83
snake_plant,21.53,34.0,64.0,270.83
cactus,11.47,34.0,64.0,270.83
money_plant,18.37,33.9,64.0,285.83
snake_plant,20.5,33.9,64.0,285.83
cactus,11.29,33.9,64.0,285.83
money_plant,18.46,34.0,63.8,354.17
snake_plant,21.16,34.0,63.8,354.17
cactus,11.29,34.0,63.8,354.17
money_plant,18.25,34.0,63.7,348.33
snake_plant,21.78,34.0,63.7,348.33
cactus,11.78,34.0,63.7,348.33
money_plant,18.46,34.0,63.6,276.67
snake_plant,21.5,34.0,63.6,276.67
cactus,11.56,34.0,63.6,276.67
money_plant,18.4,34.0,63.2,247.5
snake_plant,20.56,34.0,63.2,247.5
cactus,11.23,34.0,63.2,247.5
money_plant,13.63,34.1,63.1,262.5
snake_plant,21.6,34.1,63.1,262.5
cactus,11.32,34.1,63.1,262.5
money_plant,18.34,34.0,63.3,250.83
snake_plant,21.06,34.0,63.3,250.83
cactus,11.41,34.0,63.3,250.83
money_plant,18.13,34.1,63.4,248.33
snake_plant,21.16,34.1,63.4,248.33
cactus,11.2,34.1,63.4,248.33
money_plant,18.4,34.1,62.8,246.67
snake_plant,17.43,34.1,62.8,246.67
cactus,11.44,34.1,62.8,246.67
money_plant,18.31,34.1,62.9,231.67
snake_plant,21.06,34.1,62.9,231.67
cactus,11.23,34.1,62.9,231.67
money_plant,18.31,34.1,62.3,211.67
snake_plant,21.16,34.1,62.3,211.67
cactus,11.5,34.1,62.3,211.67
money_plant,18.25,34.0,62.7,228.33
snake_plant,20.85,34.0,62.7,228.33
cactus,11.41,34.0,62.7,228.33
money_plant,18.25,34.0,62.3,248.33
snake_plant,21.41,34.0,62.3,248.33
cactus,11.26,34.0,62.3,248.33
money_plant,18.28,34.0,62.5,250.0
snake_plant,21.5,34.0,62.5,250.0
cactus,11.44,34.0,62.5,250.0
money_plant,18.4,34.1,62.2,299.17
snake_plant,21.5,34.1,62.2,299.17
cactus,11.41,34.1,62.2,299.17
money_plant,18.46,34.0,62.7,303.33
snake_plant,18.65,34.0,62.7,303.33
cactus,11.17,34.0,62.7,303.33
money_plant,18.34,34.0,62.7,321.67
snake_plant,16.46,34.0,62.7,321.67
cactus,11.23,34.0,62.7,321.67
money_plant,18.13,34.0,62.5,317.5
snake_plant,20.97,34.0,62.5,317.5
cactus,11.23,34.0,62.5,317.5
money_plant,18.25,34.0,62.8,360.83
snake_plant,23.32,34.0,62.8,360.83
cactus,11.14,34.0,62.8,360.83
money_plant,18.43,34.0,63.1,334.17
snake_plant,20.41,34.0,63.1,334.17
cactus,11.32,34.0,63.1,334.17
money_plant,18.46,34.1,62.8,295.83
snake_plant,21.22,34.1,62.8,295.83
cactus,10.96,34.1,62.8,295.83
money_plant,18.46,34.0,62.9,258.33
snake_plant,22.07,34.0,62.9,258.33
cactus,11.08,34.0,62.9,258.33
money_plant,18.43,34.0,62.8,249.17
snake_plant,21.16,34.0,62.8,249.17
cactus,10.99,34.0,62.8,249.17
money_plant,17.96,34.0,62.9,254.17
snake_plant,20.69,34.0,62.9,254.17
cactus,11.23,34.0,62.9,254.17
money_plant,18.46,34.1,62.6,245.83
snake_plant,20.78,34.1,62.6,245.83
cactus,11.14,34.1,62.6,245.83
money_plant,18.31,34.1,62.9,254.17
snake_plant,21.16,34.1,62.9,254.17
cactus,11.14,34.1,62.9,254.17
money_plant,18.46,34.0,62.8,272.5
snake_plant,21.03,34.0,62.8,272.5
cactus,11.35,34.0,62.8,272.5
money_plant,18.13,34.1,62.2,299.17
snake_plant,21.41,34.1,62.2,299.17
cactus,11.14,34.1,62.2,299.17
money_plant,17.6,34.0,62.3,329.17
snake_plant,20.34,34.0,62.3,329.17
cactus,11.14,34.0,62.3,329.17
money_plant,17.81,34.1,62.4,350.83
snake_plant,20.31,34.1,62.4,350.83
cactus,11.14,34.1,62.4,350.83
money_plant,14.49,34.1,62.5,354.17
snake_plant,20.69,34.1,62.5,354.17
cactus,11.11,34.1,62.5,354.17
money_plant,15.17,34.1,62.3,345.83
snake_plant,21.47,34.1,62.3,345.83
cactus,11.17,34.1,62.3,345.83
money_plant,59.32,34.1,62.8,311.67
snake_plant,20.34,34.1,62.8,311.67
cactus,10.96,34.1,62.8,311.67
money_plant,66.64,34.0,63.1,100.0
snake_plant,21.03,34.0,63.1,100.0
cactus,11.2,34.0,63.1,100.0
money_plant,51.64,34.0,62.7,253.33
snake_plant,20.47,34.0,62.7,253.33
cactus,11.11,34.0,62.7,253.33
money_plant,50.7,34.0,62.8,259.17
snake_plant,20.91,34.0,62.8,259.17
cactus,11.05,34.0,62.8,259.17
money_plant,50.07,34.1,62.5,269.17
snake_plant,20.66,34.1,62.5,269.17
cactus,10.8,34.1,62.5,269.17
money_plant,50.07,34.0,62.0,280.0
snake_plant,20.5,34.0,62.0,280.0
cactus,10.96,34.0,62.0,280.0
money_plant,49.75,34.0,62.7,233.33
snake_plant,20.5,34.0,62.7,233.33
cactus,10.71,34.0,62.7,233.33
money_plant,49.45,34.0,62.0,235.0
snake_plant,20.59,34.0,62.0,235.0
cactus,10.83,34.0,62.0,235.0
money_plant,50.37,34.0,62.5,243.33
snake_plant,20.5,34.0,62.5,243.33
cactus,10.8,34.0,62.5,243.33
money_plant,49.93,33.9,62.8,273.33
snake_plant,20.41,33.9,62.8,273.33
cactus,11.02,33.9,62.8,273.33
money_plant,49.78,33.9,62.6,280.0
snake_plant,20.34,33.9,62.6,280.0
cactus,11.14,33.9,62.6,280.0
money_plant,50.61,33.9,62.7,289.17
snake_plant,20.59,33.9,62.7,289.17
cactus,10.74,33.9,62.7,289.17
money_plant,50.37,34.0,62.7,279.17
snake_plant,20.34,34.0,62.7,279.17
cactus,10.74,34.0,62.7,279.17
money_plant,50.34,34.0,62.8,280.83
snake_plant,20.34,34.0,62.8,280.83
cactus,10.56,34.0,62.8,280.83
money_plant,50.49,34.0,62.9,288.33
snake_plant,20.47,34.0,62.9,288.33
cactus,10.62,34.0,62.9,288.33
money_plant,50.4,34.1,62.4,294.17
snake_plant,20.19,34.1,62.4,294.17
cactus,10.83,34.1,62.4,294.17
money_plant,50.16,34.1,62.5,289.17
snake_plant,20.13,34.1,62.5,289.17
cactus,10.59,34.1,62.5,289.17
money_plant,50.13,34.1,62.4,300.0
snake_plant,20.5,34.1,62.4,300.0
cactus,10.62,34.1,62.4,300.0
money_plant,49.42,34.1,62.5,314.17
snake_plant,20.72,34.1,62.5,314.17
cactus,10.32,34.1,62.5,314.17
money_plant,49.75,34.1,62.5,316.67
snake_plant,20.47,34.1,62.5,316.67
cactus,10.5,34.1,62.5,316.67
money_plant,49.66,34.0,61.4,341.67
snake_plant,20.31,34.0,61.4,341.67
cactus,10.77,34.0,61.4,341.67
money_plant,49.63,34.1,62.2,355.0
snake_plant,20.28,34.1,62.2,355.0
cactus,10.65,34.1,62.2,355.0
money_plant,49.75,34.0,62.0,386.67
snake_plant,20.06,34.0,62.0,386.67
cactus,10.56,34.0,62.0,386.67
money_plant,49.84,34.0,62.0,406.67
snake_plant,20.31,34.0,62.0,406.67
cactus,10.32,34.0,62.0,406.67
money_plant,49.54,34.1,62.0,411.67
snake_plant,19.94,34.1,62.0,411.67
cactus,10.99,34.1,62.0,411.67
money_plant,49.48,34.1,61.7,400.83
snake_plant,19.72,34.1,61.7,400.83
cactus,10.8,34.1,61.7,400.83
money_plant,50.01,34.1,62.1,392.5
snake_plant,20.22,34.1,62.1,392.5
cactus,10.8,34.1,62.1,392.5
money_plant,49.27,34.0,60.7,401.67
snake_plant,19.5,34.0,60.7,401.67
cactus,10.59,34.0,60.7,401.67
money_plant,49.21,34.1,61.7,398.33
snake_plant,20.09,34.1,61.7,398.33
cactus,10.8,34.1,61.7,398.33
money_plant,49.75,34.1,61.8,395.0
snake_plant,19.72,34.1,61.8,395.0
cactus,10.35,34.1,61.8,395.0
money_plant,49.42,34.0,61.8,384.17
snake_plant,19.84,34.0,61.8,384.17
cactus,10.29,34.0,61.8,384.17
money_plant,49.01,34.0,61.9,397.5
snake_plant,19.78,34.0,61.9,397.5
cactus,10.32,34.0,61.9,397.5
money_plant,48.95,34.0,62.1,365.0
snake_plant,20.19,34.0,62.1,365.0
cactus,10.26,34.0,62.1,365.0
money_plant,48.89,34.0,62.6,385.83
snake_plant,19.41,34.0,62.6,385.83
cactus,10.62,34.0,62.6,385.83
money_plant,48.8,34.0,62.3,409.17
snake_plant,19.28,34.0,62.3,409.17
cactus,10.56,34.0,62.3,409.17
money_plant,48.8,34.0,61.7,434.17
snake_plant,20.47,34.0,61.7,434.17
cactus,10.62,34.0,61.7,434.17
money_plant,48.71,33.9,62.3,437.5
snake_plant,20.28,33.9,62.3,437.5
cactus,10.56,33.9,62.3,437.5
money_plant,48.77,33.9,62.0,448.33
snake_plant,19.69,33.9,62.0,448.33
cactus,10.35,33.9,62.0,448.33
money_plant,48.53,34.0,62.7,418.33
snake_plant,19.66,34.0,62.7,418.33
cactus,10.23,34.0,62.7,418.33
money_plant,48.59,33.9,62.7,410.0
snake_plant,19.94,33.9,62.7,410.0
cactus,10.32,33.9,62.7,410.0
money_plant,48.21,33.9,62.8,405.83
snake_plant,19.47,33.9,62.8,405.83
cactus,10.38,33.9,62.8,405.83
money_plant,48.27,33.9,63.0,403.33
snake_plant,19.41,33.9,63.0,403.33
cactus,10.2,33.9,63.0,403.33
money_plant,48.18,33.9,62.2,398.33
snake_plant,19.53,33.9,62.2,398.33
cactus,10.17,33.9,62.2,398.33
money_plant,47.85,33.9,62.2,408.33
snake_plant,19.19,33.9,62.2,408.33
cactus,10.2,33.9,62.2,408.33
money_plant,47.85,33.9,62.6,379.17
snake_plant,20.06,33.9,62.6,379.17
cactus,10.05,33.9,62.6,379.17
money_plant,47.94,33.9,62.7,350.0
snake_plant,19.06,33.9,62.7,350.0
cactus,10.32,33.9,62.7,350.0
money_plant,47.91,33.9,62.9,300.0
snake_plant,20.94,33.9,62.9,300.0
cactus,10.2,33.9,62.9,300.0
money_plant,48.0,33.8,63.0,240.0
snake_plant,19.81,33.8,63.0,240.0
cactus,10.44,33.8,63.0,240.0
money_plant,48.12,33.8,63.2,241.67
snake_plant,20.0,33.8,63.2,241.67
cactus,10.23,33.8,63.2,241.67
money_plant,47.82,33.8,62.7,208.33
snake_plant,19.56,33.8,62.7,208.33
cactus,10.08,33.8,62.7,208.33
money_plant,47.79,33.7,62.4,185.83
snake_plant,20.06,33.7,62.4,185.83
cactus,10.2,33.7,62.4,185.83
money_plant,47.91,33.7,62.8,168.33
snake_plant,19.22,33.7,62.8,168.33
cactus,10.14,33.7,62.8,168.33
money_plant,47.91,33.6,63.3,153.33
snake_plant,20.28,33.6,63.3,153.33
cactus,10.17,33.6,63.3,153.33
money_plant,48.0,33.6,63.4,170.83
snake_plant,19.28,33.6,63.4,170.83
cactus,10.17,33.6,63.4,170.83
money_plant,48.18,33.6,63.6,108.33
snake_plant,19.41,33.6,63.6,108.33
cactus,10.14,33.6,63.6,108.33
money_plant,48.24,33.6,63.7,91.67
snake_plant,22.47,33.6,63.7,91.67
cactus,9.92,33.6,63.7,91.67
money_plant,47.85,33.5,63.8,75.83
snake_plant,19.15,33.5,63.8,75.83
cactus,9.68,33.5,63.8,75.83
money_plant,47.91,33.5,64.0,59.17
snake_plant,19.59,33.5,64.0,59.17
cactus,10.26,33.5,64.0,59.17
money_plant,47.85,33.5,63.8,45.0
snake_plant,19.69,33.5,63.8,45.0
cactus,10.17,33.5,63.8,45.0
money_plant,47.82,33.4,64.1,35.83
snake_plant,19.59,33.4,64.1,35.83
cactus,10.05,33.4,64.1,35.83
money_plant,47.82,33.4,63.6,35.83
snake_plant,19.5,33.4,63.6,35.83
cactus,9.83,33.4,63.6,35.83
money_plant,47.64,33.1,61.4,50.0
snake_plant,19.78,33.1,61.4,50.0
cactus,9.59,33.1,61.4,50.0
money_plant,47.94,33.0,63.3,76.67
snake_plant,20.56,33.0,63.3,76.67
cactus,9.68,33.0,63.3,76.67
money_plant,47.88,32.8,62.4,128.33
snake_plant,20.0,32.8,62.4,128.33
cactus,9.98,32.8,62.4,128.33
money_plant,47.85,32.4,61.2,171.67
snake_plant,18.59,32.4,61.2,171.67
cactus,9.86,32.4,61.2,171.67
money_plant,47.59,32.1,64.0,185.0
snake_plant,19.12,32.1,64.0,185.0
cactus,9.68,32.1,64.0,185.0
money_plant,47.64,32.1,62.8,199.17
snake_plant,19.78,32.1,62.8,199.17
cactus,9.71,32.1,62.8,199.17
money_plant,47.56,32.0,64.4,230.83
snake_plant,19.28,32.0,64.4,230.83
cactus,9.62,32.0,64.4,230.83
money_plant,47.53,31.9,63.3,252.5
snake_plant,19.59,31.9,63.3,252.5
cactus,9.56,31.9,63.3,252.5
money_plant,47.64,31.8,64.0,254.17
snake_plant,19.44,31.8,64.0,254.17
cactus,9.8,31.8,64.0,254.17
money_plant,47.41,31.7,64.0,208.33
snake_plant,18.69,31.7,64.0,208.33
cactus,9.56,31.7,64.0,208.33
money_plant,47.38,31.6,64.5,193.33
snake_plant,19.5,31.6,64.5,193.33
cactus,9.62,31.6,64.5,193.33
money_plant,47.29,31.6,65.0,185.0
snake_plant,15.09,31.6,65.0,185.0
cactus,9.2,31.6,65.0,185.0
money_plant,47.05,31.7,65.3,175.0
snake_plant,19.12,31.7,65.3,175.0
cactus,9.41,31.7,65.3,175.0
money_plant,46.9,31.8,65.1,175.83
snake_plant,18.53,31.8,65.1,175.83
cactus,9.1,31.8,65.1,175.83
money_plant,46.84,31.8,64.6,174.17
snake_plant,18.47,31.8,64.6,174.17
cactus,9.26,31.8,64.6,174.17
money_plant,47.05,31.6,65.0,171.67
snake_plant,19.09,31.6,65.0,171.67
cactus,9.53,31.6,65.0,171.67
money_plant,47.41,31.7,65.3,170.0
snake_plant,18.9,31.7,65.3,170.0
cactus,9.29,31.7,65.3,170.0
money_plant,47.17,31.4,64.9,188.33
snake_plant,18.78,31.4,64.9,188.33
cactus,9.1,31.4,64.9,188.33
money_plant,47.38,30.8,66.5,204.17
snake_plant,19.5,30.8,66.5,204.17
cactus,9.14,30.8,66.5,204.17
money_plant,47.5,30.9,67.1,204.17
snake_plant,19.34,30.9,67.1,204.17
cactus,9.04,30.9,67.1,204.17
money_plant,50.13,31.1,66.6,198.33
snake_plant,18.5,31.1,66.6,198.33
cactus,9.35,31.1,66.6,198.33
money_plant,47.82,30.6,65.3,189.17
snake_plant,18.78,30.6,65.3,189.17
cactus,9.23,30.6,65.3,189.17
money_plant,47.82,30.4,65.3,184.17
snake_plant,19.53,30.4,65.3,184.17
cactus,9.2,30.4,65.3,184.17
money_plant,47.67,30.3,65.2,181.67
snake_plant,18.65,30.3,65.2,181.67
cactus,8.98,30.3,65.2,181.67
money_plant,47.67,30.4,65.8,176.67
snake_plant,19.47,30.4,65.8,176.67
cactus,8.8,30.4,65.8,176.67
money_plant,47.56,30.6,65.3,168.33
snake_plant,19.06,30.6,65.3,168.33
cactus,9.5,30.6,65.3,168.33
money_plant,47.88,30.8,64.6,166.67
snake_plant,17.5,30.8,64.6,166.67
cactus,8.5,30.8,64.6,166.67
money_plant,47.88,30.9,64.4,165.83
snake_plant,18.44,30.9,64.4,165.83
cactus,9.04,30.9,64.4,165.83
money_plant,47.59,31.1,64.8,170.83
snake_plant,21.1,31.1,64.8,170.83
cactus,8.71,31.1,64.8,170.83
money_plant,43.53,31.4,70.8,51.67
snake_plant,77.72,31.4,70.8,51.67
cactus,77.69,31.4,70.8,51.67
money_plant,43.11,31.4,70.6,54.17
snake_plant,76.93,31.4,70.6,54.17
cactus,79.3,31.4,70.6,54.17
money_plant,43.11,31.5,70.7,0.0
snake_plant,76.43,31.5,70.7,0.0
cactus,80.24,31.5,70.7,0.0
money_plant,43.59,31.4,70.7,0.0
snake_plant,75.59,31.4,70.7,0.0
cactus,80.85,31.4,70.7,0.0
money_plant,43.32,31.4,70.9,0.0
snake_plant,74.87,31.4,70.9,0.0
cactus,80.73,31.4,70.9,0.0
money_plant,43.59,31.5,70.6,0.0
cactus,80.52,31.5,70.6,0.0
money_plant,43.79,31.5,70.4,0.0
snake_plant,74.08,31.5,70.4,0.0
cactus,82.4,31.5,70.4,0.0
money_plant,44.06,31.6,70.3,0.0
snake_plant,73.77,31.6,70.3,0.0
cactus,79.94,31.6,70.3,0.0
money_plant,44.44,31.6,70.1,0.0
snake_plant,72.74,31.6,70.1,0.0
cactus,78.12,31.6,70.1,0.0
money_plant,43.79,31.6,70.2,0.0
snake_plant,73.36,31.6,70.2,0.0
cactus,77.69,31.6,70.2,0.0
money_plant,43.14,31.6,70.1,0.0
snake_plant,72.58,31.6,70.1,0.0
cactus,76.69,31.6,70.1,0.0
money_plant,43.56,31.7,70.1,0.0
snake_plant,75.43,31.7,70.1,0.0
cactus,75.69,31.7,70.1,0.0
money_plant,44.0,31.6,69.8,0.0
snake_plant,89.26,31.6,69.8,0.0
cactus,75.6,31.6,69.8,0.0
money_plant,44.71,31.7,69.9,0.0
snake_plant,92.58,31.7,69.9,0.0
cactus,73.93,31.7,69.9,0.0
money_plant,44.68,31.7,69.7,0.0
snake_plant,94.33,31.7,69.7,0.0
cactus,75.14,31.7,69.7,0.0
money_plant,44.47,31.7,69.7,0.0
snake_plant,95.34,31.7,69.7,0.0
cactus,73.26,31.7,69.7,0.0
money_plant,43.76,31.7,69.6,0.0
snake_plant,96.56,31.7,69.6,0.0
cactus,73.78,31.7,69.6,0.0
money_plant,43.76,31.7,69.7,0.0
snake_plant,96.78,31.7,69.7,0.0
cactus,74.78,31.7,69.7,0.0
money_plant,45.51,31.7,69.6,0.0
snake_plant,97.53,31.7,69.6,0.0
cactus,74.14,31.7,69.6,0.0
money_plant,44.12,31.7,69.7,0.0
snake_plant,100.0,31.7,69.7,0.0
cactus,73.2,31.7,69.7,0.0
snake_plant,100.0,31.7,69.6,0.0
cactus,72.96,31.7,69.6,0.0
money_plant,45.57,31.7,69.5,0.0
snake_plant,100.0,31.7,69.5,0.0
cactus,72.78,31.7,69.5,0.0
money_plant,45.51,31.7,69.5,0.0
cactus,72.84,31.7,69.5,0.0
money_plant,48.36,31.6,69.6,0.0
snake_plant,100.0,31.6,69.6,0.0
cactus,74.17,31.6,69.6,0.0
money_plant,41.21,31.6,69.7,0.0
snake_plant,100.0,31.6,69.7,0.0
cactus,69.83,31.6,69.7,0.0
money_plant,40.27,31.6,69.6,0.0
cactus,70.17,31.6,69.6,0.0
money_plant,40.24,31.6,69.8,0.0
snake_plant,100.0,31.6,69.8,0.0
cactus,69.62,31.6,69.8,0.0
money_plant,40.09,31.6,69.8,0.0
cactus,69.2,31.6,69.8,0.0
money_plant,40.27,31.6,69.5,0.0
snake_plant,100.0,31.6,69.5,0.0
cactus,68.86,31.6,69.5,0.0
money_plant,40.27,31.7,69.4,0.0
snake_plant,100.0,31.7,69.4,0.0
cactus,70.23,31.7,69.4,0.0
money_plant,40.12,31.6,69.5,0.0
cactus,68.07,31.6,69.5,0.0
money_plant,40.3,31.6,69.7,0.0
cactus,68.22,31.6,69.7,0.0
money_plant,40.18,31.6,69.6,0.0
snake_plant,99.97,31.6,69.6,0.0
cactus,68.86,31.6,69.6,0.0
money_plant,40.33,31.6,69.7,0.0
cactus,67.44,31.6,69.7,0.0
money_plant,40.0,31.6,69.6,0.0
snake_plant,99.44,31.6,69.6,0.0
cactus,68.44,31.6,69.6,0.0
snake_plant,99.5,31.6,69.5,0.0
cactus,67.95,31.6,69.5,0.0
money_plant,40.33,31.6,69.6,0.0
snake_plant,99.28,31.6,69.6,0.0
cactus,69.1,31.6,69.6,0.0
money_plant,40.8,31.6,69.3,0.0
snake_plant,89.26,31.6,69.3,0.0
cactus,69.59,31.6,69.3,0.0
money_plant,39.88,31.6,69.2,0.0
snake_plant,93.55,31.6,69.2,0.0
cactus,69.38,31.6,69.2,0.0
money_plant,40.59,31.7,69.5,0.0
snake_plant,96.15,31.7,69.5,0.0
cactus,68.89,31.7,69.5,0.0
money_plant,40.56,31.6,69.5,0.0
snake_plant,94.65,31.6,69.5,0.0
cactus,68.32,31.6,69.5,0.0
money_plant,39.59,31.6,69.5,0.0
snake_plant,74.24,31.6,69.5,0.0
cactus,67.86,31.6,69.5,0.0
money_plant,39.97,31.6,69.7,0.0
snake_plant,95.43,31.6,69.7,0.0
money_plant,39.82,31.6,69.3,0.0
snake_plant,95.18,31.6,69.3,0.0
cactus,68.44,31.6,69.3,0.0
money_plant,39.94,31.6,69.5,0.0
snake_plant,81.41,31.6,69.5,0.0
cactus,68.1,31.6,69.5,0.0
money_plant,39.61,31.6,69.4,0.0
snake_plant,88.39,31.6,69.4,0.0
cactus,68.32,31.6,69.4,0.0
money_plant,39.79,31.6,69.4,0.0
snake_plant,100.0,31.6,69.4,0.0
cactus,69.92,31.6,69.4,0.0
money_plant,39.91,31.6,69.2,0.0
snake_plant,100.0,31.6,69.2,0.0
cactus,69.98,31.6,69.2,0.0
money_plant,39.97,31.6,69.4,0.0
cactus,68.59,31.6,69.4,0.0
money_plant,42.58,31.6,69.6,0.0
cactus,68.38,31.6,69.6,0.0
money_plant,39.7,31.6,69.6,0.0
snake_plant,85.6,31.6,69.6,0.0
cactus,68.56,31.6,69.6,0.0
money_plant,39.5,31.6,69.4,0.0
cactus,68.44,31.6,69.4,0.0
money_plant,39.41,31.6,69.6,0.0
snake_plant,85.29,31.6,69.6,0.0
cactus,68.71,31.6,69.6,0.0
money_plant,39.64,31.6,69.5,0.0
snake_plant,83.13,31.6,69.5,0.0
cactus,68.89,31.6,69.5,0.0
money_plant,39.88,31.6,69.3,0.0
snake_plant,88.67,31.6,69.3,0.0
cactus,70.93,31.6,69.3,0.0
snake_plant,93.65,31.6,69.5,0.0
cactus,70.68,31.6,69.5,0.0
money_plant,39.82,31.5,69.6,0.0
snake_plant,96.65,31.5,69.6,0.0
cactus,70.32,31.5,69.6,0.0
money_plant,39.67,31.6,69.5,0.0
snake_plant,90.67,31.6,69.5,0.0
cactus,70.53,31.6,69.5,0.0
money_plant,39.44,31.5,69.7,0.0
snake_plant,82.91,31.5,69.7,0.0
cactus,70.17,31.5,69.7,0.0
money_plant,40.09,31.6,69.6,0.0
snake_plant,90.67,31.6,69.6,0.0
cactus,71.02,31.6,69.6,0.0
money_plant,40.06,31.6,69.3,0.0
snake_plant,89.11,31.6,69.3,0.0
cactus,70.44,31.6,69.3,0.0
money_plant,40.21,31.6,69.4,0.0
snake_plant,73.58,31.6,69.4,0.0
cactus,71.08,31.6,69.4,0.0
money_plant,41.04,31.6,69.5,0.0
cactus,71.65,31.6,69.5,0.0
money_plant,40.09,31.6,69.5,0.0
cactus,70.59,31.6,69.5,0.0
money_plant,38.87,31.6,69.3,0.0
snake_plant,100.0,31.6,69.3,0.0
cactus,69.89,31.6,69.3,0.0
money_plant,39.79,31.5,69.6,0.0
snake_plant,100.0,31.5,69.6,0.0
cactus,70.38,31.5,69.6,0.0
money_plant,39.44,31.5,69.5,0.0
snake_plant,100.0,31.5,69.5,0.0
cactus,70.35,31.5,69.5,0.0
money_plant,40.24,31.5,69.3,0.0
snake_plant,100.0,31.5,69.3,0.0
cactus,70.41,31.5,69.3,0.0
money_plant,40.59,31.5,69.4,0.0
snake_plant,100.0,31.5,69.4,0.0
cactus,71.26,31.5,69.4,0.0
money_plant,40.12,31.5,69.6,0.0
cactus,70.56,31.5,69.6,0.0
money_plant,39.5,31.6,69.6,0.0
cactus,70.8,31.6,69.6,0.0
money_plant,39.44,31.5,69.4,0.0
cactus,70.9,31.5,69.4,0.0
money_plant,39.7,31.5,69.5,0.0
cactus,71.62,31.5,69.5,0.0
money_plant,39.73,31.5,69.3,0.0
cactus,71.32,31.5,69.3,0.0
money_plant,39.82,31.5,69.4,0.0
cactus,70.83,31.5,69.4,0.0
money_plant,39.02,31.5,69.2,0.0
snake_plant,100.0,31.5,69.2,0.0
cactus,70.11,31.5,69.2,0.0
money_plant,39.32,31.4,69.6,0.0
snake_plant,72.24,31.4,69.6,0.0
cactus,69.98,31.4,69.6,0.0
money_plant,39.32,31.5,69.8,0.0
snake_plant,71.21,31.5,69.8,0.0
cactus,70.2,31.5,69.8,0.0
money_plant,39.53,31.5,69.5,0.0
snake_plant,71.58,31.5,69.5,0.0
money_plant,39.53,31.5,69.7,0.0
snake_plant,97.21,31.5,69.7,0.0
cactus,70.8,31.5,69.7,0.0
money_plant,39.5,31.5,69.7,0.0
snake_plant,100.0,31.5,69.7,0.0
cactus,70.83,31.5,69.7,0.0
money_plant,38.99,31.5,69.8,0.0
snake_plant,100.0,31.5,69.8,0.0
cactus,70.38,31.5,69.8,0.0
money_plant,39.67,31.4,69.8,0.0
snake_plant,100.0,31.4,69.8,0.0
cactus,70.44,31.4,69.8,0.0
money_plant,38.76,31.4,69.6,0.0
snake_plant,100.0,31.4,69.6,0.0
cactus,71.02,31.4,69.6,0.0
money_plant,38.13,31.5,69.5,0.0
cactus,70.9,31.5,69.5,0.0
money_plant,37.45,31.4,69.7,0.0
snake_plant,99.72,31.4,69.7,0.0
cactus,70.32,31.4,69.7,0.0
money_plant,41.21,31.5,69.7,0.0
cactus,71.84,31.5,69.7,0.0
money_plant,39.02,31.4,69.9,0.0
snake_plant,98.62,31.4,69.9,0.0
cactus,71.65,31.4,69.9,0.0
money_plant,38.81,31.4,69.8,0.0
snake_plant,92.39,31.4,69.8,0.0
cactus,71.26,31.4,69.8,0.0
money_plant,38.52,31.4,69.6,0.0
snake_plant,95.27,31.4,69.6,0.0
cactus,71.08,31.4,69.6,0.0
snake_plant,92.02,31.4,69.6,0.0
cactus,71.53,31.4,69.6,0.0
money_plant,38.84,31.4,69.5,0.0
snake_plant,91.27,31.4,69.5,0.0
cactus,70.71,31.4,69.5,0.0
money_plant,38.79,31.4,69.6,0.0
snake_plant,99.59,31.4,69.6,0.0
cactus,71.81,31.4,69.6,0.0
money_plant,37.93,31.4,69.6,0.0
snake_plant,73.74,31.4,69.6,0.0
cactus,71.44,31.4,69.6,0.0
money_plant,38.64,31.4,69.7,0.0
snake_plant,70.86,31.4,69.7,0.0
cactus,73.02,31.4,69.7,0.0
money_plant,38.79,31.4,69.7,0.0
snake_plant,94.27,31.4,69.7,0.0
cactus,72.78,31.4,69.7,0.0
money_plant,37.9,31.4,69.5,0.0
snake_plant,69.17,31.4,69.5,0.0
cactus,72.63,31.4,69.5,0.0
money_plant,38.55,31.4,69.5,0.0
snake_plant,70.77,31.4,69.5,0.0
cactus,72.38,31.4,69.5,0.0
money_plant,38.4,31.4,69.6,0.0
snake_plant,70.99,31.4,69.6,0.0
cactus,72.32,31.4,69.6,0.0
money_plant,38.43,31.4,69.7,0.0
snake_plant,70.92,31.4,69.7,0.0
cactus,73.29,31.4,69.7,0.0
money_plant,38.25,31.4,69.6,0.0
snake_plant,70.55,31.4,69.6,0.0
cactus,73.38,31.4,69.6,0.0
money_plant,38.93,31.4,69.6,0.0
snake_plant,70.36,31.4,69.6,0.0
cactus,74.26,31.4,69.6,0.0
money_plant,38.58,31.3,69.8,0.0
snake_plant,70.39,31.3,69.8,0.0
cactus,73.6,31.3,69.8,0.0
money_plant,40.06,31.3,69.8,0.0
snake_plant,70.86,31.3,69.8,0.0
cactus,74.2,31.3,69.8,0.0
money_plant,39.35,31.3,69.8,0.0
snake_plant,71.05,31.3,69.8,0.0
cactus,73.78,31.3,69.8,0.0
money_plant,34.58,31.3,69.9,0.0
snake_plant,92.55,31.3,69.9,0.0
cactus,70.93,31.3,69.9,0.0
snake_plant,70.23,31.3,69.9,0.0
cactus,70.68,31.3,69.9,0.0
money_plant,34.58,31.3,69.8,0.0
snake_plant,67.98,31.3,69.8,0.0
cactus,70.47,31.3,69.8,0.0
money_plant,38.37,31.2,69.8,0.0
snake_plant,68.58,31.2,69.8,0.0
cactus,70.32,31.2,69.8,0.0
money_plant,35.2,31.3,69.8,0.0
snake_plant,68.39,31.3,69.8,0.0
cactus,70.08,31.3,69.8,0.0
money_plant,38.73,31.2,69.7,0.0
snake_plant,70.55,31.2,69.7,0.0
cactus,72.23,31.2,69.7,0.0
money_plant,34.25,31.2,69.7,0.0
snake_plant,68.04,31.2,69.7,0.0
cactus,69.26,31.2,69.7,0.0
money_plant,34.07,31.2,69.9,0.0
snake_plant,68.11,31.2,69.9,0.0
cactus,69.62,31.2,69.9,0.0
money_plant,34.07,31.2,70.0,0.0
snake_plant,67.92,31.2,70.0,0.0
cactus,69.41,31.2,70.0,0.0
money_plant,34.19,31.2,69.8,0.0
snake_plant,67.89,31.2,69.8,0.0
cactus,69.59,31.2,69.8,0.0
money_plant,34.25,31.2,69.9,0.0
snake_plant,68.17,31.2,69.9,0.0
cactus,70.74,31.2,69.9,0.0
money_plant,34.55,31.2,69.9,0.0
snake_plant,68.42,31.2,69.9,0.0
cactus,68.62,31.2,69.9,0.0
money_plant,41.9,31.2,69.7,0.0
snake_plant,71.64,31.2,69.7,0.0
cactus,73.32,31.2,69.7,0.0
money_plant,33.72,31.2,69.8,0.0
snake_plant,67.98,31.2,69.8,0.0
cactus,69.1,31.2,69.8,0.0
money_plant,33.48,31.2,69.7,0.0
snake_plant,67.67,31.2,69.7,0.0
cactus,69.41,31.2,69.7,0.0
money_plant,33.54,31.2,69.8,0.0
snake_plant,68.01,31.2,69.8,0.0
cactus,69.41,31.2,69.8,0.0
money_plant,33.57,31.2,69.8,0.0
snake_plant,68.04,31.2,69.8,0.0
cactus,69.35,31.2,69.8,0.0
money_plant,33.6,31.1,69.8,0.0
snake_plant,68.11,31.1,69.8,0.0
cactus,69.35,31.1,69.8,0.0
money_plant,33.6,31.2,69.6,0.0
snake_plant,68.14,31.2,69.6,0.0
cactus,69.32,31.2,69.6,0.0
snake_plant,67.98,31.1,69.8,0.0
cactus,69.44,31.1,69.8,0.0
money_plant,33.6,31.1,70.0,0.0
snake_plant,68.01,31.1,70.0,0.0
cactus,69.41,31.1,70.0,0.0
money_plant,33.57,31.1,69.8,0.0
snake_plant,71.24,31.1,69.8,0.0
cactus,69.77,31.1,69.8,0.0
money_plant,33.63,31.2,69.7,0.0
snake_plant,67.92,31.2,69.7,0.0
cactus,69.92,31.2,69.7,0.0
money_plant,33.63,31.2,69.9,0.0
snake_plant,67.98,31.2,69.9,0.0
cactus,69.92,31.2,69.9,0.0
money_plant,33.96,31.2,69.7,0.0
money_plant,33.63,31.2,69.8,0.0
snake_plant,68.92,31.2,69.8,0.0
cactus,71.17,31.2,69.8,0.0
snake_plant,67.7,31.2,69.7,0.0
cactus,70.86,31.2,69.7,0.0
money_plant,33.84,31.2,69.7,0.0
snake_plant,67.89,31.2,69.7,0.0
cactus,70.56,31.2,69.7,0.0
money_plant,34.55,31.2,69.8,0.0
cactus,70.68,31.2,69.8,0.0
money_plant,33.63,31.1,70.0,0.0
snake_plant,67.79,31.1,70.0,0.0
cactus,70.38,31.1,70.0,0.0
money_plant,33.24,31.1,70.0,0.0
snake_plant,67.73,31.1,70.0,0.0
cactus,70.77,31.1,70.0,0.0
money_plant,38.34,31.1,70.0,0.0
snake_plant,73.62,31.1,70.0,0.0
cactus,73.26,31.1,70.0,0.0
money_plant,36.21,31.1,69.8,0.0
snake_plant,69.26,31.1,69.8,0.0
cactus,72.32,31.1,69.8,0.0
money_plant,34.61,31.1,69.6,0.0
snake_plant,68.58,31.1,69.6,0.0
cactus,71.17,31.1,69.6,0.0
money_plant,34.25,31.0,69.7,0.0
snake_plant,68.04,31.0,69.7,0.0
cactus,71.38,31.0,69.7,0.0
money_plant,34.01,31.1,69.9,0.0
snake_plant,68.51,31.1,69.9,0.0
cactus,71.35,31.1,69.9,0.0
money_plant,34.04,31.0,69.9,0.0
snake_plant,68.11,31.0,69.9,0.0
cactus,71.05,31.0,69.9,0.0
money_plant,34.07,31.1,69.8,0.0
snake_plant,68.61,31.1,69.8,0.0
cactus,70.8,31.1,69.8,0.0
money_plant,34.07,31.1,70.0,0.0
snake_plant,68.48,31.1,70.0,0.0
cactus,70.65,31.1,70.0,0.0
money_plant,34.01,31.1,69.8,0.0
snake_plant,68.54,31.1,69.8,0.0
cactus,71.02,31.1,69.8,0.0
money_plant,33.63,31.1,69.7,0.0
snake_plant,68.11,31.1,69.7,0.0
cactus,70.65,31.1,69.7,0.0
money_plant,34.1,31.1,69.9,0.0
snake_plant,68.39,31.1,69.9,0.0
cactus,71.5,31.1,69.9,0.0
money_plant,33.96,31.1,69.5,0.0
snake_plant,68.29,31.1,69.5,0.0
cactus,71.35,31.1,69.5,0.0
money_plant,33.3,31.0,69.9,0.0
snake_plant,67.92,31.0,69.9,0.0
cactus,70.83,31.0,69.9,0.0
money_plant,33.54,31.0,70.1,0.0
snake_plant,67.89,31.0,70.1,0.0
cactus,71.35,31.0,70.1,0.0
money_plant,33.63,31.0,69.8,0.0
snake_plant,67.57,31.0,69.8,0.0
cactus,70.29,31.0,69.8,0.0
snake_plant,68.17,31.1,69.9,0.0
cactus,71.08,31.1,69.9,0.0
cactus,70.93,31.1,69.8,0.0
money_plant,33.6,31.0,69.7,0.0
snake_plant,67.82,31.0,69.7,0.0
cactus,70.41,31.0,69.7,0.0
money_plant,34.37,31.1,69.6,0.0
snake_plant,68.29,31.1,69.6,0.0
cactus,70.9,31.1,69.6,0.0
money_plant,34.01,31.0,69.7,0.0
snake_plant,67.92,31.0,69.7,0.0
cactus,70.53,31.0,69.7,0.0
money_plant,34.43,31.0,69.8,0.0
snake_plant,68.23,31.0,69.8,0.0
cactus,71.62,31.0,69.8,0.0
money_plant,33.81,31.1,69.9,0.0
snake_plant,68.04,31.1,69.9,0.0
cactus,71.65,31.1,69.9,0.0
money_plant,33.54,31.0,69.7,0.0
snake_plant,67.61,31.0,69.7,0.0
money_plant,34.13,31.0,69.9,0.0
cactus,71.44,31.0,69.9,0.0
money_plant,34.37,31.0,69.7,0.0
snake_plant,68.39,31.0,69.7,0.0
money_plant,33.9,31.0,69.8,0.0
snake_plant,67.86,31.0,69.8,0.0
cactus,71.35,31.0,69.8,0.0
money_plant,34.16,31.0,69.9,0.0
snake_plant,68.08,31.0,69.9,0.0
cactus,71.17,31.0,69.9,0.0
money_plant,33.81,31.0,69.9,0.0
snake_plant,67.89,31.0,69.9,0.0
cactus,71.35,31.0,69.9,0.0
money_plant,33.93,31.0,69.8,0.0
cactus,71.56,31.0,69.8,0.0
money_plant,33.93,31.0,70.1,0.0
snake_plant,67.42,31.0,70.1,0.0
cactus,72.29,31.0,70.1,0.0
money_plant,34.01,31.0,69.9,0.0
snake_plant,67.57,31.0,69.9,0.0
cactus,72.11,31.0,69.9,0.0
money_plant,33.63,31.0,69.9,0.0
snake_plant,67.73,31.0,69.9,0.0
cactus,71.87,31.0,69.9,0.0
money_plant,33.6,31.0,69.9,0.0
snake_plant,67.98,31.0,69.9,0.0
cactus,71.93,31.0,69.9,0.0
money_plant,33.51,31.0,69.7,0.0
snake_plant,67.57,31.0,69.7,0.0
cactus,71.78,31.0,69.7,0.0
money_plant,33.63,31.0,70.0,0.0
snake_plant,67.79,31.0,70.0,0.0
cactus,71.78,31.0,70.0,0.0
money_plant,33.13,31.1,69.7,0.0
snake_plant,67.57,31.1,69.7,0.0
cactus,71.62,31.1,69.7,0.0
money_plant,33.13,31.0,70.0,0.0
snake_plant,67.23,31.0,70.0,0.0
cactus,71.5,31.0,70.0,0.0
snake_plant,67.54,31.0,69.9,0.0
money_plant,33.19,31.0,69.8,0.0
snake_plant,67.39,31.0,69.8,0.0
money_plant,33.33,31.1,69.7,0.0
cactus,72.53,31.1,69.7,0.0
money_plant,33.24,31.0,69.9,0.0
cactus,72.69,31.0,69.9,0.0
money_plant,32.71,31.0,70.0,0.0
snake_plant,67.2,31.0,70.0,0.0
cactus,72.32,31.0,70.0,0.0
money_plant,32.95,31.0,69.9,0.0
snake_plant,67.29,31.0,69.9,0.0
cactus,71.99,31.0,69.9,0.0
money_plant,32.59,31.0,69.5,0.0
snake_plant,67.61,31.0,69.5,0.0
cactus,71.84,31.0,69.5,0.0
money_plant,33.21,31.0,70.0,0.0
snake_plant,69.7,31.0,70.0,0.0
cactus,72.02,31.0,70.0,0.0
money_plant,33.3,31.0,69.8,0.0
snake_plant,67.76,31.0,69.8,0.0
cactus,72.17,31.0,69.8,0.0
money_plant,33.16,31.0,69.7,0.0
snake_plant,67.54,31.0,69.7,0.0
cactus,72.14,31.0,69.7,0.0
money_plant,33.27,31.0,69.8,0.0
snake_plant,67.67,31.0,69.8,0.0
cactus,72.29,31.0,69.8,0.0
money_plant,32.83,31.0,70.1,0.0
snake_plant,67.57,31.0,70.1,0.0
cactus,73.29,31.0,70.1,0.0
money_plant,32.95,31.0,69.8,0.0
snake_plant,67.61,31.0,69.8,0.0
cactus,72.44,31.0,69.8,0.0
money_plant,32.83,31.0,70.0,0.0
snake_plant,67.1,31.0,70.0,0.0
cactus,71.26,31.0,70.0,0.0
money_plant,33.51,31.0,69.8,0.0
cactus,72.23,31.0,69.8,0.0
money_plant,33.16,31.0,69.9,0.0
snake_plant,67.51,31.0,69.9,0.0
cactus,72.32,31.0,69.9,0.0
money_plant,33.45,31.0,69.8,0.0
snake_plant,67.54,31.0,69.8,0.0
cactus,72.47,31.0,69.8,0.0
money_plant,32.86,30.9,69.8,0.0
snake_plant,67.17,30.9,69.8,0.0
cactus,72.14,30.9,69.8,0.0
money_plant,33.07,31.0,69.9,0.0
money_plant,33.07,31.0,70.0,0.0
snake_plant,67.57,31.0,70.0,0.0
money_plant,33.63,31.0,69.7,0.0
snake_plant,67.39,31.0,69.7,0.0
cactus,73.11,31.0,69.7,0.0
money_plant,33.63,31.0,70.1,0.0
snake_plant,67.79,31.0,70.1,0.0
cactus,72.72,31.0,70.1,0.0
money_plant,33.36,31.0,70.0,0.0
snake_plant,67.61,31.0,70.0,0.0
cactus,72.53,31.0,70.0,0.0
money_plant,33.19,30.9,70.0,0.0
snake_plant,67.79,30.9,70.0,0.0
cactus,72.75,30.9,70.0,0.0
money_plant,33.45,30.9,69.9,0.0
snake_plant,67.76,30.9,69.9,0.0
cactus,72.63,30.9,69.9,0.0
snake_plant,68.01,31.0,69.8,0.0
cactus,72.66,31.0,69.8,0.0
money_plant,33.6,30.9,70.0,0.0
snake_plant,68.23,30.9,70.0,0.0
money_plant,33.69,30.9,69.7,0.0
snake_plant,67.89,30.9,69.7,0.0
cactus,72.87,30.9,69.7,0.0
money_plant,34.13,30.9,70.2,0.0
snake_plant,68.2,30.9,70.2,0.0
cactus,72.87,30.9,70.2,0.0
money_plant,34.52,30.9,70.1,0.0
snake_plant,68.48,30.9,70.1,0.0
cactus,72.99,30.9,70.1,0.0
money_plant,33.78,30.9,69.9,0.0
snake_plant,68.26,30.9,69.9,0.0
cactus,72.81,30.9,69.9,0.0
money_plant,34.04,30.9,69.9,0.0
snake_plant,68.14,30.9,69.9,0.0
cactus,73.57,30.9,69.9,0.0
money_plant,34.19,30.9,70.0,0.0
snake_plant,68.58,30.9,70.0,0.0
cactus,73.29,30.9,70.0,0.0
snake_plant,68.73,30.8,70.3,0.0
cactus,73.29,30.8,70.3,0.0
money_plant,35.32,30.9,70.3,0.0
snake_plant,69.05,30.9,70.3,0.0
cactus,73.66,30.9,70.3,0.0
money_plant,35.08,30.9,70.2,0.0
snake_plant,68.92,30.9,70.2,0.0
cactus,73.44,30.9,70.2,0.0
money_plant,38.87,30.9,70.2,0.0
snake_plant,68.98,30.9,70.2,0.0
cactus,73.99,30.9,70.2,0.0
money_plant,35.32,30.9,70.1,0.0
snake_plant,69.36,30.9,70.1,0.0
cactus,74.08,30.9,70.1,0.0
money_plant,35.91,30.9,70.3,0.0
snake_plant,69.3,30.9,70.3,0.0
cactus,73.96,30.9,70.3,0.0
money_plant,35.05,30.9,70.0,0.0
cactus,73.93,30.9,70.0,0.0
cactus,73.32,30.9,70.0,0.0
money_plant,35.26,30.9,70.3,0.0
snake_plant,69.36,30.9,70.3,0.0
cactus,73.78,30.9,70.3,0.0
money_plant,35.53,30.9,70.0,0.0
snake_plant,69.05,30.9,70.0,0.0
cactus,74.05,30.9,70.0,0.0
money_plant,34.93,30.9,70.0,0.0
snake_plant,68.98,30.9,70.0,0.0
cactus,73.47,30.9,70.0,0.0
money_plant,34.58,30.9,70.2,0.0
snake_plant,68.58,30.9,70.2,0.0
cactus,73.72,30.9,70.2,0.0
money_plant,35.47,30.9,70.2,0.0
cactus,74.05,30.9,70.2,0.0
money_plant,35.2,30.9,70.0,0.0
snake_plant,69.23,30.9,70.0,0.0
cactus,74.26,30.9,70.0,0.0
money_plant,34.43,30.9,70.3,0.0
snake_plant,68.95,30.9,70.3,0.0
cactus,73.57,30.9,70.3,0.0
money_plant,33.3,30.9,70.2,0.0
snake_plant,68.23,30.9,70.2,0.0
cactus,73.11,30.9,70.2,0.0
money_plant,32.71,30.9,70.2,0.0
snake_plant,67.79,30.9,70.2,0.0
cactus,72.63,30.9,70.2,0.0
money_plant,33.07,30.9,69.9,0.0
snake_plant,67.89,30.9,69.9,0.0
cactus,73.02,30.9,69.9,0.0
money_plant,33.6,30.9,70.2,0.0
snake_plant,67.61,30.9,70.2,0.0
cactus,72.5,30.9,70.2,0.0
money_plant,33.81,30.9,69.9,0.0
snake_plant,67.98,30.9,69.9,0.0
money_plant,33.78,30.8,70.2,0.0
snake_plant,68.26,30.8,70.2,0.0
cactus,72.84,30.8,70.2,0.0
money_plant,34.07,30.8,70.2,0.0
snake_plant,68.23,30.8,70.2,0.0
cactus,73.2,30.8,70.2,0.0
money_plant,35.11,30.9,69.9,0.0
snake_plant,69.14,30.9,69.9,0.0
cactus,74.05,30.9,69.9,0.0
snake_plant,68.73,30.8,70.1,0.0
cactus,73.35,30.8,70.1,0.0
money_plant,35.5,30.8,70.1,0.0
snake_plant,69.48,30.8,70.1,0.0
cactus,74.26,30.8,70.1,0.0
money_plant,36.39,30.9,70.2,0.0
snake_plant,69.95,30.9,70.2,0.0
cactus,74.72,30.9,70.2,0.0
money_plant,32.65,30.9,70.2,0.0
snake_plant,66.85,30.9,70.2,0.0
cactus,71.93,30.9,70.2,0.0
money_plant,31.94,30.8,69.9,0.0
snake_plant,67.54,30.8,69.9,0.0
cactus,72.29,30.8,69.9,0.0
money_plant,30.79,30.8,70.1,0.0
snake_plant,66.6,30.8,70.1,0.0
cactus,71.38,30.8,70.1,0.0
money_plant,30.76,30.8,70.3,0.0
snake_plant,66.67,30.8,70.3,0.0
cactus,71.38,30.8,70.3,0.0
money_plant,30.52,30.8,70.1,0.0
snake_plant,66.7,30.8,70.1,0.0
cactus,71.87,30.8,70.1,0.0
money_plant,30.79,30.8,70.2,0.0
snake_plant,66.76,30.8,70.2,0.0
cactus,71.5,30.8,70.2,0.0
money_plant,30.58,30.8,70.3,0.0
snake_plant,66.92,30.8,70.3,0.0
cactus,71.99,30.8,70.3,0.0
money_plant,30.61,30.8,70.1,0.0
snake_plant,66.89,30.8,70.1,0.0
cactus,71.96,30.8,70.1,0.0
snake_plant,66.57,30.8,70.3,0.0
cactus,72.29,30.8,70.3,0.0
money_plant,30.64,30.8,70.4,0.0
snake_plant,65.57,30.8,70.4,0.0
cactus,71.84,30.8,70.4,0.0
money_plant,32.83,30.8,70.1,0.0
snake_plant,66.64,30.8,70.1,0.0
cactus,71.81,30.8,70.1,0.0
snake_plant,67.01,30.8,70.2,0.0
cactus,71.99,30.8,70.2,0.0
money_plant,27.2,30.8,70.4,0.0
snake_plant,67.14,30.8,70.4,0.0
cactus,72.59,30.8,70.4,0.0
money_plant,32.86,30.8,70.0,0.0
snake_plant,68.36,30.8,70.0,0.0
cactus,73.75,30.8,70.0,0.0
money_plant,30.34,30.8,70.2,0.0
snake_plant,66.57,30.8,70.2,0.0
cactus,72.44,30.8,70.2,0.0
money_plant,30.04,30.8,70.1,0.0
snake_plant,66.73,30.8,70.1,0.0
cactus,72.47,30.8,70.1,0.0
money_plant,30.34,30.8,70.0,0.0
snake_plant,66.54,30.8,70.0,0.0
cactus,72.59,30.8,70.0,0.0
money_plant,30.49,30.8,70.3,0.0
snake_plant,67.1,30.8,70.3,0.0
cactus,72.59,30.8,70.3,0.0
money_plant,34.13,30.8,70.3,0.0
snake_plant,68.92,30.8,70.3,0.0
cactus,74.75,30.8,70.3,0.0
money_plant,29.93,30.8,70.3,0.0
snake_plant,66.54,30.8,70.3,0.0
cactus,72.35,30.8,70.3,0.0
money_plant,29.84,30.8,70.2,0.0
snake_plant,66.67,30.8,70.2,0.0
cactus,72.72,30.8,70.2,0.0
snake_plant,66.51,30.8,70.2,0.0
cactus,73.02,30.8,70.2,0.0
money_plant,29.84,30.8,70.1,0.0
cactus,72.5,30.8,70.1,0.0
money_plant,29.84,30.7,70.5,0.0
snake_plant,66.54,30.7,70.5,0.0
cactus,72.32,30.7,70.5,0.0
money_plant,29.81,30.7,70.1,0.0
snake_plant,66.73,30.7,70.1,0.0
cactus,72.53,30.7,70.1,0.0
snake_plant,67.04,30.8,70.1,0.0
cactus,72.17,30.8,70.1,0.0
money_plant,30.01,30.7,70.5,0.0
snake_plant,66.98,30.7,70.5,0.0
cactus,72.93,30.7,70.5,0.0
money_plant,30.79,30.8,70.3,0.0
snake_plant,67.14,30.8,70.3,0.0
cactus,73.14,30.8,70.3,0.0
money_plant,31.73,30.8,70.0,0.0
snake_plant,67.61,30.8,70.0,0.0
cactus,73.08,30.8,70.0,0.0
money_plant,33.19,30.8,70.4,0.0
snake_plant,68.67,30.8,70.4,0.0
cactus,74.26,30.8,70.4,0.0
money_plant,32.06,30.8,70.2,0.0
snake_plant,67.95,30.8,70.2,0.0
cactus,73.69,30.8,70.2,0.0
money_plant,31.64,30.8,70.3,0.0
snake_plant,65.92,30.8,70.3,0.0
cactus,73.38,30.8,70.3,0.0
money_plant,32.98,30.7,70.3,0.0
snake_plant,68.42,30.7,70.3,0.0
cactus,73.78,30.7,70.3,0.0
money_plant,33.45,30.8,70.0,0.0
snake_plant,68.86,30.8,70.0,0.0
cactus,74.05,30.8,70.0,0.0
money_plant,33.63,30.8,70.1,0.0
snake_plant,68.98,30.8,70.1,0.0
cactus,73.99,30.8,70.1,0.0
money_plant,35.05,30.7,70.1,0.0
snake_plant,69.7,30.7,70.1,0.0
cactus,74.75,30.7,70.1,0.0
money_plant,31.73,30.8,70.4,0.0
snake_plant,67.82,30.8,70.4,0.0
cactus,73.14,30.8,70.4,0.0
money_plant,31.32,30.7,70.2,0.0
snake_plant,67.51,30.7,70.2,0.0
cactus,73.02,30.7,70.2,0.0
money_plant,32.65,30.7,70.2,0.0
snake_plant,69.3,30.7,70.2,0.0
cactus,74.2,30.7,70.2,0.0
money_plant,32.86,30.7,70.4,0.0
snake_plant,68.76,30.7,70.4,0.0
cactus,73.84,30.7,70.4,0.0
money_plant,35.61,30.7,70.4,0.0
snake_plant,70.23,30.7,70.4,0.0
cactus,75.08,30.7,70.4,0.0
money_plant,30.34,30.7,70.4,0.0
snake_plant,67.23,30.7,70.4,0.0
cactus,72.23,30.7,70.4,0.0
money_plant,30.01,30.7,70.3,0.0
snake_plant,66.79,30.7,70.3,0.0
cactus,72.26,30.7,70.3,0.0
money_plant,31.56,30.7,70.3,0.0
snake_plant,67.67,30.7,70.3,0.0
cactus,72.9,30.7,70.3,0.0
money_plant,40.03,30.7,70.5,0.0
snake_plant,72.96,30.7,70.5,0.0
cactus,77.69,30.7,70.5,0.0
money_plant,34.25,30.7,70.5,0.0
snake_plant,69.8,30.7,70.5,0.0
cactus,74.17,30.7,70.5,0.0
money_plant,39.79,30.7,70.4,0.0
snake_plant,72.93,30.7,70.4,0.0
cactus,77.69,30.7,70.4,0.0
money_plant,31.23,30.7,70.1,0.0
snake_plant,67.73,30.7,70.1,0.0
cactus,72.47,30.7,70.1,0.0
money_plant,31.7,30.7,70.2,0.0
snake_plant,68.11,30.7,70.2,0.0
cactus,73.32,30.7,70.2,0.0
money_plant,31.73,30.7,70.4,0.0
snake_plant,67.89,30.7,70.4,0.0
cactus,72.69,30.7,70.4,0.0
money_plant,31.53,30.7,70.6,0.0
snake_plant,67.73,30.7,70.6,0.0
cactus,73.2,30.7,70.6,0.0
money_plant,31.29,30.7,70.3,0.0
snake_plant,67.92,30.7,70.3,0.0
cactus,72.81,30.7,70.3,0.0
money_plant,31.76,30.7,70.3,0.0
snake_plant,68.23,30.7,70.3,0.0
cactus,73.29,30.7,70.3,0.0
money_plant,31.53,30.6,70.3,0.0
snake_plant,67.95,30.6,70.3,0.0
cactus,73.11,30.6,70.3,0.0
money_plant,32.39,30.6,70.5,0.0
snake_plant,68.08,30.6,70.5,0.0
cactus,73.29,30.6,70.5,0.0
money_plant,31.76,30.6,70.4,0.0
snake_plant,68.11,30.6,70.4,0.0
cactus,73.14,30.6,70.4,0.0
money_plant,31.88,30.7,70.5,0.0
snake_plant,68.08,30.7,70.5,0.0
money_plant,31.64,30.6,70.6,0.0
snake_plant,68.42,30.6,70.6,0.0
cactus,73.02,30.6,70.6,0.0
money_plant,31.73,30.6,70.3,0.0
snake_plant,68.11,30.6,70.3,0.0
cactus,72.9,30.6,70.3,0.0
money_plant,31.88,30.6,70.6,0.0
snake_plant,68.45,30.6,70.6,0.0
cactus,73.23,30.6,70.6,0.0
money_plant,32.15,30.7,70.3,0.0
snake_plant,71.67,30.7,70.3,0.0
cactus,73.2,30.7,70.3,0.0
money_plant,39.61,30.6,70.3,0.0
snake_plant,73.05,30.6,70.3,0.0
cactus,78.09,30.6,70.3,0.0
money_plant,37.42,30.6,70.6,0.0
snake_plant,71.74,30.6,70.6,0.0
cactus,76.21,30.6,70.6,0.0
money_plant,39.32,30.6,70.5,0.0
snake_plant,72.55,30.6,70.5,0.0
cactus,77.12,30.6,70.5,0.0
money_plant,38.37,30.6,70.4,0.0
snake_plant,72.58,30.6,70.4,0.0
cactus,76.63,30.6,70.4,0.0
money_plant,38.52,30.6,70.5,0.0
snake_plant,72.96,30.6,70.5,0.0
cactus,76.72,30.6,70.5,0.0
money_plant,39.32,30.6,70.7,0.0
snake_plant,72.64,30.6,70.7,0.0
cactus,77.18,30.6,70.7,0.0
money_plant,39.26,30.6,70.6,0.0
snake_plant,73.18,30.6,70.6,0.0
cactus,77.18,30.6,70.6,0.0
money_plant,39.29,30.6,70.7,0.0
snake_plant,72.58,30.6,70.7,0.0
cactus,77.69,30.6,70.7,0.0
money_plant,39.61,30.6,70.2,0.0
snake_plant,73.02,30.6,70.2,0.0
cactus,77.69,30.6,70.2,0.0
money_plant,39.38,30.6,70.6,0.0
snake_plant,73.24,30.6,70.6,0.0
cactus,77.81,30.6,70.6,0.0
money_plant,39.5,30.6,70.8,0.0
snake_plant,73.15,30.6,70.8,0.0
cactus,78.15,30.6,70.8,0.0
money_plant,32.03,30.6,70.3,0.0
snake_plant,69.14,30.6,70.3,0.0
cactus,73.84,30.6,70.3,0.0
money_plant,37.84,30.6,70.6,0.0
snake_plant,73.43,30.6,70.6,0.0
cactus,78.09,30.6,70.6,0.0
money_plant,39.47,30.6,70.4,0.0
snake_plant,73.52,30.6,70.4,0.0
cactus,78.0,30.6,70.4,0.0
money_plant,39.17,30.6,70.7,0.0
snake_plant,72.93,30.6,70.7,0.0
cactus,78.12,30.6,70.7,0.0
money_plant,32.86,30.6,70.5,0.0
snake_plant,69.2,30.6,70.5,0.0
cactus,74.23,30.6,70.5,0.0
money_plant,35.44,30.6,70.6,0.0
snake_plant,70.49,30.6,70.6,0.0
cactus,75.6,30.6,70.6,0.0
snake_plant,72.18,30.6,70.6,0.0
cactus,76.97,30.6,70.6,0.0
money_plant,38.28,30.6,70.7,0.0
snake_plant,72.27,30.6,70.7,0.0
money_plant,38.52,30.6,70.6,0.0
snake_plant,72.58,30.6,70.6,0.0
cactus,77.72,30.6,70.6,0.0
money_plant,37.9,30.6,70.4,0.0
snake_plant,72.49,30.6,70.4,0.0
cactus,77.69,30.6,70.4,0.0
money_plant,38.37,30.6,70.6,0.0
cactus,77.69,30.6,70.6,0.0
money_plant,38.04,30.5,70.7,0.0
snake_plant,72.61,30.5,70.7,0.0
cactus,80.06,30.5,70.7,0.0
money_plant,38.22,30.6,70.3,0.0
snake_plant,72.61,30.6,70.3,0.0
cactus,77.69,30.6,70.3,0.0
money_plant,38.81,30.5,70.4,0.0
snake_plant,73.15,30.5,70.4,0.0
cactus,77.81,30.5,70.4,0.0
money_plant,38.37,30.5,70.5,0.0
snake_plant,72.77,30.5,70.5,0.0
cactus,77.69,30.5,70.5,0.0
money_plant,38.81,30.5,70.6,0.0
snake_plant,73.18,30.5,70.6,0.0
cactus,77.88,30.5,70.6,0.0
money_plant,38.73,30.5,70.6,0.0
snake_plant,73.27,30.5,70.6,0.0
cactus,77.69,30.5,70.6,0.0
money_plant,38.37,30.5,70.7,0.0
snake_plant,75.65,30.5,70.7,0.0
cactus,77.69,30.5,70.7,0.0
money_plant,38.31,30.5,70.6,0.0
snake_plant,72.96,30.5,70.6,0.0
cactus,78.03,30.5,70.6,0.0
snake_plant,72.61,30.5,70.6,0.0
money_plant,39.32,30.5,70.8,0.0
snake_plant,73.58,30.5,70.8,0.0
cactus,78.57,30.5,70.8,0.0
money_plant,39.29,30.5,71.0,0.0
snake_plant,73.58,30.5,71.0,0.0
cactus,78.42,30.5,71.0,0.0
money_plant,39.26,30.5,70.8,0.0
snake_plant,73.74,30.5,70.8,0.0
cactus,78.42,30.5,70.8,0.0
money_plant,39.32,30.5,70.9,0.0
snake_plant,72.96,30.5,70.9,0.0
cactus,78.18,30.5,70.9,0.0
money_plant,38.9,30.5,70.7,0.0
snake_plant,73.58,30.5,70.7,0.0
cactus,78.15,30.5,70.7,0.0
money_plant,38.76,30.5,70.7,0.0
snake_plant,74.12,30.5,70.7,0.0
cactus,78.24,30.5,70.7,0.0
money_plant,39.38,30.5,70.9,0.0
snake_plant,74.05,30.5,70.9,0.0
cactus,78.15,30.5,70.9,0.0
money_plant,38.13,30.5,70.9,0.0
snake_plant,73.36,30.5,70.9,0.0
cactus,77.69,30.5,70.9,0.0
money_plant,38.99,30.5,70.9,0.0
snake_plant,73.96,30.5,70.9,0.0
cactus,78.06,30.5,70.9,0.0
money_plant,28.8,27.9,79.3,125.83
snake_plant,67.73,27.9,79.3,125.83
cactus,72.47,27.9,79.3,125.83
money_plant,28.68,28.0,79.0,140.83
snake_plant,67.57,28.0,79.0,140.83
cactus,72.35,28.0,79.0,140.83
money_plant,28.68,27.9,79.2,154.17
snake_plant,67.17,27.9,79.2,154.17
cactus,72.41,27.9,79.2,154.17
money_plant,28.65,27.8,80.0,172.5
snake_plant,67.1,27.8,80.0,172.5
cactus,72.29,27.8,80.0,172.5
money_plant,28.62,27.9,79.8,186.67
snake_plant,67.54,27.9,79.8,186.67
cactus,71.68,27.9,79.8,186.67
money_plant,28.27,27.8,80.1,204.17
snake_plant,67.57,27.8,80.1,204.17
cactus,71.44,27.8,80.1,204.17
money_plant,28.47,27.7,80.4,218.33
snake_plant,67.57,27.7,80.4,218.33
cactus,71.44,27.7,80.4,218.33
money_plant,28.41,27.7,80.6,223.33
snake_plant,67.23,27.7,80.6,223.33
cactus,71.2,27.7,80.6,223.33
money_plant,28.59,27.6,80.6,226.67
snake_plant,67.23,27.6,80.6,226.67
cactus,71.32,27.6,80.6,226.67
money_plant,28.62,27.6,80.9,228.33
snake_plant,67.57,27.6,80.9,228.33
cactus,71.56,27.6,80.9,228.33
money_plant,28.39,27.6,80.9,223.33
snake_plant,67.36,27.6,80.9,223.33
cactus,71.32,27.6,80.9,223.33
money_plant,28.47,27.6,80.9,218.33
snake_plant,67.48,27.6,80.9,218.33
cactus,71.17,27.6,80.9,218.33
money_plant,28.5,27.7,80.5,215.83
snake_plant,67.48,27.7,80.5,215.83
cactus,71.62,27.7,80.5,215.83
money_plant,28.41,27.7,80.6,220.0
snake_plant,67.17,27.7,80.6,220.0
cactus,71.35,27.7,80.6,220.0
money_plant,28.09,27.6,80.9,231.67
snake_plant,67.17,27.6,80.9,231.67
cactus,71.14,27.6,80.9,231.67
money_plant,28.0,27.6,81.4,235.83
snake_plant,67.48,27.6,81.4,235.83
cactus,71.29,27.6,81.4,235.83
money_plant,28.3,27.6,81.2,240.83
snake_plant,67.36,27.6,81.2,240.83
cactus,71.17,27.6,81.2,240.83
money_plant,28.27,27.6,80.7,247.5
snake_plant,67.07,27.6,80.7,247.5
cactus,70.99,27.6,80.7,247.5
money_plant,28.47,27.6,80.8,255.83
snake_plant,66.98,27.6,80.8,255.83
cactus,70.86,27.6,80.8,255.83
money_plant,28.15,27.7,80.8,263.33
snake_plant,67.29,27.7,80.8,263.33
cactus,70.96,27.7,80.8,263.33
money_plant,28.24,27.7,80.9,263.33
snake_plant,67.07,27.7,80.9,263.33
cactus,71.53,27.7,80.9,263.33
money_plant,28.39,27.7,80.7,270.83
snake_plant,67.36,27.7,80.7,270.83
cactus,71.17,27.7,80.7,270.83
money_plant,28.86,27.7,81.2,274.17
snake_plant,67.45,27.7,81.2,274.17
cactus,70.96,27.7,81.2,274.17
money_plant,28.36,27.7,81.3,275.83
snake_plant,67.36,27.7,81.3,275.83
cactus,71.38,27.7,81.3,275.83
money_plant,28.12,27.7,81.2,276.67
snake_plant,67.23,27.7,81.2,276.67
cactus,71.23,27.7,81.2,276.67
money_plant,28.41,27.8,80.7,285.0
snake_plant,67.29,27.8,80.7,285.0
cactus,71.05,27.8,80.7,285.0
money_plant,28.83,27.7,81.0,287.5
snake_plant,67.39,27.7,81.0,287.5
cactus,71.26,27.7,81.0,287.5
money_plant,28.56,27.8,80.6,294.17
snake_plant,66.54,27.8,80.6,294.17
cactus,71.23,27.8,80.6,294.17
money_plant,28.39,27.8,80.9,302.5
snake_plant,67.17,27.8,80.9,302.5
cactus,71.17,27.8,80.9,302.5
money_plant,28.21,27.8,80.7,308.33
snake_plant,67.51,27.8,80.7,308.33
cactus,71.23,27.8,80.7,308.33
money_plant,28.5,28.0,80.2,314.17
snake_plant,69.23,28.0,80.2,314.17
cactus,71.2,28.0,80.2,314.17
money_plant,28.15,28.0,80.1,322.5
snake_plant,67.51,28.0,80.1,322.5
cactus,71.17,28.0,80.1,322.5
money_plant,28.24,28.1,80.2,328.33
snake_plant,67.1,28.1,80.2,328.33
cactus,71.14,28.1,80.2,328.33
money_plant,28.12,28.1,80.1,334.17
snake_plant,67.07,28.1,80.1,334.17
cactus,71.05,28.1,80.1,334.17
money_plant,28.36,28.0,80.0,337.5
snake_plant,67.42,28.0,80.0,337.5
cactus,72.35,28.0,80.0,337.5
money_plant,28.0,28.1,79.9,342.5
snake_plant,67.23,28.1,79.9,342.5
cactus,71.17,28.1,79.9,342.5
money_plant,27.94,28.1,80.1,347.5
snake_plant,67.26,28.1,80.1,347.5
cactus,70.9,28.1,80.1,347.5
money_plant,28.15,28.1,79.8,353.33
snake_plant,67.07,28.1,79.8,353.33
cactus,70.86,28.1,79.8,353.33
money_plant,28.03,28.2,80.1,360.0
snake_plant,67.26,28.2,80.1,360.0
cactus,71.02,28.2,80.1,360.0
money_plant,27.94,28.3,79.1,370.83
snake_plant,67.01,28.3,79.1,370.83
cactus,71.44,28.3,79.1,370.83
money_plant,28.09,28.3,79.7,381.67
snake_plant,66.98,28.3,79.7,381.67
cactus,71.35,28.3,79.7,381.67
money_plant,27.64,28.4,78.8,405.83
snake_plant,67.29,28.4,78.8,405.83
cactus,71.14,28.4,78.8,405.83
money_plant,27.91,28.4,78.6,401.67
snake_plant,67.04,28.4,78.6,401.67
cactus,71.14,28.4,78.6,401.67
money_plant,28.27,28.5,78.4,412.5
snake_plant,67.2,28.5,78.4,412.5
cactus,71.14,28.5,78.4,412.5
money_plant,28.0,28.6,78.2,410.83
snake_plant,67.04,28.6,78.2,410.83
cactus,70.86,28.6,78.2,410.83
money_plant,27.94,28.7,78.0,415.0
snake_plant,67.14,28.7,78.0,415.0
cactus,70.86,28.7,78.0,415.0
money_plant,27.82,28.7,78.4,420.83
snake_plant,66.76,28.7,78.4,420.83
cactus,70.96,28.7,78.4,420.83
money_plant,27.79,28.7,78.6,430.0
snake_plant,67.2,28.7,78.6,430.0
cactus,70.83,28.7,78.6,430.0
money_plant,27.67,28.7,77.6,450.0
snake_plant,66.92,28.7,77.6,450.0
cactus,70.8,28.7,77.6,450.0
money_plant,27.94,28.8,77.4,452.5
snake_plant,67.17,28.8,77.4,452.5
cactus,70.77,28.8,77.4,452.5
money_plant,27.94,28.8,77.3,472.5
snake_plant,67.42,28.8,77.3,472.5
cactus,71.53,28.8,77.3,472.5
money_plant,27.85,28.8,78.0,489.17
snake_plant,66.89,28.8,78.0,489.17
cactus,71.2,28.8,78.0,489.17
money_plant,27.88,28.8,77.5,503.33
snake_plant,67.23,28.8,77.5,503.33
cactus,71.38,28.8,77.5,503.33
money_plant,27.85,28.9,77.2,517.5
snake_plant,67.2,28.9,77.2,517.5
cactus,71.5,28.9,77.2,517.5
money_plant,27.88,29.0,77.0,543.33
snake_plant,67.23,29.0,77.0,543.33
cactus,70.23,29.0,77.0,543.33
money_plant,27.88,29.0,77.2,597.5
snake_plant,67.1,29.0,77.2,597.5
cactus,71.35,29.0,77.2,597.5
money_plant,27.64,28.9,77.9,595.83
snake_plant,66.95,28.9,77.9,595.83
cactus,71.35,28.9,77.9,595.83
money_plant,27.79,29.0,77.4,640.83
snake_plant,67.26,29.0,77.4,640.83
cactus,71.35,29.0,77.4,640.83
money_plant,27.73,29.1,77.8,623.33
snake_plant,67.17,29.1,77.8,623.33
cactus,71.14,29.1,77.8,623.33
money_plant,27.67,29.1,77.1,797.5
snake_plant,67.36,29.1,77.1,797.5
cactus,71.71,29.1,77.1,797.5
money_plant,25.87,29.2,76.3,730.0
snake_plant,67.26,29.2,76.3,730.0
cactus,71.9,29.2,76.3,730.0
money_plant,27.59,29.3,75.9,856.67
snake_plant,67.14,29.3,75.9,856.67
cactus,71.87,29.3,75.9,856.67
money_plant,27.11,29.4,76.0,777.5
snake_plant,67.29,29.4,76.0,777.5
cactus,71.87,29.4,76.0,777.5
money_plant,27.5,29.3,76.2,2068.33
snake_plant,66.73,29.3,76.2,2068.33
cactus,71.81,29.3,76.2,2068.33
money_plant,27.82,29.2,76.6,1560.83
snake_plant,67.36,29.2,76.6,1560.83
cactus,71.68,29.2,76.6,1560.83
money_plant,27.14,29.2,76.5,2928.33
snake_plant,67.01,29.2,76.5,2928.33
cactus,71.81,29.2,76.5,2928.33
money_plant,27.26,29.4,76.4,4844.17
snake_plant,67.07,29.4,76.4,4844.17
cactus,71.84,29.4,76.4,4844.17
money_plant,27.47,29.7,75.4,2081.67
snake_plant,67.17,29.7,75.4,2081.67
cactus,71.93,29.7,75.4,2081.67
money_plant,27.5,30.0,74.6,1018.33
snake_plant,67.42,30.0,74.6,1018.33
cactus,71.9,30.0,74.6,1018.33
money_plant,27.59,30.0,74.4,1281.67
snake_plant,67.42,30.0,74.4,1281.67
cactus,71.75,30.0,74.4,1281.67
money_plant,27.32,30.0,74.2,1052.5
snake_plant,67.1,30.0,74.2,1052.5
cactus,71.99,30.0,74.2,1052.5
money_plant,27.29,29.9,74.5,880.0
snake_plant,67.48,29.9,74.5,880.0
cactus,71.87,29.9,74.5,880.0
money_plant,27.94,30.0,74.6,1526.67
snake_plant,67.2,30.0,74.6,1526.67
cactus,71.84,30.0,74.6,1526.67
money_plant,27.38,30.1,74.7,1946.67
snake_plant,67.57,30.1,74.7,1946.67
cactus,71.99,30.1,74.7,1946.67
money_plant,27.44,30.3,74.1,1752.5
snake_plant,67.42,30.3,74.1,1752.5
cactus,71.93,30.3,74.1,1752.5
money_plant,27.38,30.4,73.7,2221.67
snake_plant,67.14,30.4,73.7,2221.67
cactus,71.93,30.4,73.7,2221.67
money_plant,27.38,30.4,73.5,1385.0
snake_plant,67.23,30.4,73.5,1385.0
cactus,71.68,30.4,73.5,1385.0
money_plant,27.35,30.4,73.8,1655.83
snake_plant,67.2,30.4,73.8,1655.83
cactus,71.68,30.4,73.8,1655.83
money_plant,27.32,30.5,73.2,1623.33
snake_plant,67.42,30.5,73.2,1623.33
cactus,71.84,30.5,73.2,1623.33
money_plant,27.38,30.7,72.9,1952.5
snake_plant,67.01,30.7,72.9,1952.5
cactus,72.35,30.7,72.9,1952.5
money_plant,27.44,30.9,72.9,1614.17
snake_plant,62.38,30.9,72.9,1614.17
cactus,71.87,30.9,72.9,1614.17
money_plant,29.04,31.0,72.6,1185.83
snake_plant,67.23,31.0,72.6,1185.83
cactus,72.14,31.0,72.6,1185.83
money_plant,27.2,31.2,72.3,1196.67
snake_plant,66.98,31.2,72.3,1196.67
cactus,72.14,31.2,72.3,1196.67
money_plant,27.32,31.4,71.6,1206.67
snake_plant,66.67,31.4,71.6,1206.67
cactus,71.84,31.4,71.6,1206.67
money_plant,27.08,31.5,71.1,1223.33
snake_plant,67.14,31.5,71.1,1223.33
cactus,71.99,31.5,71.1,1223.33
money_plant,27.38,31.7,70.9,1242.5
snake_plant,67.57,31.7,70.9,1242.5
cactus,71.84,31.7,70.9,1242.5
money_plant,25.9,32.0,70.5,1253.33
snake_plant,67.57,32.0,70.5,1253.33
cactus,71.87,32.0,70.5,1253.33
money_plant,27.29,32.3,69.6,1301.67
snake_plant,67.51,32.3,69.6,1301.67
cactus,72.05,32.3,69.6,1301.67
money_plant,27.14,32.5,68.6,1380.83
snake_plant,67.1,32.5,68.6,1380.83
cactus,72.05,32.5,68.6,1380.83
money_plant,27.2,32.6,68.3,1305.0
snake_plant,67.51,32.6,68.3,1305.0
cactus,72.23,32.6,68.3,1305.0
money_plant,27.17,32.7,67.8,1320.0
snake_plant,67.42,32.7,67.8,1320.0
cactus,72.2,32.7,67.8,1320.0
money_plant,27.44,32.6,68.0,1320.83
snake_plant,67.36,32.6,68.0,1320.83
cactus,72.17,32.6,68.0,1320.83
money_plant,27.38,32.2,69.2,1325.0
snake_plant,67.51,32.2,69.2,1325.0
cactus,72.2,32.2,69.2,1325.0
money_plant,26.96,32.3,69.5,1350.0
snake_plant,67.23,32.3,69.5,1350.0
cactus,72.2,32.3,69.5,1350.0
money_plant,27.08,32.3,69.8,1396.67
snake_plant,67.57,32.3,69.8,1396.67
cactus,72.2,32.3,69.8,1396.67
money_plant,27.02,32.5,68.9,2374.17
snake_plant,67.1,32.5,68.9,2374.17
cactus,72.41,32.5,68.9,2374.17
money_plant,26.84,32.7,68.6,4050.83
snake_plant,67.57,32.7,68.6,4050.83
cactus,72.35,32.7,68.6,4050.83
money_plant,26.99,32.8,68.1,2020.83
snake_plant,67.57,32.8,68.1,2020.83
cactus,72.81,32.8,68.1,2020.83
money_plant,27.14,32.8,68.4,1873.33
snake_plant,67.64,32.8,68.4,1873.33
cactus,72.75,32.8,68.4,1873.33
money_plant,27.02,32.6,69.1,6116.67
snake_plant,67.57,32.6,69.1,6116.67
cactus,72.87,32.6,69.1,6116.67
money_plant,26.93,32.4,69.6,18291.67
snake_plant,67.51,32.4,69.6,18291.67
cactus,73.08,32.4,69.6,18291.67
money_plant,26.84,32.3,69.6,23317.5
snake_plant,67.67,32.3,69.6,23317.5
cactus,73.11,32.3,69.6,23317.5
money_plant,27.32,32.2,70.2,24619.17
snake_plant,68.01,32.2,70.2,24619.17
cactus,73.17,32.2,70.2,24619.17
money_plant,27.14,32.3,69.7,25140.83
snake_plant,67.57,32.3,69.7,25140.83
cactus,73.9,32.3,69.7,25140.83
money_plant,27.14,32.4,69.3,26200.83
snake_plant,67.7,32.4,69.3,26200.83
cactus,73.26,32.4,69.3,26200.83
money_plant,26.99,32.5,69.3,27692.5
snake_plant,67.89,32.5,69.3,27692.5
cactus,73.6,32.5,69.3,27692.5
money_plant,27.14,32.7,69.2,30526.67
snake_plant,67.57,32.7,69.2,30526.67
cactus,73.57,32.7,69.2,30526.67
money_plant,26.99,32.9,69.3,33130.0
snake_plant,67.54,32.9,69.3,33130.0
cactus,73.84,32.9,69.3,33130.0
money_plant,26.01,32.9,68.5,34377.5
snake_plant,67.64,32.9,68.5,34377.5
cactus,73.99,32.9,68.5,34377.5
money_plant,26.96,32.8,68.7,35449.16
snake_plant,67.76,32.8,68.7,35449.16
cactus,74.08,32.8,68.7,35449.16
money_plant,26.9,32.9,68.8,36001.66
snake_plant,68.01,32.9,68.8,36001.66
cactus,74.2,32.9,68.8,36001.66
money_plant,26.99,33.2,68.1,36480.83
snake_plant,67.57,33.2,68.1,36480.83
cactus,73.41,33.2,68.1,36480.83
money_plant,26.84,33.4,67.5,36882.5
snake_plant,67.48,33.4,67.5,36882.5
cactus,74.23,33.4,67.5,36882.5
money_plant,26.96,33.0,67.8,37387.5
snake_plant,67.61,33.0,67.8,37387.5
cactus,74.26,33.0,67.8,37387.5
money_plant,27.05,32.9,68.2,37937.5
snake_plant,67.54,32.9,68.2,37937.5
cactus,74.2,32.9,68.2,37937.5
money_plant,26.67,33.0,68.4,38336.66
snake_plant,67.57,33.0,68.4,38336.66
cactus,74.26,33.0,68.4,38336.66
money_plant,26.84,33.1,67.4,25526.67
snake_plant,67.73,33.1,67.4,25526.67
cactus,74.26,33.1,67.4,25526.67
money_plant,26.9,33.1,68.0,4256.67
snake_plant,67.73,33.1,68.0,4256.67
cactus,74.26,33.1,68.0,4256.67
money_plant,26.99,33.2,68.1,2082.5
snake_plant,67.76,33.2,68.1,2082.5
cactus,74.17,33.2,68.1,2082.5
money_plant,26.93,33.7,66.6,2115.0
snake_plant,67.54,33.7,66.6,2115.0
cactus,74.39,33.7,66.6,2115.0
money_plant,26.99,34.0,65.5,12826.67
snake_plant,67.73,34.0,65.5,12826.67
cactus,74.45,34.0,65.5,12826.67
money_plant,27.02,33.5,66.7,36630.83
snake_plant,67.73,33.5,66.7,36630.83
cactus,73.78,33.5,66.7,36630.83
money_plant,27.08,33.6,66.8,40052.5
snake_plant,67.61,33.6,66.8,40052.5
cactus,74.54,33.6,66.8,40052.5
money_plant,26.9,34.0,65.8,40800.83
snake_plant,67.73,34.0,65.8,40800.83
cactus,74.29,34.0,65.8,40800.83
money_plant,27.26,34.6,64.5,42259.16
snake_plant,68.48,34.6,64.5,42259.16
cactus,74.78,34.6,64.5,42259.16
money_plant,26.96,34.3,64.1,42520.83
snake_plant,66.13,34.3,64.1,42520.83
cactus,75.39,34.3,64.1,42520.83
money_plant,27.14,33.7,65.8,38398.33
snake_plant,68.48,33.7,65.8,38398.33
cactus,75.17,33.7,65.8,38398.33
money_plant,26.99,33.8,65.8,37832.5
snake_plant,68.23,33.8,65.8,37832.5
cactus,75.17,33.8,65.8,37832.5
money_plant,27.32,33.8,65.8,37224.16
snake_plant,68.92,33.8,65.8,37224.16
cactus,75.24,33.8,65.8,37224.16
money_plant,27.08,33.8,66.2,43255.83
snake_plant,68.58,33.8,66.2,43255.83
cactus,75.2,33.8,66.2,43255.83
money_plant,27.41,34.1,65.2,34467.5
snake_plant,68.48,34.1,65.2,34467.5
cactus,76.3,34.1,65.2,34467.5
money_plant,27.2,34.4,63.4,22251.67
snake_plant,68.58,34.4,63.4,22251.67
cactus,75.24,34.4,63.4,22251.67
money_plant,27.14,34.5,63.1,21348.33
snake_plant,68.98,34.5,63.1,21348.33
cactus,75.51,34.5,63.1,21348.33
money_plant,27.26,34.4,63.4,22375.83
snake_plant,68.64,34.4,63.4,22375.83
cactus,75.24,34.4,63.4,22375.83
money_plant,27.35,34.7,63.9,22441.67
snake_plant,68.79,34.7,63.9,22441.67
cactus,75.2,34.7,63.9,22441.67
money_plant,27.32,35.0,62.2,27030.83
snake_plant,69.05,35.0,62.2,27030.83
cactus,75.27,35.0,62.2,27030.83
money_plant,27.56,34.8,62.3,20805.83
snake_plant,68.89,34.8,62.3,20805.83
cactus,75.3,34.8,62.3,20805.83
money_plant,27.56,35.1,62.3,13065.0
snake_plant,68.73,35.1,62.3,13065.0
cactus,75.45,35.1,62.3,13065.0
money_plant,27.41,35.4,61.5,8940.0
snake_plant,69.17,35.4,61.5,8940.0
cactus,75.45,35.4,61.5,8940.0
money_plant,27.38,35.4,61.3,8554.17
snake_plant,69.05,35.4,61.3,8554.17
cactus,75.54,35.4,61.3,8554.17
money_plant,27.32,35.5,59.3,8515.83
snake_plant,68.86,35.5,59.3,8515.83
cactus,75.42,35.5,59.3,8515.83
money_plant,27.73,35.5,61.4,18119.17
snake_plant,69.14,35.5,61.4,18119.17
cactus,75.6,35.5,61.4,18119.17
money_plant,27.44,35.5,61.4,10335.0
snake_plant,69.05,35.5,61.4,10335.0
cactus,75.72,35.5,61.4,10335.0
money_plant,27.44,35.6,61.5,17130.0
snake_plant,69.33,35.6,61.5,17130.0
cactus,75.81,35.6,61.5,17130.0
money_plant,27.67,35.6,61.2,19007.5
snake_plant,68.98,35.6,61.2,19007.5
cactus,75.72,35.6,61.2,19007.5
money_plant,27.5,35.6,60.8,9140.83
snake_plant,68.92,35.6,60.8,9140.83
cactus,75.84,35.6,60.8,9140.83
money_plant,27.44,35.2,60.7,3289.17
snake_plant,69.17,35.2,60.7,3289.17
cactus,75.75,35.2,60.7,3289.17
money_plant,27.44,35.2,61.2,1658.33
snake_plant,69.42,35.2,61.2,1658.33
cactus,75.57,35.2,61.2,1658.33
money_plant,27.56,35.3,61.2,1566.67
snake_plant,69.58,35.3,61.2,1566.67
cactus,75.72,35.3,61.2,1566.67
money_plant,27.61,35.1,61.4,1488.33
snake_plant,69.23,35.1,61.4,1488.33
cactus,75.66,35.1,61.4,1488.33
money_plant,27.5,35.1,61.3,1349.17
snake_plant,69.51,35.1,61.3,1349.17
cactus,75.87,35.1,61.3,1349.17
money_plant,27.56,35.1,61.5,1308.33
snake_plant,69.39,35.1,61.5,1308.33
cactus,75.9,35.1,61.5,1308.33
money_plant,27.35,35.0,62.0,1265.83
snake_plant,69.58,35.0,62.0,1265.83
cactus,75.84,35.0,62.0,1265.83
money_plant,27.41,34.3,62.0,1184.17
snake_plant,69.89,34.3,62.0,1184.17
cactus,75.81,34.3,62.0,1184.17
money_plant,27.56,34.0,64.2,1106.67
snake_plant,69.36,34.0,64.2,1106.67
cactus,75.75,34.0,64.2,1106.67
money_plant,27.64,34.1,64.3,1086.67
snake_plant,69.17,34.1,64.3,1086.67
cactus,75.72,34.1,64.3,1086.67
money_plant,27.88,34.2,63.8,1190.83
snake_plant,69.58,34.2,63.8,1190.83
cactus,75.6,34.2,63.8,1190.83
money_plant,27.53,34.1,64.0,851.67
snake_plant,69.58,34.1,64.0,851.67
cactus,75.57,34.1,64.0,851.67
money_plant,27.73,34.0,64.3,700.0
snake_plant,69.3,34.0,64.3,700.0
cactus,75.33,34.0,64.3,700.0
money_plant,27.85,33.9,64.5,816.67
snake_plant,69.42,33.9,64.5,816.67
cactus,75.54,33.9,64.5,816.67
money_plant,27.67,33.9,64.6,842.5
snake_plant,69.42,33.9,64.6,842.5
cactus,75.75,33.9,64.6,842.5
money_plant,27.61,34.0,64.5,834.17
snake_plant,69.42,34.0,64.5,834.17
cactus,75.75,34.0,64.5,834.17
money_plant,27.79,33.9,64.6,794.17
snake_plant,69.36,33.9,64.6,794.17
cactus,76.12,33.9,64.6,794.17
money_plant,27.7,33.7,65.2,766.67
snake_plant,69.36,33.7,65.2,766.67
cactus,76.02,33.7,65.2,766.67
money_plant,27.94,33.7,65.0,732.5
snake_plant,69.42,33.7,65.0,732.5
cactus,75.99,33.7,65.0,732.5
money_plant,27.91,33.6,65.1,733.33
snake_plant,69.67,33.6,65.1,733.33
cactus,75.87,33.6,65.1,733.33
money_plant,31.29,33.6,65.2,730.83
snake_plant,69.36,33.6,65.2,730.83
cactus,75.87,33.6,65.2,730.83
money_plant,27.79,33.5,65.7,766.67
snake_plant,69.67,33.5,65.7,766.67
cactus,75.99,33.5,65.7,766.67
money_plant,27.79,33.5,65.5,830.83
snake_plant,69.3,33.5,65.5,830.83
cactus,75.72,33.5,65.5,830.83
money_plant,28.56,33.5,65.5,883.33
snake_plant,69.36,33.5,65.5,883.33
cactus,75.63,33.5,65.5,883.33
money_plant,27.94,33.6,65.5,983.33
snake_plant,69.48,33.6,65.5,983.33
cactus,75.51,33.6,65.5,983.33
money_plant,27.85,33.6,65.4,1049.17
snake_plant,69.36,33.6,65.4,1049.17
cactus,75.66,33.6,65.4,1049.17
money_plant,27.94,33.6,65.4,960.83
snake_plant,69.23,33.6,65.4,960.83
cactus,75.24,33.6,65.4,960.83
money_plant,28.09,33.6,65.5,1101.67
snake_plant,69.58,33.6,65.5,1101.67
cactus,75.2,33.6,65.5,1101.67
money_plant,28.21,33.5,65.8,1278.33
snake_plant,69.39,33.5,65.8,1278.33
cactus,75.11,33.5,65.8,1278.33
money_plant,27.94,33.5,66.0,1308.33
snake_plant,69.48,33.5,66.0,1308.33
cactus,75.08,33.5,66.0,1308.33
money_plant,28.27,33.5,65.7,1289.17
snake_plant,69.61,33.5,65.7,1289.17
cactus,74.81,33.5,65.7,1289.17
money_plant,28.03,33.7,65.5,1254.17
snake_plant,69.39,33.7,65.5,1254.17
cactus,74.84,33.7,65.5,1254.17
money_plant,28.09,33.7,65.4,1130.83
snake_plant,69.36,33.7,65.4,1130.83
cactus,74.66,33.7,65.4,1130.83
money_plant,27.97,33.7,65.4,1102.5
snake_plant,69.23,33.7,65.4,1102.5
cactus,74.75,33.7,65.4,1102.5
money_plant,27.94,33.6,64.7,743.33
snake_plant,69.26,33.6,64.7,743.33
cactus,74.36,33.6,64.7,743.33
money_plant,27.61,33.0,64.3,713.33
snake_plant,68.89,33.0,64.3,713.33
cactus,74.29,33.0,64.3,713.33
money_plant,27.94,32.5,65.8,758.33
snake_plant,68.86,32.5,65.8,758.33
cactus,74.26,32.5,65.8,758.33
money_plant,28.09,32.5,66.6,715.0
snake_plant,69.36,32.5,66.6,715.0
cactus,73.87,32.5,66.6,715.0
money_plant,27.94,32.5,66.0,839.17
snake_plant,69.14,32.5,66.0,839.17
cactus,74.08,32.5,66.0,839.17
money_plant,28.0,32.4,66.8,870.83
snake_plant,69.05,32.4,66.8,870.83
cactus,73.93,32.4,66.8,870.83
money_plant,28.03,32.5,66.6,821.67
snake_plant,69.14,32.5,66.6,821.67
cactus,73.81,32.5,66.6,821.67
money_plant,27.94,32.6,66.7,820.83
snake_plant,69.36,32.6,66.7,820.83
cactus,73.93,32.6,66.7,820.83
money_plant,27.41,32.7,66.0,862.5
snake_plant,68.86,32.7,66.0,862.5
cactus,73.63,32.7,66.0,862.5
money_plant,27.91,32.6,66.5,904.17
snake_plant,69.08,32.6,66.5,904.17
cactus,73.72,32.6,66.5,904.17
money_plant,27.79,32.5,66.5,1085.0
snake_plant,69.17,32.5,66.5,1085.0
cactus,73.57,32.5,66.5,1085.0
money_plant,27.88,32.5,66.7,949.17
snake_plant,68.64,32.5,66.7,949.17
cactus,73.63,32.5,66.7,949.17
money_plant,27.88,32.6,66.8,846.67
snake_plant,68.92,32.6,66.8,846.67
cactus,73.72,32.6,66.8,846.67
money_plant,27.67,32.6,66.6,760.0
snake_plant,68.98,32.6,66.6,760.0
cactus,73.63,32.6,66.6,760.0
money_plant,27.5,32.7,65.8,736.67
snake_plant,69.26,32.7,65.8,736.67
cactus,73.44,32.7,65.8,736.67
money_plant,27.56,32.5,66.0,776.67
snake_plant,68.67,32.5,66.0,776.67
cactus,73.81,32.5,66.0,776.67
money_plant,27.61,32.5,66.0,722.5
snake_plant,68.58,32.5,66.0,722.5
cactus,73.51,32.5,66.0,722.5
money_plant,27.79,32.4,66.3,671.67
snake_plant,69.23,32.4,66.3,671.67
cactus,73.47,32.4,66.3,671.67
money_plant,27.85,32.2,65.7,585.0
snake_plant,68.7,32.2,65.7,585.0
cactus,73.47,32.2,65.7,585.0
money_plant,27.61,32.1,67.2,551.67
snake_plant,69.01,32.1,67.2,551.67
cactus,73.23,32.1,67.2,551.67
money_plant,27.73,32.2,67.4,530.0
snake_plant,69.17,32.2,67.4,530.0
cactus,73.41,32.2,67.4,530.0
money_plant,27.76,32.2,67.2,574.17
snake_plant,68.76,32.2,67.2,574.17
cactus,73.29,32.2,67.2,574.17
money_plant,27.76,32.2,67.4,621.67
snake_plant,69.11,32.2,67.4,621.67
cactus,73.14,32.2,67.4,621.67
money_plant,27.53,32.3,67.5,657.5
snake_plant,69.08,32.3,67.5,657.5
cactus,73.11,32.3,67.5,657.5
money_plant,27.38,32.3,67.2,713.33
snake_plant,68.7,32.3,67.2,713.33
cactus,73.02,32.3,67.2,713.33
money_plant,27.64,32.3,67.3,816.67
snake_plant,69.17,32.3,67.3,816.67
cactus,73.2,32.3,67.3,816.67
money_plant,27.64,32.2,67.5,776.67
snake_plant,68.89,32.2,67.5,776.67
cactus,72.81,32.2,67.5,776.67
money_plant,27.44,32.2,66.4,689.17
snake_plant,68.67,32.2,66.4,689.17
cactus,72.72,32.2,66.4,689.17
money_plant,27.61,32.1,67.3,711.67
snake_plant,70.08,32.1,67.3,711.67
cactus,72.78,32.1,67.3,711.67
money_plant,27.47,32.1,67.3,658.33
snake_plant,68.95,32.1,67.3,658.33
cactus,72.47,32.1,67.3,658.33
money_plant,27.82,32.1,67.2,830.0
snake_plant,68.89,32.1,67.2,830.0
cactus,72.41,32.1,67.2,830.0
money_plant,27.5,32.2,67.4,823.33
snake_plant,68.67,32.2,67.4,823.33
cactus,72.32,32.2,67.4,823.33
money_plant,27.47,32.3,66.1,692.5
snake_plant,68.73,32.3,66.1,692.5
cactus,72.32,32.3,66.1,692.5
money_plant,27.76,32.3,66.4,634.17
snake_plant,68.58,32.3,66.4,634.17
cactus,72.2,32.3,66.4,634.17
money_plant,27.56,32.4,66.1,620.0
snake_plant,68.58,32.4,66.1,620.0
cactus,71.9,32.4,66.1,620.0
money_plant,27.44,32.5,65.9,558.33
snake_plant,68.58,32.5,65.9,558.33
cactus,72.02,32.5,65.9,558.33
money_plant,27.53,32.6,65.8,551.67
snake_plant,68.79,32.6,65.8,551.67
cactus,72.14,32.6,65.8,551.67
money_plant,27.61,32.7,65.4,658.33
snake_plant,68.92,32.7,65.4,658.33
cactus,71.84,32.7,65.4,658.33
money_plant,27.26,32.7,64.6,878.33
snake_plant,68.42,32.7,64.6,878.33
cactus,71.99,32.7,64.6,878.33
money_plant,27.61,32.8,64.3,847.5
snake_plant,68.17,32.8,64.3,847.5
cactus,71.75,32.8,64.3,847.5
money_plant,27.41,32.8,64.9,779.17
snake_plant,68.54,32.8,64.9,779.17
cactus,71.78,32.8,64.9,779.17
money_plant,27.29,32.9,65.0,590.0
snake_plant,68.04,32.9,65.0,590.0
cactus,71.87,32.9,65.0,590.0
money_plant,27.29,32.9,65.2,531.67
snake_plant,67.98,32.9,65.2,531.67
cactus,71.75,32.9,65.2,531.67
money_plant,27.61,33.1,64.7,488.33
snake_plant,68.17,33.1,64.7,488.33
cactus,71.65,33.1,64.7,488.33
money_plant,27.7,33.1,64.7,479.17
snake_plant,68.36,33.1,64.7,479.17
cactus,71.65,33.1,64.7,479.17
money_plant,27.61,33.2,64.6,561.67
snake_plant,68.58,33.2,64.6,561.67
cactus,71.99,33.2,64.6,561.67
money_plant,27.38,33.2,64.3,464.17
snake_plant,68.39,33.2,64.3,464.17
cactus,71.93,33.2,64.3,464.17
money_plant,27.56,33.2,64.9,464.17
snake_plant,68.45,33.2,64.9,464.17
cactus,71.84,33.2,64.9,464.17
money_plant,27.02,33.1,64.9,540.0
snake_plant,68.29,33.1,64.9,540.0
cactus,71.99,33.1,64.9,540.0
money_plant,27.61,33.2,64.9,525.0
snake_plant,68.39,33.2,64.9,525.0
cactus,71.87,33.2,64.9,525.0
money_plant,27.38,33.0,64.4,508.33
snake_plant,68.45,33.0,64.4,508.33
cactus,71.87,33.0,64.4,508.33
money_plant,26.99,33.0,64.9,564.17
snake_plant,68.42,33.0,64.9,564.17
cactus,72.02,33.0,64.9,564.17
money_plant,27.38,33.0,65.1,560.0
snake_plant,68.36,33.0,65.1,560.0
cactus,71.78,33.0,65.1,560.0
money_plant,27.32,33.0,64.8,581.67
snake_plant,68.48,33.0,64.8,581.67
cactus,71.87,33.0,64.8,581.67
money_plant,27.47,32.9,64.6,588.33
snake_plant,68.11,32.9,64.6,588.33
cactus,71.9,32.9,64.6,588.33
money_plant,27.2,32.9,64.9,577.5
snake_plant,68.17,32.9,64.9,577.5
cactus,71.9,32.9,64.9,577.5
money_plant,27.32,32.9,65.2,650.0
snake_plant,68.11,32.9,65.2,650.0
cactus,71.9,32.9,65.2,650.0
money_plant,27.14,32.9,65.2,677.5
snake_plant,68.17,32.9,65.2,677.5
cactus,71.75,32.9,65.2,677.5
money_plant,26.99,32.9,65.3,670.0
snake_plant,68.17,32.9,65.3,670.0
cactus,71.81,32.9,65.3,670.0
money_plant,27.17,33.0,65.3,804.17
snake_plant,67.73,33.0,65.3,804.17
cactus,71.75,33.0,65.3,804.17
money_plant,26.99,33.1,65.1,898.33
snake_plant,68.79,33.1,65.1,898.33
cactus,71.75,33.1,65.1,898.33
money_plant,27.05,33.1,64.8,884.17
snake_plant,68.42,33.1,64.8,884.17
cactus,71.93,33.1,64.8,884.17
money_plant,26.99,33.2,64.9,720.83
snake_plant,68.17,33.2,64.9,720.83
cactus,71.87,33.2,64.9,720.83
money_plant,26.73,33.3,64.7,602.5
snake_plant,68.11,33.3,64.7,602.5
cactus,71.9,33.3,64.7,602.5
money_plant,26.99,33.3,64.7,597.5
snake_plant,68.11,33.3,64.7,597.5
cactus,72.02,33.3,64.7,597.5
money_plant,27.08,33.3,65.0,510.83
snake_plant,68.26,33.3,65.0,510.83
cactus,72.29,33.3,65.0,510.83
money_plant,27.38,33.2,65.0,538.33
snake_plant,68.08,33.2,65.0,538.33
cactus,71.87,33.2,65.0,538.33
money_plant,27.23,33.1,65.2,630.83
snake_plant,68.14,33.1,65.2,630.83
cactus,72.29,33.1,65.2,630.83
money_plant,26.99,33.2,65.2,675.0
snake_plant,68.48,33.2,65.2,675.0
cactus,72.02,33.2,65.2,675.0
money_plant,27.02,33.1,65.6,676.67
snake_plant,68.04,33.1,65.6,676.67
cactus,72.02,33.1,65.6,676.67
money_plant,26.9,33.0,65.6,627.5
snake_plant,69.39,33.0,65.6,627.5
cactus,71.84,33.0,65.6,627.5
money_plant,27.14,33.1,65.8,585.0
snake_plant,67.86,33.1,65.8,585.0
cactus,71.9,33.1,65.8,585.0
money_plant,27.17,33.0,66.0,596.67
snake_plant,68.17,33.0,66.0,596.67
cactus,71.84,33.0,66.0,596.67
money_plant,26.96,33.0,66.1,619.17
snake_plant,68.11,33.0,66.1,619.17
cactus,71.78,33.0,66.1,619.17
money_plant,26.99,32.8,66.4,553.33
snake_plant,68.64,32.8,66.4,553.33
cactus,71.65,32.8,66.4,553.33
money_plant,26.55,32.8,66.8,560.0
snake_plant,67.98,32.8,66.8,560.0
cactus,71.5,32.8,66.8,560.0
money_plant,27.08,32.8,66.5,545.0
snake_plant,68.08,32.8,66.5,545.0
cactus,71.65,32.8,66.5,545.0
money_plant,26.96,32.7,66.0,521.67
snake_plant,67.64,32.7,66.0,521.67
cactus,71.68,32.7,66.0,521.67
money_plant,27.08,32.7,66.4,544.17
snake_plant,67.89,32.7,66.4,544.17
cactus,71.44,32.7,66.4,544.17
money_plant,27.14,32.7,66.4,537.5
snake_plant,68.08,32.7,66.4,537.5
cactus,71.53,32.7,66.4,537.5
money_plant,27.11,32.7,66.4,555.83
snake_plant,67.61,32.7,66.4,555.83
cactus,71.5,32.7,66.4,555.83
money_plant,27.05,32.8,66.4,583.33
snake_plant,68.54,32.8,66.4,583.33
cactus,71.38,32.8,66.4,583.33
money_plant,26.99,32.8,66.7,629.17
snake_plant,68.14,32.8,66.7,629.17
cactus,71.5,32.8,66.7,629.17
money_plant,26.99,32.8,66.2,675.83
snake_plant,69.17,32.8,66.2,675.83
cactus,71.35,32.8,66.2,675.83
money_plant,27.08,32.7,65.9,545.0
snake_plant,68.08,32.7,65.9,545.0
cactus,71.32,32.7,65.9,545.0
money_plant,26.99,32.7,65.9,521.67
snake_plant,67.73,32.7,65.9,521.67
cactus,71.26,32.7,65.9,521.67
money_plant,27.08,32.7,66.0,514.17
snake_plant,67.98,32.7,66.0,514.17
cactus,71.23,32.7,66.0,514.17
money_plant,26.84,32.7,66.2,570.83
snake_plant,67.67,32.7,66.2,570.83
cactus,71.26,32.7,66.2,570.83
money_plant,26.99,32.7,66.4,719.17
snake_plant,67.54,32.7,66.4,719.17
cactus,71.29,32.7,66.4,719.17
money_plant,27.29,32.7,66.4,779.17
snake_plant,67.86,32.7,66.4,779.17
cactus,71.08,32.7,66.4,779.17
money_plant,27.17,32.7,66.4,630.0
snake_plant,67.89,32.7,66.4,630.0
cactus,71.23,32.7,66.4,630.0
money_plant,27.44,32.7,66.4,589.17
snake_plant,68.08,32.7,66.4,589.17
cactus,70.96,32.7,66.4,589.17
money_plant,27.17,32.6,66.3,530.83
snake_plant,67.57,32.6,66.3,530.83
cactus,70.74,32.6,66.3,530.83
money_plant,27.14,32.6,66.1,542.5
snake_plant,67.79,32.6,66.1,542.5
cactus,71.35,32.6,66.1,542.5
money_plant,27.2,32.7,65.4,615.83
snake_plant,67.57,32.7,65.4,615.83
cactus,70.99,32.7,65.4,615.83
money_plant,26.96,32.8,65.8,690.83
snake_plant,67.42,32.8,65.8,690.83
cactus,70.8,32.8,65.8,690.83
money_plant,27.05,32.9,66.1,790.83
snake_plant,67.7,32.9,66.1,790.83
cactus,71.08,32.9,66.1,790.83
money_plant,28.62,33.0,66.0,817.5
snake_plant,67.57,33.0,66.0,817.5
cactus,71.05,33.0,66.0,817.5
money_plant,27.26,33.1,65.8,644.17
snake_plant,68.17,33.1,65.8,644.17
cactus,71.23,33.1,65.8,644.17
money_plant,26.99,33.0,65.6,594.17
snake_plant,68.79,33.0,65.6,594.17
cactus,71.05,33.0,65.6,594.17
money_plant,26.79,32.9,65.0,679.17
snake_plant,67.57,32.9,65.0,679.17
cactus,71.08,32.9,65.0,679.17
money_plant,26.81,32.8,64.5,730.83
snake_plant,67.39,32.8,64.5,730.83
cactus,71.35,32.8,64.5,730.83
money_plant,26.79,33.0,65.0,769.17
snake_plant,67.57,33.0,65.0,769.17
cactus,71.02,33.0,65.0,769.17
money_plant,26.79,33.0,64.8,754.17
snake_plant,67.42,33.0,64.8,754.17
cactus,71.2,33.0,64.8,754.17
money_plant,26.84,33.0,64.9,682.5
snake_plant,67.57,33.0,64.9,682.5
cactus,70.99,33.0,64.9,682.5
money_plant,26.81,33.0,64.1,530.0
snake_plant,67.67,33.0,64.1,530.0
cactus,71.23,33.0,64.1,530.0
money_plant,26.99,33.0,64.5,665.83
snake_plant,67.61,33.0,64.5,665.83
cactus,71.17,33.0,64.5,665.83
money_plant,27.02,33.0,62.4,769.17
snake_plant,67.39,33.0,62.4,769.17
cactus,71.2,33.0,62.4,769.17
money_plant,26.7,33.0,62.7,690.0
snake_plant,67.36,33.0,62.7,690.0
cactus,71.29,33.0,62.7,690.0
money_plant,27.05,33.2,62.5,647.5
snake_plant,67.57,33.2,62.5,647.5
cactus,71.35,33.2,62.5,647.5
money_plant,26.73,33.3,62.9,602.5
snake_plant,66.54,33.3,62.9,602.5
cactus,71.35,33.3,62.9,602.5
money_plant,26.99,33.3,63.0,611.67
snake_plant,67.36,33.3,63.0,611.67
cactus,71.32,33.3,63.0,611.67
money_plant,26.79,33.4,63.2,668.33
snake_plant,66.79,33.4,63.2,668.33
cactus,71.2,33.4,63.2,668.33
money_plant,26.99,33.5,63.0,730.83
snake_plant,67.42,33.5,63.0,730.83
cactus,71.29,33.5,63.0,730.83
money_plant,26.79,33.6,62.7,735.83
snake_plant,67.48,33.6,62.7,735.83
cactus,71.35,33.6,62.7,735.83
money_plant,26.55,33.6,62.7,735.0
snake_plant,67.23,33.6,62.7,735.0
cactus,71.23,33.6,62.7,735.0
money_plant,26.52,33.7,62.5,694.17
snake_plant,67.36,33.7,62.5,694.17
cactus,71.44,33.7,62.5,694.17
money_plant,26.52,33.8,62.5,655.83
snake_plant,67.04,33.8,62.5,655.83
cactus,71.29,33.8,62.5,655.83
money_plant,26.67,33.8,62.6,628.33
snake_plant,67.23,33.8,62.6,628.33
cactus,71.35,33.8,62.6,628.33
money_plant,27.73,33.8,62.2,650.83
snake_plant,67.39,33.8,62.2,650.83
cactus,71.35,33.8,62.2,650.83
money_plant,26.52,33.8,59.8,641.67
snake_plant,67.1,33.8,59.8,641.67
cactus,71.41,33.8,59.8,641.67
money_plant,26.81,33.9,61.0,511.67
snake_plant,67.04,33.9,61.0,511.67
cactus,71.35,33.9,61.0,511.67
money_plant,26.7,33.9,61.5,385.0
snake_plant,67.07,33.9,61.5,385.0
cactus,71.35,33.9,61.5,385.0
money_plant,26.7,33.9,59.9,419.17
snake_plant,66.89,33.9,59.9,419.17
cactus,71.26,33.9,59.9,419.17
money_plant,26.52,33.8,59.8,395.0
snake_plant,67.04,33.8,59.8,395.0
cactus,71.29,33.8,59.8,395.0
money_plant,26.73,33.8,60.9,385.0
snake_plant,67.01,33.8,60.9,385.0
cactus,71.29,33.8,60.9,385.0
money_plant,26.52,33.8,61.6,500.83
snake_plant,67.23,33.8,61.6,500.83
cactus,71.2,33.8,61.6,500.83
money_plant,27.73,33.8,61.5,469.17
snake_plant,66.98,33.8,61.5,469.17
cactus,71.26,33.8,61.5,469.17
money_plant,26.73,33.7,61.7,465.0
snake_plant,66.57,33.7,61.7,465.0
cactus,71.26,33.7,61.7,465.0
money_plant,26.61,33.7,61.9,370.0
snake_plant,67.26,33.7,61.9,370.0
cactus,71.2,33.7,61.9,370.0
money_plant,27.2,33.7,62.1,405.83
snake_plant,66.6,33.7,62.1,405.83
cactus,71.26,33.7,62.1,405.83
money_plant,26.61,33.6,62.3,433.33
snake_plant,66.73,33.6,62.3,433.33
cactus,71.17,33.6,62.3,433.33
money_plant,26.58,33.5,62.4,451.67
snake_plant,66.85,33.5,62.4,451.67
cactus,71.17,33.5,62.4,451.67
money_plant,26.46,33.5,62.6,472.5
snake_plant,66.6,33.5,62.6,472.5
cactus,71.2,33.5,62.6,472.5
money_plant,26.55,33.4,62.5,475.83
snake_plant,66.57,33.4,62.5,475.83
cactus,71.29,33.4,62.5,475.83
money_plant,26.61,33.4,62.5,541.67
snake_plant,66.38,33.4,62.5,541.67
cactus,71.08,33.4,62.5,541.67
money_plant,26.52,33.4,61.2,459.17
snake_plant,66.73,33.4,61.2,459.17
cactus,70.96,33.4,61.2,459.17
money_plant,26.52,33.3,62.5,483.33
snake_plant,66.35,33.3,62.5,483.33
cactus,70.96,33.3,62.5,483.33
money_plant,26.79,33.3,62.6,450.0
snake_plant,66.73,33.3,62.6,450.0
cactus,70.93,33.3,62.6,450.0
money_plant,26.61,33.3,63.0,473.33
snake_plant,66.57,33.3,63.0,473.33
cactus,70.77,33.3,63.0,473.33
money_plant,26.52,33.3,62.9,551.67
snake_plant,66.38,33.3,62.9,551.67
cactus,70.08,33.3,62.9,551.67
money_plant,28.03,33.4,62.9,465.83
snake_plant,66.57,33.4,62.9,465.83
cactus,70.83,33.4,62.9,465.83
money_plant,26.46,33.3,63.0,410.0
snake_plant,66.23,33.3,63.0,410.0
cactus,70.93,33.3,63.0,410.0
money_plant,26.34,33.3,63.3,349.17
snake_plant,66.51,33.3,63.3,349.17
cactus,70.77,33.3,63.3,349.17
money_plant,24.59,33.2,63.5,286.67
snake_plant,66.57,33.2,63.5,286.67
cactus,70.77,33.2,63.5,286.67
money_plant,26.43,33.3,63.3,355.83
snake_plant,66.26,33.3,63.3,355.83
cactus,70.8,33.3,63.3,355.83
money_plant,26.37,33.3,63.4,447.5
snake_plant,66.38,33.3,63.4,447.5
cactus,70.83,33.3,63.4,447.5
money_plant,26.19,33.4,63.2,467.5
snake_plant,66.38,33.4,63.2,467.5
cactus,70.65,33.4,63.2,467.5
money_plant,26.43,33.5,63.0,478.33
snake_plant,66.57,33.5,63.0,478.33
cactus,70.83,33.5,63.0,478.33
money_plant,26.25,33.6,63.0,485.83
snake_plant,66.38,33.6,63.0,485.83
cactus,70.86,33.6,63.0,485.83
money_plant,26.46,33.7,62.9,497.5
snake_plant,66.38,33.7,62.9,497.5
cactus,70.71,33.7,62.9,497.5
money_plant,26.43,33.8,62.5,515.83
snake_plant,66.54,33.8,62.5,515.83
cactus,70.77,33.8,62.5,515.83
money_plant,25.84,33.9,61.6,543.33
snake_plant,66.17,33.9,61.6,543.33
cactus,71.02,33.9,61.6,543.33
money_plant,26.31,34.0,61.7,538.33
snake_plant,66.1,34.0,61.7,538.33
cactus,70.93,34.0,61.7,538.33
money_plant,26.37,34.1,61.4,456.67
snake_plant,66.51,34.1,61.4,456.67
cactus,71.02,34.1,61.4,456.67
money_plant,26.19,34.1,61.5,436.67
snake_plant,67.67,34.1,61.5,436.67
cactus,70.8,34.1,61.5,436.67
money_plant,26.25,34.1,60.9,438.33
snake_plant,66.51,34.1,60.9,438.33
cactus,70.93,34.1,60.9,438.33
money_plant,26.07,34.2,60.9,436.67
snake_plant,62.79,34.2,60.9,436.67
cactus,71.02,34.2,60.9,436.67
money_plant,26.49,34.1,60.4,300.83
snake_plant,66.23,34.1,60.4,300.83
cactus,70.96,34.1,60.4,300.83
money_plant,26.19,34.0,61.1,295.83
snake_plant,66.1,34.0,61.1,295.83
cactus,71.14,34.0,61.1,295.83
money_plant,26.13,33.9,60.6,321.67
snake_plant,66.23,33.9,60.6,321.67
cactus,71.17,33.9,60.6,321.67
money_plant,26.1,33.8,61.2,348.33
snake_plant,66.04,33.8,61.2,348.33
cactus,71.17,33.8,61.2,348.33
money_plant,26.13,33.7,61.5,335.0
snake_plant,65.88,33.7,61.5,335.0
cactus,71.14,33.7,61.5,335.0
money_plant,26.19,33.7,62.0,350.83
snake_plant,65.85,33.7,62.0,350.83
cactus,71.08,33.7,62.0,350.83
money_plant,26.34,33.6,62.3,365.83
snake_plant,68.98,33.6,62.3,365.83
cactus,71.14,33.6,62.3,365.83
money_plant,26.04,33.6,62.5,356.67
snake_plant,66.13,33.6,62.5,356.67
cactus,71.26,33.6,62.5,356.67
money_plant,26.13,33.5,63.8,339.17
snake_plant,66.07,33.5,63.8,339.17
cactus,71.14,33.5,63.8,339.17
money_plant,26.04,33.5,63.6,356.67
snake_plant,65.67,33.5,63.6,356.67
cactus,71.05,33.5,63.6,356.67
money_plant,26.04,33.4,63.6,388.33
snake_plant,66.04,33.4,63.6,388.33
cactus,70.9,33.4,63.6,388.33
money_plant,26.31,33.4,64.3,412.5
snake_plant,66.17,33.4,64.3,412.5
cactus,70.8,33.4,64.3,412.5
money_plant,26.22,33.3,64.1,408.33
snake_plant,65.85,33.3,64.1,408.33
cactus,70.9,33.3,64.1,408.33
money_plant,26.28,33.3,64.3,356.67
snake_plant,65.92,33.3,64.3,356.67
cactus,70.9,33.3,64.3,356.67
money_plant,26.4,33.3,64.2,305.83
snake_plant,65.79,33.3,64.2,305.83
cactus,70.93,33.3,64.2,305.83
money_plant,26.07,33.3,64.5,303.33
snake_plant,66.2,33.3,64.5,303.33
cactus,70.99,33.3,64.5,303.33
money_plant,26.22,33.3,64.5,301.67
snake_plant,66.04,33.3,64.5,301.67
cactus,70.9,33.3,64.5,301.67
money_plant,26.04,33.2,64.8,310.83
snake_plant,65.67,33.2,64.8,310.83
cactus,71.02,33.2,64.8,310.83
money_plant,26.04,33.3,64.8,308.33
snake_plant,66.01,33.3,64.8,308.33
cactus,69.35,33.3,64.8,308.33
money_plant,26.13,33.3,64.8,302.5
snake_plant,65.88,33.3,64.8,302.5
cactus,70.9,33.3,64.8,302.5
money_plant,26.07,33.3,64.8,335.0
snake_plant,65.48,33.3,64.8,335.0
cactus,70.86,33.3,64.8,335.0
money_plant,26.04,33.4,64.6,453.33
snake_plant,65.73,33.4,64.6,453.33
cactus,71.44,33.4,64.6,453.33
money_plant,26.07,33.5,64.5,481.67
snake_plant,65.92,33.5,64.5,481.67
cactus,70.8,33.5,64.5,481.67
money_plant,26.1,33.6,64.3,490.0
snake_plant,65.85,33.6,64.3,490.0
cactus,70.74,33.6,64.3,490.0
money_plant,26.25,33.7,64.0,497.5
snake_plant,68.89,33.7,64.0,497.5
cactus,70.8,33.7,64.0,497.5
money_plant,25.72,33.8,63.9,521.67
snake_plant,65.98,33.8,63.9,521.67
cactus,71.08,33.8,63.9,521.67
money_plant,26.13,33.9,63.8,466.67
snake_plant,65.98,33.9,63.8,466.67
cactus,70.9,33.9,63.8,466.67
money_plant,26.1,33.9,63.8,497.5
snake_plant,65.67,33.9,63.8,497.5
cactus,70.93,33.9,63.8,497.5
money_plant,26.04,34.0,63.3,616.67
snake_plant,65.6,34.0,63.3,616.67
cactus,70.9,34.0,63.3,616.67
money_plant,26.04,34.1,63.2,621.67
snake_plant,65.73,34.1,63.2,621.67
cactus,70.8,34.1,63.2,621.67
money_plant,27.85,34.1,63.3,647.5
snake_plant,65.85,34.1,63.3,647.5
cactus,70.9,34.1,63.3,647.5
money_plant,26.25,34.0,63.3,567.5
snake_plant,66.13,34.0,63.3,567.5
cactus,70.83,34.0,63.3,567.5
money_plant,25.9,34.0,63.3,457.5
snake_plant,65.79,34.0,63.3,457.5
cactus,70.77,34.0,63.3,457.5
money_plant,26.04,34.0,63.5,436.67
snake_plant,65.73,34.0,63.5,436.67
cactus,70.77,34.0,63.5,436.67
money_plant,25.01,34.1,63.6,438.33
snake_plant,65.51,34.1,63.6,438.33
cactus,71.02,34.1,63.6,438.33
money_plant,26.07,34.1,63.7,450.0
snake_plant,65.76,34.1,63.7,450.0
cactus,71.56,34.1,63.7,450.0
money_plant,26.04,34.3,63.6,436.67
snake_plant,65.73,34.3,63.6,436.67
cactus,71.47,34.3,63.6,436.67
money_plant,26.04,34.3,63.7,411.67
snake_plant,65.35,34.3,63.7,411.67
cactus,71.65,34.3,63.7,411.67
money_plant,26.19,34.4,63.5,405.83
snake_plant,67.76,34.4,63.5,405.83
cactus,71.35,34.4,63.5,405.83
money_plant,25.84,34.4,63.5,404.17
snake_plant,65.57,34.4,63.5,404.17
cactus,71.32,34.4,63.5,404.17
money_plant,26.1,34.4,63.5,408.33
snake_plant,65.57,34.4,63.5,408.33
cactus,71.14,34.4,63.5,408.33
money_plant,26.34,34.4,63.4,412.5
snake_plant,65.57,34.4,63.4,412.5
cactus,71.02,34.4,63.4,412.5
money_plant,26.13,34.3,63.1,465.0
snake_plant,65.57,34.3,63.1,465.0
cactus,70.96,34.3,63.1,465.0
money_plant,26.07,34.3,63.3,517.5
snake_plant,65.63,34.3,63.3,517.5
cactus,71.05,34.3,63.3,517.5
money_plant,26.22,34.4,63.3,555.0
snake_plant,65.57,34.4,63.3,555.0
cactus,70.93,34.4,63.3,555.0
money_plant,25.48,34.4,63.2,571.67
snake_plant,65.41,34.4,63.2,571.67
cactus,70.9,34.4,63.2,571.67
money_plant,26.04,34.4,63.2,558.33
snake_plant,65.48,34.4,63.2,558.33
cactus,70.9,34.4,63.2,558.33
money_plant,26.13,34.4,63.0,494.17
snake_plant,65.57,34.4,63.0,494.17
cactus,70.93,34.4,63.0,494.17
money_plant,26.01,34.4,63.3,500.83
snake_plant,65.51,34.4,63.3,500.83
cactus,71.08,34.4,63.3,500.83
money_plant,24.47,34.5,62.7,513.33
snake_plant,65.48,34.5,62.7,513.33
cactus,71.2,34.5,62.7,513.33
money_plant,26.07,34.5,62.7,511.67
snake_plant,65.48,34.5,62.7,511.67
cactus,71.08,34.5,62.7,511.67
money_plant,25.99,34.5,62.0,503.33
snake_plant,65.2,34.5,62.0,503.33
cactus,71.35,34.5,62.0,503.33
money_plant,25.93,34.6,62.1,520.0
snake_plant,65.26,34.6,62.1,520.0
cactus,71.29,34.6,62.1,520.0
money_plant,26.13,34.7,61.8,560.83
snake_plant,65.23,34.7,61.8,560.83
cactus,71.23,34.7,61.8,560.83
money_plant,25.9,34.7,62.2,501.67
snake_plant,65.1,34.7,62.2,501.67
cactus,71.14,34.7,62.2,501.67
money_plant,26.01,34.6,62.3,466.67
snake_plant,65.48,34.6,62.3,466.67
cactus,71.2,34.6,62.3,466.67
money_plant,26.07,34.6,62.0,442.5
snake_plant,65.48,34.6,62.0,442.5
cactus,70.29,34.6,62.0,442.5
money_plant,25.96,34.6,62.3,411.67
snake_plant,65.54,34.6,62.3,411.67
cactus,71.14,34.6,62.3,411.67
money_plant,25.9,34.6,62.1,380.0
snake_plant,65.51,34.6,62.1,380.0
cactus,71.2,34.6,62.1,380.0
money_plant,26.01,34.7,61.9,390.0
snake_plant,65.1,34.7,61.9,390.0
cactus,70.96,34.7,61.9,390.0
money_plant,26.07,34.7,62.1,401.67
snake_plant,65.35,34.7,62.1,401.67
cactus,70.99,34.7,62.1,401.67
money_plant,26.01,34.7,62.0,420.0
snake_plant,64.88,34.7,62.0,420.0
cactus,71.02,34.7,62.0,420.0
money_plant,25.96,34.6,62.0,453.33
snake_plant,65.04,34.6,62.0,453.33
cactus,71.17,34.6,62.0,453.33
money_plant,26.04,34.6,61.9,488.33
snake_plant,65.41,34.6,61.9,488.33
cactus,70.83,34.6,61.9,488.33
money_plant,26.01,34.5,60.7,478.33
snake_plant,65.29,34.5,60.7,478.33
cactus,70.77,34.5,60.7,478.33
money_plant,24.65,34.6,61.5,453.33
snake_plant,64.95,34.6,61.5,453.33
cactus,70.96,34.6,61.5,453.33
money_plant,25.96,34.6,61.7,483.33
snake_plant,65.16,34.6,61.7,483.33
cactus,70.83,34.6,61.7,483.33
money_plant,25.78,34.6,61.5,515.0
snake_plant,65.2,34.6,61.5,515.0
cactus,70.99,34.6,61.5,515.0
money_plant,25.78,34.6,61.3,557.5
snake_plant,65.26,34.6,61.3,557.5
cactus,70.9,34.6,61.3,557.5
money_plant,25.99,34.7,61.3,555.83
snake_plant,68.58,34.7,61.3,555.83
cactus,70.71,34.7,61.3,555.83
money_plant,25.96,34.7,61.0,552.5
snake_plant,65.01,34.7,61.0,552.5
cactus,70.96,34.7,61.0,552.5
money_plant,26.04,34.7,60.1,540.0
snake_plant,64.98,34.7,60.1,540.0
cactus,70.99,34.7,60.1,540.0
money_plant,25.78,34.7,58.3,550.83
snake_plant,64.73,34.7,58.3,550.83
cactus,70.8,34.7,58.3,550.83
money_plant,26.04,34.8,59.6,515.0
snake_plant,64.88,34.8,59.6,515.0
cactus,71.78,34.8,59.6,515.0
